Reporter,region,Year,ProductCode,Product Description,usd,tons,usd_kg
United Arab Emirates,Middle East,2023,121410,Lucerne (alfalfa) meal and pellets,178416.84,515651.0,0.346
United States,North America,2023,121410,Lucerne (alfalfa) meal and pellets,37171.18,86706.0,0.4287
Japan,East Asia,2023,121410,Lucerne (alfalfa) meal and pellets,25614.25,57181.0,0.448
Qatar,Middle East,2023,121410,Lucerne (alfalfa) meal and pellets,22779.79,55834.5,0.408
Kuwait,Middle East,2023,121410,Lucerne (alfalfa) meal and pellets,19757.22,24368.3,0.8108
Germany,Western Europe,2023,121410,Lucerne (alfalfa) meal and pellets,18126.75,53935.2,0.3361
Belgium,Western Europe,2023,121410,Lucerne (alfalfa) meal and pellets,14372.93,44722.4,0.3214
Oman,Middle East,2023,121410,Lucerne (alfalfa) meal and pellets,13833.87,33907.5,0.408
Saudi Arabia,Middle East,2023,121410,Lucerne (alfalfa) meal and pellets,13750.17,35568.0,0.3866
Jordan,Middle East,2023,121410,Lucerne (alfalfa) meal and pellets,13138.67,32203.6,0.408
Other Asia,Other Asia,2023,121410,Lucerne (alfalfa) meal and pellets,12109.99,25003.8,0.4843
Greece,Western Europe,2023,121410,Lucerne (alfalfa) meal and pellets,9432.51,32044.4,0.2944
Netherlands,Western Europe,2023,121410,Lucerne (alfalfa) meal and pellets,9149.56,27.403234196475662,333.8861
Lesotho,Sub-Saharan Africa,2023,121410,Lucerne (alfalfa) meal and pellets,8739.28,20149.6,0.4337
South Korea,East Asia,2023,121410,Lucerne (alfalfa) meal and pellets,8422.46,22637.0,0.3721
United Kingdom,Western Europe,2023,121410,Lucerne (alfalfa) meal and pellets,8391.59,21701.8,0.3867
Portugal,Western Europe,2023,121410,Lucerne (alfalfa) meal and pellets,7289.51,25720.5,0.2834
France,Western Europe,2023,121410,Lucerne (alfalfa) meal and pellets,6604.24,21752.8,0.3036
China,East Asia,2023,121410,Lucerne (alfalfa) meal and pellets,4733.87,15123.5,0.313
Tunisia,North Africa,2023,121410,Lucerne (alfalfa) meal and pellets,4096.79,14077.2,0.291
Austria,Western Europe,2023,121410,Lucerne (alfalfa) meal and pellets,4026.09,12527.6,0.3214
Norway,Western Europe,2023,121410,Lucerne (alfalfa) meal and pellets,3992.33,10919.6,0.3656
Switzerland,Western Europe,2023,121410,Lucerne (alfalfa) meal and pellets,3810.99,9370.02,0.4067
Morocco,North Africa,2023,121410,Lucerne (alfalfa) meal and pellets,3495.35,13174.6,0.2653
Sweden,Western Europe,2023,121410,Lucerne (alfalfa) meal and pellets,2992.13,6631.42,0.4512
Denmark,Western Europe,2023,121410,Lucerne (alfalfa) meal and pellets,2103.72,4746.06,0.4433
Botswana,Sub-Saharan Africa,2023,121410,Lucerne (alfalfa) meal and pellets,2038.95,9881.63,0.2063
Cyprus,Western Europe,2023,121410,Lucerne (alfalfa) meal and pellets,1813.21,5127.768,0.3536
Colombia,South America,2023,121410,Lucerne (alfalfa) meal and pellets,1677.32,3816.63,0.4395
Malta,Western Europe,2023,121410,Lucerne (alfalfa) meal and pellets,1646.89,4253.95,0.3871
Bahrain,Middle East,2023,121410,Lucerne (alfalfa) meal and pellets,1609.34,3944.58,0.408
European Union,Western Europe,2023,121410,Lucerne (alfalfa) meal and pellets,1584.99,5249.58,0.3019
Chile,South America,2023,121410,Lucerne (alfalfa) meal and pellets,1346.43,6159.87,0.2186
Croatia,Eastern Europe,2023,121410,Lucerne (alfalfa) meal and pellets,1129.72,3571.58,0.3163
Panama,Central America and Caribbean,2023,121410,Lucerne (alfalfa) meal and pellets,1101.92,2377.04,0.4636
Thailand,Southeast Asia,2023,121410,Lucerne (alfalfa) meal and pellets,1087.04,1839.02,0.5911
Israel,Middle East,2023,121410,Lucerne (alfalfa) meal and pellets,1063.07,2605.63,0.408
Malaysia,Southeast Asia,2023,121410,Lucerne (alfalfa) meal and pellets,907.29,1738.1,0.522
Dominican Republic,Central America and Caribbean,2023,121410,Lucerne (alfalfa) meal and pellets,884.78,1648.72,0.5366
Italy,Western Europe,2023,121410,Lucerne (alfalfa) meal and pellets,839.94,1903.04,0.4414
Hungary,Eastern Europe,2023,121410,Lucerne (alfalfa) meal and pellets,838.4,3486.43,0.2405
New Zealand,Oceania,2023,121410,Lucerne (alfalfa) meal and pellets,776.28,790.875,0.9815
Slovenia,Eastern Europe,2023,121410,Lucerne (alfalfa) meal and pellets,702.43,1928.21,0.3643
Brazil,South America,2023,121410,Lucerne (alfalfa) meal and pellets,685.02,2334.79,0.2934
South Africa,Sub-Saharan Africa,2023,121410,Lucerne (alfalfa) meal and pellets,488.32,3800.77,0.1285
Slovakia,Eastern Europe,2023,121410,Lucerne (alfalfa) meal and pellets,472.06,1084.23,0.4354
Poland,Eastern Europe,2023,121410,Lucerne (alfalfa) meal and pellets,471.92,1696.35,0.2782
Spain,Western Europe,2023,121410,Lucerne (alfalfa) meal and pellets,446.01,2147.133,0.2077
Romania,Eastern Europe,2023,121410,Lucerne (alfalfa) meal and pellets,435.67,1527.04,0.2853
Uruguay,South America,2023,121410,Lucerne (alfalfa) meal and pellets,364.67,1310.8,0.2782
Czech Republic,Eastern Europe,2023,121410,Lucerne (alfalfa) meal and pellets,328.1,2550.77,0.1286
Serbia,Eastern Europe,2023,121410,Lucerne (alfalfa) meal and pellets,311.72,823.918,0.3783
Namibia,Sub-Saharan Africa,2023,121410,Lucerne (alfalfa) meal and pellets,293.55,535.448,0.5482
Uzbekistan,Central Asia,2023,121410,Lucerne (alfalfa) meal and pellets,270.37,973.0,0.2779
Canada,North America,2023,121410,Lucerne (alfalfa) meal and pellets,260.53,279.266,0.9329
Jamaica,Central America and Caribbean,2023,121410,Lucerne (alfalfa) meal and pellets,236.15,396.244,0.596
Philippines,Southeast Asia,2023,121410,Lucerne (alfalfa) meal and pellets,230.1,593.654,0.3876
Singapore,Southeast Asia,2023,121410,Lucerne (alfalfa) meal and pellets,221.38,273.84,0.8084
Bosnia and Herzegovina,Eastern Europe,2023,121410,Lucerne (alfalfa) meal and pellets,209.57,664.29,0.3155
Guatemala,Central America and Caribbean,2023,121410,Lucerne (alfalfa) meal and pellets,178.48,301.559,0.5919
Ireland,Western Europe,2023,121410,Lucerne (alfalfa) meal and pellets,173.54,371.299,0.4674
Hong Kong (China),East Asia,2023,121410,Lucerne (alfalfa) meal and pellets,170.32,233.0,0.731
Iceland,Western Europe,2023,121410,Lucerne (alfalfa) meal and pellets,162.55,227.31,0.7151
Finland,Western Europe,2023,121410,Lucerne (alfalfa) meal and pellets,157.17,255.412,0.6154
Honduras,Central America and Caribbean,2023,121410,Lucerne (alfalfa) meal and pellets,156.73,241.494,0.649
Bermuda,North America,2023,121410,Lucerne (alfalfa) meal and pellets,138.82,74.134,1.8726
Peru,South America,2023,121410,Lucerne (alfalfa) meal and pellets,125.69,285.44,0.4403
Latvia,Eastern Europe,2023,121410,Lucerne (alfalfa) meal and pellets,121.84,337.0,0.3615
Bahamas,Central America and Caribbean,2023,121410,Lucerne (alfalfa) meal and pellets,112.19,29.011,3.8672
Costa Rica,Central America and Caribbean,2023,121410,Lucerne (alfalfa) meal and pellets,98.81,109.903,0.8991
Barbados,Central America and Caribbean,2023,121410,Lucerne (alfalfa) meal and pellets,89.87,101.221,0.8879
Moldova,Eastern Europe,2023,121410,Lucerne (alfalfa) meal and pellets,88.42,368.885,0.2397
Bulgaria,Eastern Europe,2023,121410,Lucerne (alfalfa) meal and pellets,81.89,341.26,0.24
Australia,Oceania,2023,121410,Lucerne (alfalfa) meal and pellets,75.36,6.295,11.9714
Ecuador,South America,2023,121410,Lucerne (alfalfa) meal and pellets,74.52,0.15333742295909172,485.987
Estonia,Eastern Europe,2023,121410,Lucerne (alfalfa) meal and pellets,72.76,160.197,0.4542
St. Vincent and the Grenadines,Central America and Caribbean,2023,121410,Lucerne (alfalfa) meal and pellets,69.61,79.438,0.8763
Seychelles,Sub-Saharan Africa,2023,121410,Lucerne (alfalfa) meal and pellets,56.85,100.91,0.5634
Luxembourg,Western Europe,2023,121410,Lucerne (alfalfa) meal and pellets,54.62,114.646,0.4764
Cape Verde,Sub-Saharan Africa,2023,121410,Lucerne (alfalfa) meal and pellets,53.2,108.93,0.4884
Turkey,Eastern Europe,2023,121410,Lucerne (alfalfa) meal and pellets,35.98,92.297,0.3898
Montenegro,Eastern Europe,2023,121410,Lucerne (alfalfa) meal and pellets,35.49,126.86,0.2798
Aruba,Central America and Caribbean,2023,121410,Lucerne (alfalfa) meal and pellets,32.27,42.381,0.7614
Vietnam,Southeast Asia,2023,121410,Lucerne (alfalfa) meal and pellets,30.09,77.642,0.3875
Zimbabwe,Sub-Saharan Africa,2023,121410,Lucerne (alfalfa) meal and pellets,27.43,63.2,0.434
Senegal,Sub-Saharan Africa,2023,121410,Lucerne (alfalfa) meal and pellets,24.91,53.94,0.4618
Georgia,Eastern Europe,2023,121410,Lucerne (alfalfa) meal and pellets,21.46,55.86,0.3842
Grenada,Central America and Caribbean,2023,121410,Lucerne (alfalfa) meal and pellets,19.79,20.557,0.9627
Laos,Southeast Asia,2023,121410,Lucerne (alfalfa) meal and pellets,19.2,73.5,0.2612
India,Central Asia,2023,121410,Lucerne (alfalfa) meal and pellets,17.98,27.6,0.6514
Kazakhstan,Eastern Europe,2023,121410,Lucerne (alfalfa) meal and pellets,17.1,120.0,0.1425
Sri Lanka,Central Asia,2023,121410,Lucerne (alfalfa) meal and pellets,15.31,24.88,0.6154
Mauritius,Sub-Saharan Africa,2023,121410,Lucerne (alfalfa) meal and pellets,14.36,24.38,0.589
Cayman Islands,North America,2023,121410,Lucerne (alfalfa) meal and pellets,14.25,36.768,0.3876
Brunei,Southeast Asia,2023,121410,Lucerne (alfalfa) meal and pellets,13.89,17.75,0.7825
Paraguay,South America,2023,121410,Lucerne (alfalfa) meal and pellets,12.76,56.7,0.225
Tanzania,Sub-Saharan Africa,2023,121410,Lucerne (alfalfa) meal and pellets,11.06,24.58,0.45
Argentina,South America,2023,121410,Lucerne (alfalfa) meal and pellets,9.21,28.0,0.3289
Cote d'Ivoire,Sub-Saharan Africa,2023,121410,Lucerne (alfalfa) meal and pellets,8.98,9.6,0.9354
Armenia,Eastern Europe,2023,121410,Lucerne (alfalfa) meal and pellets,8.01,20.098,0.3985
Andorra,Western Europe,2023,121410,Lucerne (alfalfa) meal and pellets,6.69,19.59,0.3415
Bolivia,South America,2023,121410,Lucerne (alfalfa) meal and pellets,4.97,12.187,0.4078
Eswatini,Sub-Saharan Africa,2023,121410,Lucerne (alfalfa) meal and pellets,3.36,0.5,6.72
Djibouti,Sub-Saharan Africa,2023,121410,Lucerne (alfalfa) meal and pellets,1.77,0.767,2.3077
Antigua and Barbuda,Central America and Caribbean,2023,121410,Lucerne (alfalfa) meal and pellets,1.33,0.628,2.1178
Mozambique,Sub-Saharan Africa,2023,121410,Lucerne (alfalfa) meal and pellets,1.0,3.53102,0.2832
Palestine,Middle East,2023,121410,Lucerne (alfalfa) meal and pellets,0.67,1.746,0.3837
Ethiopia,Sub-Saharan Africa,2023,121410,Lucerne (alfalfa) meal and pellets,0.26,0.023,11.3043
East Timor,Southeast Asia,2023,121410,Lucerne (alfalfa) meal and pellets,0.2,0.265,0.7547
Fiji,Oceania,2023,121410,Lucerne (alfalfa) meal and pellets,0.19,0.026,7.3077
Indonesia,Southeast Asia,2023,121410,Lucerne (alfalfa) meal and pellets,0.04,0.001,40.0
Montserrat,Central America and Caribbean,2023,121410,Lucerne (alfalfa) meal and pellets,0.03,0.01,3.0
Ghana,Sub-Saharan Africa,2023,121410,Lucerne (alfalfa) meal and pellets,0.02,0.003,6.6667
United Arab Emirates,Middle East,2022,121410,Lucerne (alfalfa) meal and pellets,219785.84,748809.0,0.2935
Saudi Arabia,Middle East,2022,121410,Lucerne (alfalfa) meal and pellets,67625.68,273750.0,0.247
Japan,East Asia,2022,121410,Lucerne (alfalfa) meal and pellets,35718.09,83776.0,0.4264
United States,North America,2022,121410,Lucerne (alfalfa) meal and pellets,27207.9,64267.0,0.4234
Germany,Western Europe,2022,121410,Lucerne (alfalfa) meal and pellets,22878.43,82761.4,0.2764
Qatar,Middle East,2022,121410,Lucerne (alfalfa) meal and pellets,22660.78,51210.9,0.4425
Jordan,Middle East,2022,121410,Lucerne (alfalfa) meal and pellets,18599.8,54268.4,0.3427
United Kingdom,Western Europe,2022,121410,Lucerne (alfalfa) meal and pellets,16371.23,46857.5,0.3494
Belgium,Western Europe,2022,121410,Lucerne (alfalfa) meal and pellets,15651.52,59585.0,0.2627
Other Asia,Other Asia,2022,121410,Lucerne (alfalfa) meal and pellets,13014.65,28632.9,0.4545
Lesotho,Sub-Saharan Africa,2022,121410,Lucerne (alfalfa) meal and pellets,12518.09,22433.9,0.558
Greece,Western Europe,2022,121410,Lucerne (alfalfa) meal and pellets,11856.31,36231.6,0.3272
China,East Asia,2022,121410,Lucerne (alfalfa) meal and pellets,11326.93,37238.9,0.3042
Oman,Middle East,2022,121410,Lucerne (alfalfa) meal and pellets,9635.31,28112.8,0.3427
Netherlands,Western Europe,2022,121410,Lucerne (alfalfa) meal and pellets,9235.64,36771.4,0.2512
South Korea,East Asia,2022,121410,Lucerne (alfalfa) meal and pellets,9145.27,28056.0,0.326
Portugal,Western Europe,2022,121410,Lucerne (alfalfa) meal and pellets,9092.88,42796.5,0.2125
France,Western Europe,2022,121410,Lucerne (alfalfa) meal and pellets,8540.27,36006.418,0.2372
Kuwait,Middle East,2022,121410,Lucerne (alfalfa) meal and pellets,5516.86,16096.5,0.3427
Austria,Western Europe,2022,121410,Lucerne (alfalfa) meal and pellets,5035.24,18317.1,0.2749
Switzerland,Western Europe,2022,121410,Lucerne (alfalfa) meal and pellets,3625.99,11522.1,0.3147
Denmark,Western Europe,2022,121410,Lucerne (alfalfa) meal and pellets,3073.23,8133.63,0.3778
Chile,South America,2022,121410,Lucerne (alfalfa) meal and pellets,2383.65,10593.7,0.225
Norway,Western Europe,2022,121410,Lucerne (alfalfa) meal and pellets,2325.58,5887.42,0.395
Cyprus,Western Europe,2022,121410,Lucerne (alfalfa) meal and pellets,2290.07,6665.94,0.3435
Sweden,Western Europe,2022,121410,Lucerne (alfalfa) meal and pellets,1997.87,3914.13,0.5104
Morocco,North Africa,2022,121410,Lucerne (alfalfa) meal and pellets,1907.9,7326.69,0.2604
Colombia,South America,2022,121410,Lucerne (alfalfa) meal and pellets,1837.57,3918.16,0.469
Tunisia,North Africa,2022,121410,Lucerne (alfalfa) meal and pellets,1479.66,7153.16,0.2069
Dominican Republic,Central America and Caribbean,2022,121410,Lucerne (alfalfa) meal and pellets,1363.04,1945.93,0.7005
Botswana,Sub-Saharan Africa,2022,121410,Lucerne (alfalfa) meal and pellets,1350.48,4281.76,0.3154
Italy,Western Europe,2022,121410,Lucerne (alfalfa) meal and pellets,1328.03,2515.08,0.528
Bahrain,Middle East,2022,121410,Lucerne (alfalfa) meal and pellets,1240.03,2772.67,0.4472
Israel,Middle East,2022,121410,Lucerne (alfalfa) meal and pellets,1171.0,3416.62,0.3427
Malaysia,Southeast Asia,2022,121410,Lucerne (alfalfa) meal and pellets,1078.29,2335.82,0.4616
New Zealand,Oceania,2022,121410,Lucerne (alfalfa) meal and pellets,1072.03,1038.66,1.0321
Panama,Central America and Caribbean,2022,121410,Lucerne (alfalfa) meal and pellets,1045.99,2083.74,0.502
Thailand,Southeast Asia,2022,121410,Lucerne (alfalfa) meal and pellets,1012.17,2026.39,0.4995
Croatia,Eastern Europe,2022,121410,Lucerne (alfalfa) meal and pellets,988.2,3443.83,0.2869
Slovenia,Eastern Europe,2022,121410,Lucerne (alfalfa) meal and pellets,978.0,2922.58,0.3346
European Union,Western Europe,2022,121410,Lucerne (alfalfa) meal and pellets,958.24,2144.273,0.4469
Malta,Western Europe,2022,121410,Lucerne (alfalfa) meal and pellets,824.6,2525.37,0.3265
Spain,Western Europe,2022,121410,Lucerne (alfalfa) meal and pellets,794.31,3466.84,0.2291
Brazil,South America,2022,121410,Lucerne (alfalfa) meal and pellets,775.99,3466.21,0.2239
Philippines,Southeast Asia,2022,121410,Lucerne (alfalfa) meal and pellets,761.75,2222.54,0.3427
Bulgaria,Eastern Europe,2022,121410,Lucerne (alfalfa) meal and pellets,623.09,2874.66,0.2168
Serbia,Eastern Europe,2022,121410,Lucerne (alfalfa) meal and pellets,520.42,1486.88,0.35
Ireland,Western Europe,2022,121410,Lucerne (alfalfa) meal and pellets,505.32,1046.4,0.4829
South Africa,Sub-Saharan Africa,2022,121410,Lucerne (alfalfa) meal and pellets,429.58,3095.96,0.1388
Namibia,Sub-Saharan Africa,2022,121410,Lucerne (alfalfa) meal and pellets,403.48,1520.38,0.2654
Cuba,Central America and Caribbean,2022,121410,Lucerne (alfalfa) meal and pellets,399.24,580.35,0.6879
Slovakia,Eastern Europe,2022,121410,Lucerne (alfalfa) meal and pellets,349.89,995.563,0.3514
Estonia,Eastern Europe,2022,121410,Lucerne (alfalfa) meal and pellets,299.53,836.162,0.3582
Poland,Eastern Europe,2022,121410,Lucerne (alfalfa) meal and pellets,285.38,1034.63,0.2758
Jamaica,Central America and Caribbean,2022,121410,Lucerne (alfalfa) meal and pellets,282.75,493.57,0.5729
Czech Republic,Eastern Europe,2022,121410,Lucerne (alfalfa) meal and pellets,275.98,2698.95,0.1023
Canada,North America,2022,121410,Lucerne (alfalfa) meal and pellets,273.9,291.636,0.9392
Guatemala,Central America and Caribbean,2022,121410,Lucerne (alfalfa) meal and pellets,216.63,411.908,0.5259
Bosnia and Herzegovina,Eastern Europe,2022,121410,Lucerne (alfalfa) meal and pellets,213.56,762.231,0.2802
Hong Kong (China),East Asia,2022,121410,Lucerne (alfalfa) meal and pellets,203.17,320.8,0.6333
Costa Rica,Central America and Caribbean,2022,121410,Lucerne (alfalfa) meal and pellets,178.75,244.204,0.732
Zimbabwe,Sub-Saharan Africa,2022,121410,Lucerne (alfalfa) meal and pellets,154.71,312.535,0.495
Bermuda,North America,2022,121410,Lucerne (alfalfa) meal and pellets,150.74,81.795,1.8429
Singapore,Southeast Asia,2022,121410,Lucerne (alfalfa) meal and pellets,146.32,204.97,0.7139
Finland,Western Europe,2022,121410,Lucerne (alfalfa) meal and pellets,117.38,52.272,2.2456
Cape Verde,Sub-Saharan Africa,2022,121410,Lucerne (alfalfa) meal and pellets,104.74,279.435,0.3748
Uzbekistan,Central Asia,2022,121410,Lucerne (alfalfa) meal and pellets,102.17,348.0,0.2936
Latvia,Eastern Europe,2022,121410,Lucerne (alfalfa) meal and pellets,102.11,263.8,0.3871
Barbados,Central America and Caribbean,2022,121410,Lucerne (alfalfa) meal and pellets,92.74,109.398,0.8477
Romania,Eastern Europe,2022,121410,Lucerne (alfalfa) meal and pellets,85.45,233.26,0.3663
St. Vincent and the Grenadines,Central America and Caribbean,2022,121410,Lucerne (alfalfa) meal and pellets,83.69,1.545,54.1683
Hungary,Eastern Europe,2022,121410,Lucerne (alfalfa) meal and pellets,77.4,1343.03,0.0576
Armenia,Eastern Europe,2022,121410,Lucerne (alfalfa) meal and pellets,76.07,195.522,0.3891
Uruguay,South America,2022,121410,Lucerne (alfalfa) meal and pellets,71.67,321.0,0.2233
Kazakhstan,Eastern Europe,2022,121410,Lucerne (alfalfa) meal and pellets,64.57,133.53,0.4836
Bahamas,Central America and Caribbean,2022,121410,Lucerne (alfalfa) meal and pellets,62.72,35.908,1.7467
Ecuador,South America,2022,121410,Lucerne (alfalfa) meal and pellets,55.49,114.18,0.486
Iceland,Western Europe,2022,121410,Lucerne (alfalfa) meal and pellets,52.62,93.98,0.5599
Paraguay,South America,2022,121410,Lucerne (alfalfa) meal and pellets,52.3,228.0,0.2294
Seychelles,Sub-Saharan Africa,2022,121410,Lucerne (alfalfa) meal and pellets,51.04,98.44,0.5185
Luxembourg,Western Europe,2022,121410,Lucerne (alfalfa) meal and pellets,48.58,130.456,0.3724
Vietnam,Southeast Asia,2022,121410,Lucerne (alfalfa) meal and pellets,40.27,117.509,0.3427
Mauritius,Sub-Saharan Africa,2022,121410,Lucerne (alfalfa) meal and pellets,36.76,80.42,0.4571
Australia,Oceania,2022,121410,Lucerne (alfalfa) meal and pellets,36.09,5.782,6.2418
Mozambique,Sub-Saharan Africa,2022,121410,Lucerne (alfalfa) meal and pellets,31.12,109.466,0.2843
Aruba,Central America and Caribbean,2022,121410,Lucerne (alfalfa) meal and pellets,26.76,30.563,0.8756
India,Central Asia,2022,121410,Lucerne (alfalfa) meal and pellets,25.48,51.04,0.4992
Sri Lanka,Central Asia,2022,121410,Lucerne (alfalfa) meal and pellets,25.23,18.001,1.4016
Bolivia,South America,2022,121410,Lucerne (alfalfa) meal and pellets,22.49,65.631,0.3427
Tajikistan,Central Asia,2022,121410,Lucerne (alfalfa) meal and pellets,17.62,54.0,0.3263
Montenegro,Eastern Europe,2022,121410,Lucerne (alfalfa) meal and pellets,17.32,48.005,0.3608
French Polynesia,Oceania,2022,121410,Lucerne (alfalfa) meal and pellets,10.85,12.695,0.8547
Cote d'Ivoire,Sub-Saharan Africa,2022,121410,Lucerne (alfalfa) meal and pellets,8.37,9.6,0.8719
Peru,South America,2022,121410,Lucerne (alfalfa) meal and pellets,6.88,13.697,0.5023
North Macedonia,Eastern Europe,2022,121410,Lucerne (alfalfa) meal and pellets,5.88,40.16,0.1464
Palestine,Middle East,2022,121410,Lucerne (alfalfa) meal and pellets,5.85,17.062,0.3429
Eswatini,Sub-Saharan Africa,2022,121410,Lucerne (alfalfa) meal and pellets,5.17,14.4,0.359
Grenada,Central America and Caribbean,2022,121410,Lucerne (alfalfa) meal and pellets,5.15,6.465,0.7966
Tanzania,Sub-Saharan Africa,2022,121410,Lucerne (alfalfa) meal and pellets,3.53,28.47,0.124
Andorra,Western Europe,2022,121410,Lucerne (alfalfa) meal and pellets,1.3,1.0,1.3
Angola,Sub-Saharan Africa,2022,121410,Lucerne (alfalfa) meal and pellets,1.25,5.0,0.25
Antigua and Barbuda,Central America and Caribbean,2022,121410,Lucerne (alfalfa) meal and pellets,1.16,0.641,1.8097
Cayman Islands,North America,2022,121410,Lucerne (alfalfa) meal and pellets,0.99,2.899,0.3415
Fiji,Oceania,2022,121410,Lucerne (alfalfa) meal and pellets,0.46,0.063,7.3016
Lebanon,Middle East,2022,121410,Lucerne (alfalfa) meal and pellets,0.29,0.23,1.2609
Laos,Southeast Asia,2022,121410,Lucerne (alfalfa) meal and pellets,0.2,0.02,10.0
Ukraine,Eastern Europe,2022,121410,Lucerne (alfalfa) meal and pellets,0.17,0.083,2.0482
Ghana,Sub-Saharan Africa,2022,121410,Lucerne (alfalfa) meal and pellets,0.01,0.002,5.0
Turkey,Eastern Europe,2022,121410,Lucerne (alfalfa) meal and pellets,0.01,0.009,1.1111
United Arab Emirates,Middle East,2021,121410,Lucerne (alfalfa) meal and pellets,195781.82,802702.0,0.2439
Saudi Arabia,Middle East,2021,121410,Lucerne (alfalfa) meal and pellets,60527.91,263233.0,0.2299
Japan,East Asia,2021,121410,Lucerne (alfalfa) meal and pellets,28212.72,80288.0,0.3514
United States,North America,2021,121410,Lucerne (alfalfa) meal and pellets,25974.63,64888.0,0.4003
Qatar,Middle East,2021,121410,Lucerne (alfalfa) meal and pellets,21596.41,51229.9,0.4216
Germany,Western Europe,2021,121410,Lucerne (alfalfa) meal and pellets,20188.28,75384.3,0.2678
Jordan,Middle East,2021,121410,Lucerne (alfalfa) meal and pellets,18447.83,59474.8,0.3102
United Kingdom,Western Europe,2021,121410,Lucerne (alfalfa) meal and pellets,15573.09,54084.2,0.2879
Belgium,Western Europe,2021,121410,Lucerne (alfalfa) meal and pellets,15488.72,60340.3,0.2567
Lesotho,Sub-Saharan Africa,2021,121410,Lucerne (alfalfa) meal and pellets,14089.66,35452.9,0.3974
France,Western Europe,2021,121410,Lucerne (alfalfa) meal and pellets,13784.58,62357.2,0.2211
China,East Asia,2021,121410,Lucerne (alfalfa) meal and pellets,13656.11,52254.4,0.2613
Portugal,Western Europe,2021,121410,Lucerne (alfalfa) meal and pellets,10421.59,54618.1,0.1908
Greece,Western Europe,2021,121410,Lucerne (alfalfa) meal and pellets,10251.69,40214.2,0.2549
Other Asia,Other Asia,2021,121410,Lucerne (alfalfa) meal and pellets,9263.25,27118.7,0.3416
South Korea,East Asia,2021,121410,Lucerne (alfalfa) meal and pellets,8886.94,33515.9,0.2652
Kuwait,Middle East,2021,121410,Lucerne (alfalfa) meal and pellets,8470.29,23811.5,0.3557
Oman,Middle East,2021,121410,Lucerne (alfalfa) meal and pellets,5569.05,14515.1,0.3837
Netherlands,Western Europe,2021,121410,Lucerne (alfalfa) meal and pellets,5212.93,20942.8,0.2489
Austria,Western Europe,2021,121410,Lucerne (alfalfa) meal and pellets,4734.93,18531.1,0.2555
Morocco,North Africa,2021,121410,Lucerne (alfalfa) meal and pellets,3801.96,15965.3,0.2381
Chile,South America,2021,121410,Lucerne (alfalfa) meal and pellets,3659.92,16430.2,0.2228
Switzerland,Western Europe,2021,121410,Lucerne (alfalfa) meal and pellets,3362.45,10904.8,0.3083
European Union,Western Europe,2021,121410,Lucerne (alfalfa) meal and pellets,2582.88,11905.2,0.217
Sweden,Western Europe,2021,121410,Lucerne (alfalfa) meal and pellets,2120.66,4425.22,0.4792
Tunisia,North Africa,2021,121410,Lucerne (alfalfa) meal and pellets,2039.86,10463.5,0.195
Cyprus,Western Europe,2021,121410,Lucerne (alfalfa) meal and pellets,1942.9,7092.72,0.2739
Czech Republic,Eastern Europe,2021,121410,Lucerne (alfalfa) meal and pellets,1733.24,9443.6,0.1835
Colombia,South America,2021,121410,Lucerne (alfalfa) meal and pellets,1659.3,4731.34,0.3507
Botswana,Sub-Saharan Africa,2021,121410,Lucerne (alfalfa) meal and pellets,1542.58,6280.01,0.2456
Israel,Middle East,2021,121410,Lucerne (alfalfa) meal and pellets,1335.0,4303.97,0.3102
Denmark,Western Europe,2021,121410,Lucerne (alfalfa) meal and pellets,1225.41,3176.89,0.3857
Ireland,Western Europe,2021,121410,Lucerne (alfalfa) meal and pellets,1204.18,6748.14,0.1784
Bahrain,Middle East,2021,121410,Lucerne (alfalfa) meal and pellets,1133.34,3040.87,0.3727
Panama,Central America and Caribbean,2021,121410,Lucerne (alfalfa) meal and pellets,1110.36,2731.99,0.4064
Norway,Western Europe,2021,121410,Lucerne (alfalfa) meal and pellets,1071.92,2478.74,0.4324
Croatia,Eastern Europe,2021,121410,Lucerne (alfalfa) meal and pellets,876.37,3510.87,0.2496
Italy,Western Europe,2021,121410,Lucerne (alfalfa) meal and pellets,837.35,1607.64,0.5209
Dominican Republic,Central America and Caribbean,2021,121410,Lucerne (alfalfa) meal and pellets,763.75,1691.09,0.4516
Malaysia,Southeast Asia,2021,121410,Lucerne (alfalfa) meal and pellets,731.92,1841.86,0.3974
Malta,Western Europe,2021,121410,Lucerne (alfalfa) meal and pellets,668.07,2558.59,0.2611
Bulgaria,Eastern Europe,2021,121410,Lucerne (alfalfa) meal and pellets,636.5,4123.25,0.1544
New Zealand,Oceania,2021,121410,Lucerne (alfalfa) meal and pellets,616.51,831.117,0.7418
Namibia,Sub-Saharan Africa,2021,121410,Lucerne (alfalfa) meal and pellets,595.57,2563.35,0.2323
Thailand,Southeast Asia,2021,121410,Lucerne (alfalfa) meal and pellets,542.65,974.036,0.5571
Brazil,South America,2021,121410,Lucerne (alfalfa) meal and pellets,539.65,2566.33,0.2103
Slovakia,Eastern Europe,2021,121410,Lucerne (alfalfa) meal and pellets,521.42,2854.34,0.1827
Slovenia,Eastern Europe,2021,121410,Lucerne (alfalfa) meal and pellets,518.64,1846.82,0.2808
Philippines,Southeast Asia,2021,121410,Lucerne (alfalfa) meal and pellets,516.96,1666.66,0.3102
South Africa,Sub-Saharan Africa,2021,121410,Lucerne (alfalfa) meal and pellets,515.55,3703.31,0.1392
Poland,Eastern Europe,2021,121410,Lucerne (alfalfa) meal and pellets,453.24,1769.96,0.2561
Serbia,Eastern Europe,2021,121410,Lucerne (alfalfa) meal and pellets,429.71,1607.51,0.2673
Estonia,Eastern Europe,2021,121410,Lucerne (alfalfa) meal and pellets,339.64,1069.05,0.3177
Canada,North America,2021,121410,Lucerne (alfalfa) meal and pellets,249.98,246.835,1.0127
Jamaica,Central America and Caribbean,2021,121410,Lucerne (alfalfa) meal and pellets,249.78,562.803,0.4438
Spain,Western Europe,2021,121410,Lucerne (alfalfa) meal and pellets,225.95,465.046,0.4859
Bosnia and Herzegovina,Eastern Europe,2021,121410,Lucerne (alfalfa) meal and pellets,223.65,872.298,0.2564
Hong Kong (China),East Asia,2021,121410,Lucerne (alfalfa) meal and pellets,222.6,308.38,0.7218
Guatemala,Central America and Caribbean,2021,121410,Lucerne (alfalfa) meal and pellets,220.35,461.398,0.4776
Latvia,Eastern Europe,2021,121410,Lucerne (alfalfa) meal and pellets,209.75,580.76959,0.3612
Bermuda,North America,2021,121410,Lucerne (alfalfa) meal and pellets,202.45,116.108,1.7436
Finland,Western Europe,2021,121410,Lucerne (alfalfa) meal and pellets,184.32,202.149,0.9118
Honduras,Central America and Caribbean,2021,121410,Lucerne (alfalfa) meal and pellets,179.27,388.044,0.462
Turkey,Eastern Europe,2021,121410,Lucerne (alfalfa) meal and pellets,126.95,493.853,0.2571
Lithuania,Eastern Europe,2021,121410,Lucerne (alfalfa) meal and pellets,124.27,483.077,0.2572
Sri Lanka,Central Asia,2021,121410,Lucerne (alfalfa) meal and pellets,118.29,90.846,1.3021
Romania,Eastern Europe,2021,121410,Lucerne (alfalfa) meal and pellets,112.1,262.551,0.427
Hungary,Eastern Europe,2021,121410,Lucerne (alfalfa) meal and pellets,109.54,949.603,0.1154
Singapore,Southeast Asia,2021,121410,Lucerne (alfalfa) meal and pellets,105.49,198.68,0.531
Vietnam,Southeast Asia,2021,121410,Lucerne (alfalfa) meal and pellets,89.09,287.209,0.3102
St. Vincent and the Grenadines,Central America and Caribbean,2021,121410,Lucerne (alfalfa) meal and pellets,75.05,53.291,1.4083
Brunei,Southeast Asia,2021,121410,Lucerne (alfalfa) meal and pellets,73.24,129.77,0.5644
Luxembourg,Western Europe,2021,121410,Lucerne (alfalfa) meal and pellets,67.75,186.26,0.3637
Moldova,Eastern Europe,2021,121410,Lucerne (alfalfa) meal and pellets,67.72,289.8,0.2337
Costa Rica,Central America and Caribbean,2021,121410,Lucerne (alfalfa) meal and pellets,64.55,101.786,0.6342
Iceland,Western Europe,2021,121410,Lucerne (alfalfa) meal and pellets,63.71,211.935,0.3006
Ecuador,South America,2021,121410,Lucerne (alfalfa) meal and pellets,60.57,138.12,0.4385
Barbados,Central America and Caribbean,2021,121410,Lucerne (alfalfa) meal and pellets,55.62,89.561,0.621
Paraguay,South America,2021,121410,Lucerne (alfalfa) meal and pellets,52.04,199.878,0.2604
Djibouti,Sub-Saharan Africa,2021,121410,Lucerne (alfalfa) meal and pellets,46.96,152.46,0.308
Mauritius,Sub-Saharan Africa,2021,121410,Lucerne (alfalfa) meal and pellets,45.56,95.829,0.4754
Uruguay,South America,2021,121410,Lucerne (alfalfa) meal and pellets,43.33,168.68,0.2569
Cape Verde,Sub-Saharan Africa,2021,121410,Lucerne (alfalfa) meal and pellets,40.84,127.475,0.3204
Seychelles,Sub-Saharan Africa,2021,121410,Lucerne (alfalfa) meal and pellets,39.1,62.54,0.6252
Montenegro,Eastern Europe,2021,121410,Lucerne (alfalfa) meal and pellets,37.64,139.983,0.2689
Australia,Oceania,2021,121410,Lucerne (alfalfa) meal and pellets,37.32,3.16,11.8101
Armenia,Eastern Europe,2021,121410,Lucerne (alfalfa) meal and pellets,29.68,76.82,0.3864
Zimbabwe,Sub-Saharan Africa,2021,121410,Lucerne (alfalfa) meal and pellets,26.3,72.0,0.3653
Kazakhstan,Eastern Europe,2021,121410,Lucerne (alfalfa) meal and pellets,22.56,125.2,0.1802
French Polynesia,Oceania,2021,121410,Lucerne (alfalfa) meal and pellets,19.76,27.217,0.726
Argentina,South America,2021,121410,Lucerne (alfalfa) meal and pellets,18.25,85.17,0.2143
Trinidad and Tobago,Central America and Caribbean,2021,121410,Lucerne (alfalfa) meal and pellets,15.2,12.247,1.2411
Tanzania,Sub-Saharan Africa,2021,121410,Lucerne (alfalfa) meal and pellets,13.44,49.16,0.2734
Mozambique,Sub-Saharan Africa,2021,121410,Lucerne (alfalfa) meal and pellets,13.09,33.0,0.3967
India,Central Asia,2021,121410,Lucerne (alfalfa) meal and pellets,12.66,21.272,0.5951
Aruba,Central America and Caribbean,2021,121410,Lucerne (alfalfa) meal and pellets,12.36,8.6,1.4372
Cayman Islands,North America,2021,121410,Lucerne (alfalfa) meal and pellets,11.91,39.628,0.3005
Bahamas,Central America and Caribbean,2021,121410,Lucerne (alfalfa) meal and pellets,10.82,10.785,1.0032
Eswatini,Sub-Saharan Africa,2021,121410,Lucerne (alfalfa) meal and pellets,9.55,60.0,0.1592
Senegal,Sub-Saharan Africa,2021,121410,Lucerne (alfalfa) meal and pellets,9.37,26.0,0.3604
Cote d'Ivoire,Sub-Saharan Africa,2021,121410,Lucerne (alfalfa) meal and pellets,8.37,9.6,0.8719
Georgia,Eastern Europe,2021,121410,Lucerne (alfalfa) meal and pellets,6.63,21.0,0.3157
Andorra,Western Europe,2021,121410,Lucerne (alfalfa) meal and pellets,6.25,30.5,0.2049
Bolivia,South America,2021,121410,Lucerne (alfalfa) meal and pellets,4.95,13.0,0.3808
Grenada,Central America and Caribbean,2021,121410,Lucerne (alfalfa) meal and pellets,4.78,1.234,3.8736
Belarus,Eastern Europe,2021,121410,Lucerne (alfalfa) meal and pellets,4.4,20.0,0.22
Angola,Sub-Saharan Africa,2021,121410,Lucerne (alfalfa) meal and pellets,1.72,0.02,86.0
Antigua and Barbuda,Central America and Caribbean,2021,121410,Lucerne (alfalfa) meal and pellets,0.66,0.275,2.4
El Salvador,Central America and Caribbean,2021,121410,Lucerne (alfalfa) meal and pellets,0.15,0.095,1.5789
Nepal,Central Asia,2021,121410,Lucerne (alfalfa) meal and pellets,0.12,0.16,0.75
Laos,Southeast Asia,2021,121410,Lucerne (alfalfa) meal and pellets,0.09,0.3,0.3
Sao Tome and Principe,Sub-Saharan Africa,2021,121410,Lucerne (alfalfa) meal and pellets,0.03,0.027,1.1111
Ghana,Sub-Saharan Africa,2021,121410,Lucerne (alfalfa) meal and pellets,0.02,0.004,5.0
Belize,Central America and Caribbean,2021,121410,Lucerne (alfalfa) meal and pellets,0.02,0.002,10.0
Egypt,North Africa,2021,121410,Lucerne (alfalfa) meal and pellets,0.01,0.02,0.5
Indonesia,Southeast Asia,2021,121410,Lucerne (alfalfa) meal and pellets,0.0,0.0,
United Arab Emirates,Middle East,2020,121410,Lucerne (alfalfa) meal and pellets,313060.14,1263090.0,0.2479
Saudi Arabia,Middle East,2020,121410,Lucerne (alfalfa) meal and pellets,56479.34,272018.0,0.2076
Japan,East Asia,2020,121410,Lucerne (alfalfa) meal and pellets,25453.72,75780.0,0.3359
Qatar,Middle East,2020,121410,Lucerne (alfalfa) meal and pellets,24964.91,65924.0,0.3787
United States,North America,2020,121410,Lucerne (alfalfa) meal and pellets,24526.96,70003.0,0.3504
Jordan,Middle East,2020,121410,Lucerne (alfalfa) meal and pellets,20583.56,64157.0,0.3208
Germany,Western Europe,2020,121410,Lucerne (alfalfa) meal and pellets,20311.47,82310.8,0.2468
Belgium,Western Europe,2020,121410,Lucerne (alfalfa) meal and pellets,15302.53,58406.2,0.262
United Kingdom,Western Europe,2020,121410,Lucerne (alfalfa) meal and pellets,14997.04,59270.2,0.253
France,Western Europe,2020,121410,Lucerne (alfalfa) meal and pellets,9276.34,43826.9,0.2117
Lesotho,Sub-Saharan Africa,2020,121410,Lucerne (alfalfa) meal and pellets,8736.56,28696.6,0.3044
China,East Asia,2020,121410,Lucerne (alfalfa) meal and pellets,8028.89,28357.1,0.2831
South Korea,East Asia,2020,121410,Lucerne (alfalfa) meal and pellets,7293.65,30383.9,0.24
Other Asia,Other Asia,2020,121410,Lucerne (alfalfa) meal and pellets,7285.45,23858.2,0.3054
Oman,Middle East,2020,121410,Lucerne (alfalfa) meal and pellets,6908.33,14879.7,0.4643
Portugal,Western Europe,2020,121410,Lucerne (alfalfa) meal and pellets,6522.06,34649.0,0.1882
Kuwait,Middle East,2020,121410,Lucerne (alfalfa) meal and pellets,5278.59,16429.4,0.3213
Austria,Western Europe,2020,121410,Lucerne (alfalfa) meal and pellets,4947.85,19816.3,0.2497
Greece,Western Europe,2020,121410,Lucerne (alfalfa) meal and pellets,3940.37,18730.1,0.2104
European Union,Western Europe,2020,121410,Lucerne (alfalfa) meal and pellets,3589.15,15417.7,0.2328
Netherlands,Western Europe,2020,121410,Lucerne (alfalfa) meal and pellets,3552.62,15461.2,0.2298
Switzerland,Western Europe,2020,121410,Lucerne (alfalfa) meal and pellets,2871.73,9666.76,0.2971
Morocco,North Africa,2020,121410,Lucerne (alfalfa) meal and pellets,2818.68,12471.4,0.226
Chile,South America,2020,121410,Lucerne (alfalfa) meal and pellets,2060.79,8926.08,0.2309
Sweden,Western Europe,2020,121410,Lucerne (alfalfa) meal and pellets,2000.37,4690.0,0.4265
Ireland,Western Europe,2020,121410,Lucerne (alfalfa) meal and pellets,1521.68,7095.35,0.2145
Tunisia,North Africa,2020,121410,Lucerne (alfalfa) meal and pellets,1459.39,7923.3,0.1842
Botswana,Sub-Saharan Africa,2020,121410,Lucerne (alfalfa) meal and pellets,1434.53,5443.53,0.2635
Norway,Western Europe,2020,121410,Lucerne (alfalfa) meal and pellets,1310.16,3203.58,0.409
Cyprus,Western Europe,2020,121410,Lucerne (alfalfa) meal and pellets,1295.87,5021.88,0.258
Bahrain,Middle East,2020,121410,Lucerne (alfalfa) meal and pellets,1218.27,3522.34,0.3459
Denmark,Western Europe,2020,121410,Lucerne (alfalfa) meal and pellets,1206.38,2706.31,0.4458
Colombia,South America,2020,121410,Lucerne (alfalfa) meal and pellets,983.84,3021.95,0.3256
Namibia,Sub-Saharan Africa,2020,121410,Lucerne (alfalfa) meal and pellets,937.38,4583.63,0.2045
Panama,Central America and Caribbean,2020,121410,Lucerne (alfalfa) meal and pellets,929.04,2547.18,0.3647
Thailand,Southeast Asia,2020,121410,Lucerne (alfalfa) meal and pellets,895.02,1759.64,0.5086
Croatia,Eastern Europe,2020,121410,Lucerne (alfalfa) meal and pellets,811.88,3654.51,0.2222
Spain,Western Europe,2020,121410,Lucerne (alfalfa) meal and pellets,803.28,2770.063,0.29
Italy,Western Europe,2020,121410,Lucerne (alfalfa) meal and pellets,800.8,2816.87,0.2843
Dominican Republic,Central America and Caribbean,2020,121410,Lucerne (alfalfa) meal and pellets,732.04,1759.24,0.4161
Romania,Eastern Europe,2020,121410,Lucerne (alfalfa) meal and pellets,723.21,426.11,1.6972
Israel,Middle East,2020,121410,Lucerne (alfalfa) meal and pellets,712.0,2219.24,0.3208
Malaysia,Southeast Asia,2020,121410,Lucerne (alfalfa) meal and pellets,662.72,1663.67,0.3983
Czech Republic,Eastern Europe,2020,121410,Lucerne (alfalfa) meal and pellets,556.92,3286.74,0.1694
Cuba,Central America and Caribbean,2020,121410,Lucerne (alfalfa) meal and pellets,520.97,1207.41,0.4315
Finland,Western Europe,2020,121410,Lucerne (alfalfa) meal and pellets,520.77,725.217,0.7181
Canada,North America,2020,121410,Lucerne (alfalfa) meal and pellets,519.45,532.205,0.976
New Zealand,Oceania,2020,121410,Lucerne (alfalfa) meal and pellets,449.38,743.05,0.6048
Serbia,Eastern Europe,2020,121410,Lucerne (alfalfa) meal and pellets,426.58,1702.87,0.2505
Philippines,Southeast Asia,2020,121410,Lucerne (alfalfa) meal and pellets,419.48,1356.87,0.3092
South Africa,Sub-Saharan Africa,2020,121410,Lucerne (alfalfa) meal and pellets,366.53,3406.63,0.1076
Slovenia,Eastern Europe,2020,121410,Lucerne (alfalfa) meal and pellets,332.06,1328.55,0.2499
Hong Kong (China),East Asia,2020,121410,Lucerne (alfalfa) meal and pellets,289.54,440.39,0.6575
Malta,Western Europe,2020,121410,Lucerne (alfalfa) meal and pellets,277.83,938.758,0.296
Slovakia,Eastern Europe,2020,121410,Lucerne (alfalfa) meal and pellets,267.66,1246.1,0.2148
Poland,Eastern Europe,2020,121410,Lucerne (alfalfa) meal and pellets,261.73,1431.47,0.1828
Brazil,South America,2020,121410,Lucerne (alfalfa) meal and pellets,255.98,1162.0,0.2203
Bosnia and Herzegovina,Eastern Europe,2020,121410,Lucerne (alfalfa) meal and pellets,240.82,1023.46,0.2353
Turkey,Eastern Europe,2020,121410,Lucerne (alfalfa) meal and pellets,237.76,994.701,0.239
Bermuda,North America,2020,121410,Lucerne (alfalfa) meal and pellets,201.31,96.287,2.0907
Jamaica,Central America and Caribbean,2020,121410,Lucerne (alfalfa) meal and pellets,169.58,359.261,0.472
Guatemala,Central America and Caribbean,2020,121410,Lucerne (alfalfa) meal and pellets,164.2,345.719,0.475
Uruguay,South America,2020,121410,Lucerne (alfalfa) meal and pellets,138.27,505.0,0.2738
Lebanon,Middle East,2020,121410,Lucerne (alfalfa) meal and pellets,105.59,308.38,0.3424
Honduras,Central America and Caribbean,2020,121410,Lucerne (alfalfa) meal and pellets,84.57,247.002,0.3424
Bulgaria,Eastern Europe,2020,121410,Lucerne (alfalfa) meal and pellets,82.54,648.68,0.1272
Nigeria,Sub-Saharan Africa,2020,121410,Lucerne (alfalfa) meal and pellets,78.12,39.351,1.9852
Hungary,Eastern Europe,2020,121410,Lucerne (alfalfa) meal and pellets,78.0,624.188,0.125
Luxembourg,Western Europe,2020,121410,Lucerne (alfalfa) meal and pellets,77.78,261.444,0.2975
Cape Verde,Sub-Saharan Africa,2020,121410,Lucerne (alfalfa) meal and pellets,73.83,218.065,0.3386
Bahamas,Central America and Caribbean,2020,121410,Lucerne (alfalfa) meal and pellets,71.7,63.381,1.1313
Barbados,Central America and Caribbean,2020,121410,Lucerne (alfalfa) meal and pellets,64.23,92.403,0.6951
Zimbabwe,Sub-Saharan Africa,2020,121410,Lucerne (alfalfa) meal and pellets,61.86,171.0,0.3618
Sri Lanka,Central Asia,2020,121410,Lucerne (alfalfa) meal and pellets,61.34,60.125,1.0202
Mauritius,Sub-Saharan Africa,2020,121410,Lucerne (alfalfa) meal and pellets,59.75,129.127,0.4627
Costa Rica,Central America and Caribbean,2020,121410,Lucerne (alfalfa) meal and pellets,58.94,72.827,0.8093
Iceland,Western Europe,2020,121410,Lucerne (alfalfa) meal and pellets,56.05,128.3,0.4369
Moldova,Eastern Europe,2020,121410,Lucerne (alfalfa) meal and pellets,52.91,244.16,0.2167
Montenegro,Eastern Europe,2020,121410,Lucerne (alfalfa) meal and pellets,52.07,323.53,0.1609
Senegal,Sub-Saharan Africa,2020,121410,Lucerne (alfalfa) meal and pellets,44.41,125.7,0.3533
Singapore,Southeast Asia,2020,121410,Lucerne (alfalfa) meal and pellets,41.65,65.489,0.636
Mozambique,Sub-Saharan Africa,2020,121410,Lucerne (alfalfa) meal and pellets,35.91,96.0,0.3741
Trinidad and Tobago,Central America and Caribbean,2020,121410,Lucerne (alfalfa) meal and pellets,32.13,33.382,0.9625
Lithuania,Eastern Europe,2020,121410,Lucerne (alfalfa) meal and pellets,31.96,28.325,1.1283
Paraguay,South America,2020,121410,Lucerne (alfalfa) meal and pellets,30.8,138.764,0.222
Seychelles,Sub-Saharan Africa,2020,121410,Lucerne (alfalfa) meal and pellets,28.96,50.297,0.5758
Estonia,Eastern Europe,2020,121410,Lucerne (alfalfa) meal and pellets,18.44,74.46,0.2476
Bolivia,South America,2020,121410,Lucerne (alfalfa) meal and pellets,18.19,44.0,0.4134
Ecuador,South America,2020,121410,Lucerne (alfalfa) meal and pellets,18.09,52.08,0.3474
Vietnam,Southeast Asia,2020,121410,Lucerne (alfalfa) meal and pellets,14.33,44.679,0.3207
Belarus,Eastern Europe,2020,121410,Lucerne (alfalfa) meal and pellets,13.0,70.26,0.185
French Polynesia,Oceania,2020,121410,Lucerne (alfalfa) meal and pellets,12.0,17.69,0.6783
Tanzania,Sub-Saharan Africa,2020,121410,Lucerne (alfalfa) meal and pellets,11.72,49.18,0.2383
Eswatini,Sub-Saharan Africa,2020,121410,Lucerne (alfalfa) meal and pellets,10.94,120.64,0.0907
Brunei,Southeast Asia,2020,121410,Lucerne (alfalfa) meal and pellets,10.73,18.0,0.5961
Andorra,Western Europe,2020,121410,Lucerne (alfalfa) meal and pellets,10.07,50.5,0.1994
Australia,Oceania,2020,121410,Lucerne (alfalfa) meal and pellets,9.18,1.24,7.4032
Palestine,Middle East,2020,121410,Lucerne (alfalfa) meal and pellets,8.87,28.682,0.3093
Kazakhstan,Eastern Europe,2020,121410,Lucerne (alfalfa) meal and pellets,8.38,41.126,0.2038
Grenada,Central America and Caribbean,2020,121410,Lucerne (alfalfa) meal and pellets,8.02,5.867,1.367
Peru,South America,2020,121410,Lucerne (alfalfa) meal and pellets,7.7,0.56,13.75
Cote d'Ivoire,Sub-Saharan Africa,2020,121410,Lucerne (alfalfa) meal and pellets,7.4,9.6,0.7708
Mauritania,Sub-Saharan Africa,2020,121410,Lucerne (alfalfa) meal and pellets,6.59,24.12,0.2732
India,Central Asia,2020,121410,Lucerne (alfalfa) meal and pellets,6.38,23.648,0.2698
"Congo, Dem. Rep.",Sub-Saharan Africa,2020,121410,Lucerne (alfalfa) meal and pellets,6.12,7.375,0.8298
Pakistan,Central Asia,2020,121410,Lucerne (alfalfa) meal and pellets,4.24,5.076,0.8353
Rwanda,Sub-Saharan Africa,2020,121410,Lucerne (alfalfa) meal and pellets,3.51,1.283,2.7358
Aruba,Central America and Caribbean,2020,121410,Lucerne (alfalfa) meal and pellets,2.41,3.026,0.7964
Laos,Southeast Asia,2020,121410,Lucerne (alfalfa) meal and pellets,1.74,0.74,2.3514
Papua New Guinea,Oceania,2020,121410,Lucerne (alfalfa) meal and pellets,1.28,4.15,0.3084
Curaçao,Central America and Caribbean,2020,121410,Lucerne (alfalfa) meal and pellets,0.89,0.6,1.4833
Antigua and Barbuda,Central America and Caribbean,2020,121410,Lucerne (alfalfa) meal and pellets,0.55,0.236,2.3305
East Timor,Southeast Asia,2020,121410,Lucerne (alfalfa) meal and pellets,0.28,0.733,0.382
El Salvador,Central America and Caribbean,2020,121410,Lucerne (alfalfa) meal and pellets,0.17,0.025,6.8
Latvia,Eastern Europe,2020,121410,Lucerne (alfalfa) meal and pellets,0.16,0.024,6.6667
Uganda,Sub-Saharan Africa,2020,121410,Lucerne (alfalfa) meal and pellets,0.1,0.3,0.3333
Angola,Sub-Saharan Africa,2020,121410,Lucerne (alfalfa) meal and pellets,0.02,0.023,0.8696
Belize,Central America and Caribbean,2020,121410,Lucerne (alfalfa) meal and pellets,0.02,0.012,1.6667
United Arab Emirates,Middle East,2019,121410,Lucerne (alfalfa) meal and pellets,347830.85,1356020.0,0.2565
Japan,East Asia,2019,121410,Lucerne (alfalfa) meal and pellets,26624.73,81264.0,0.3276
Qatar,Middle East,2019,121410,Lucerne (alfalfa) meal and pellets,20575.08,56032.4,0.3672
Germany,Western Europe,2019,121410,Lucerne (alfalfa) meal and pellets,20287.78,85792.8,0.2365
United States,North America,2019,121410,Lucerne (alfalfa) meal and pellets,19252.04,53055.0,0.3629
United Kingdom,Western Europe,2019,121410,Lucerne (alfalfa) meal and pellets,15728.81,66259.1,0.2374
Belgium,Western Europe,2019,121410,Lucerne (alfalfa) meal and pellets,13501.02,58597.7,0.2304
Jordan,Middle East,2019,121410,Lucerne (alfalfa) meal and pellets,12597.84,45660.5,0.2759
Lesotho,Sub-Saharan Africa,2019,121410,Lucerne (alfalfa) meal and pellets,11926.78,29014.2,0.4111
France,Western Europe,2019,121410,Lucerne (alfalfa) meal and pellets,11307.93,54743.2,0.2066
China,East Asia,2019,121410,Lucerne (alfalfa) meal and pellets,7974.06,29792.8,0.2677
South Korea,East Asia,2019,121410,Lucerne (alfalfa) meal and pellets,6690.63,28195.4,0.2373
Austria,Western Europe,2019,121410,Lucerne (alfalfa) meal and pellets,6323.02,25940.1,0.2438
Namibia,Sub-Saharan Africa,2019,121410,Lucerne (alfalfa) meal and pellets,6320.31,31414.7,0.2012
Other Asia,Other Asia,2019,121410,Lucerne (alfalfa) meal and pellets,6160.33,21739.3,0.2834
Saudi Arabia,Middle East,2019,121410,Lucerne (alfalfa) meal and pellets,5669.25,19702.8,0.2877
Kuwait,Middle East,2019,121410,Lucerne (alfalfa) meal and pellets,5363.15,18276.6,0.2934
Morocco,North Africa,2019,121410,Lucerne (alfalfa) meal and pellets,5275.01,24242.7,0.2176
Norway,Western Europe,2019,121410,Lucerne (alfalfa) meal and pellets,5086.9,19269.1,0.264
Netherlands,Western Europe,2019,121410,Lucerne (alfalfa) meal and pellets,4489.72,21154.3,0.2122
Portugal,Western Europe,2019,121410,Lucerne (alfalfa) meal and pellets,3461.91,19089.3,0.1814
Greece,Western Europe,2019,121410,Lucerne (alfalfa) meal and pellets,3089.15,13736.6,0.2249
Sweden,Western Europe,2019,121410,Lucerne (alfalfa) meal and pellets,2780.93,7374.56,0.3771
Switzerland,Western Europe,2019,121410,Lucerne (alfalfa) meal and pellets,2780.41,9641.4,0.2884
Botswana,Sub-Saharan Africa,2019,121410,Lucerne (alfalfa) meal and pellets,2472.99,7422.47,0.3332
Denmark,Western Europe,2019,121410,Lucerne (alfalfa) meal and pellets,1794.93,4698.35,0.382
Bahrain,Middle East,2019,121410,Lucerne (alfalfa) meal and pellets,1394.18,3454.5,0.4036
Oman,Middle East,2019,121410,Lucerne (alfalfa) meal and pellets,1384.32,4225.83,0.3276
Hong Kong (China),East Asia,2019,121410,Lucerne (alfalfa) meal and pellets,1379.48,2851.65,0.4837
Chile,South America,2019,121410,Lucerne (alfalfa) meal and pellets,1320.5,5024.44,0.2628
Tunisia,North Africa,2019,121410,Lucerne (alfalfa) meal and pellets,1235.81,6851.22,0.1804
Colombia,South America,2019,121410,Lucerne (alfalfa) meal and pellets,1184.92,3493.67,0.3392
Panama,Central America and Caribbean,2019,121410,Lucerne (alfalfa) meal and pellets,1148.41,3108.44,0.3694
Croatia,Eastern Europe,2019,121410,Lucerne (alfalfa) meal and pellets,1086.34,4795.46,0.2265
Israel,Middle East,2019,121410,Lucerne (alfalfa) meal and pellets,1066.0,4067.28,0.2621
Cyprus,Western Europe,2019,121410,Lucerne (alfalfa) meal and pellets,898.99,3634.29,0.2474
Thailand,Southeast Asia,2019,121410,Lucerne (alfalfa) meal and pellets,881.32,2289.07,0.385
Cuba,Central America and Caribbean,2019,121410,Lucerne (alfalfa) meal and pellets,790.37,1910.73,0.4136
European Union,Western Europe,2019,121410,Lucerne (alfalfa) meal and pellets,747.23,3769.83,0.1982
Dominican Republic,Central America and Caribbean,2019,121410,Lucerne (alfalfa) meal and pellets,717.29,1626.55,0.441
Czech Republic,Eastern Europe,2019,121410,Lucerne (alfalfa) meal and pellets,610.68,2909.64,0.2099
Romania,Eastern Europe,2019,121410,Lucerne (alfalfa) meal and pellets,603.87,1075.8,0.5613
Philippines,Southeast Asia,2019,121410,Lucerne (alfalfa) meal and pellets,595.3,1048.16,0.5679
Australia,Oceania,2019,121410,Lucerne (alfalfa) meal and pellets,496.8,1003.0,0.4953
Italy,Western Europe,2019,121410,Lucerne (alfalfa) meal and pellets,486.35,1856.42,0.262
Slovenia,Eastern Europe,2019,121410,Lucerne (alfalfa) meal and pellets,416.58,1686.82,0.247
Serbia,Eastern Europe,2019,121410,Lucerne (alfalfa) meal and pellets,395.0,1577.93,0.2503
South Africa,Sub-Saharan Africa,2019,121410,Lucerne (alfalfa) meal and pellets,389.36,3170.51,0.1228
New Zealand,Oceania,2019,121410,Lucerne (alfalfa) meal and pellets,383.99,686.231,0.5596
Finland,Western Europe,2019,121410,Lucerne (alfalfa) meal and pellets,310.19,910.794,0.3406
Malaysia,Southeast Asia,2019,121410,Lucerne (alfalfa) meal and pellets,305.38,773.358,0.3949
Poland,Eastern Europe,2019,121410,Lucerne (alfalfa) meal and pellets,263.2,1181.1,0.2228
Jamaica,Central America and Caribbean,2019,121410,Lucerne (alfalfa) meal and pellets,258.84,564.039,0.4589
Spain,Western Europe,2019,121410,Lucerne (alfalfa) meal and pellets,256.32,567.492,0.4517
Libya,North Africa,2019,121410,Lucerne (alfalfa) meal and pellets,245.15,898.781,0.2728
Slovakia,Eastern Europe,2019,121410,Lucerne (alfalfa) meal and pellets,227.4,1035.63,0.2196
Canada,North America,2019,121410,Lucerne (alfalfa) meal and pellets,227.09,237.796,0.955
Malta,Western Europe,2019,121410,Lucerne (alfalfa) meal and pellets,218.11,754.213,0.2892
Bosnia and Herzegovina,Eastern Europe,2019,121410,Lucerne (alfalfa) meal and pellets,207.9,919.436,0.2261
Bermuda,North America,2019,121410,Lucerne (alfalfa) meal and pellets,201.18,92.472,2.1756
Sri Lanka,Central Asia,2019,121410,Lucerne (alfalfa) meal and pellets,183.84,344.065,0.5343
Brazil,South America,2019,121410,Lucerne (alfalfa) meal and pellets,179.3,842.98,0.2127
Palestine,Middle East,2019,121410,Lucerne (alfalfa) meal and pellets,178.48,620.276,0.2877
Hungary,Eastern Europe,2019,121410,Lucerne (alfalfa) meal and pellets,158.76,906.03,0.1752
Turkey,Eastern Europe,2019,121410,Lucerne (alfalfa) meal and pellets,149.24,565.58,0.2639
Guatemala,Central America and Caribbean,2019,121410,Lucerne (alfalfa) meal and pellets,117.08,282.128,0.415
Vietnam,Southeast Asia,2019,121410,Lucerne (alfalfa) meal and pellets,94.16,359.254,0.2621
Bahamas,Central America and Caribbean,2019,121410,Lucerne (alfalfa) meal and pellets,79.92,68.761,1.1623
Cape Verde,Sub-Saharan Africa,2019,121410,Lucerne (alfalfa) meal and pellets,79.18,240.13,0.3297
Honduras,Central America and Caribbean,2019,121410,Lucerne (alfalfa) meal and pellets,77.84,219.376,0.3548
Luxembourg,Western Europe,2019,121410,Lucerne (alfalfa) meal and pellets,66.31,240.837,0.2753
Lebanon,Middle East,2019,121410,Lucerne (alfalfa) meal and pellets,58.79,299.04,0.1966
Eswatini,Sub-Saharan Africa,2019,121410,Lucerne (alfalfa) meal and pellets,53.6,195.57,0.2741
Uruguay,South America,2019,121410,Lucerne (alfalfa) meal and pellets,51.91,216.0,0.2403
Barbados,Central America and Caribbean,2019,121410,Lucerne (alfalfa) meal and pellets,51.73,80.681,0.6412
Singapore,Southeast Asia,2019,121410,Lucerne (alfalfa) meal and pellets,45.84,61.19,0.7491
Costa Rica,Central America and Caribbean,2019,121410,Lucerne (alfalfa) meal and pellets,42.36,100.317,0.4223
Paraguay,South America,2019,121410,Lucerne (alfalfa) meal and pellets,41.91,168.17,0.2492
St. Vincent and the Grenadines,Central America and Caribbean,2019,121410,Lucerne (alfalfa) meal and pellets,36.01,51.955,0.6931
Peru,South America,2019,121410,Lucerne (alfalfa) meal and pellets,32.55,82.686,0.3937
French Polynesia,Oceania,2019,121410,Lucerne (alfalfa) meal and pellets,28.9,42.897,0.6737
Bolivia,South America,2019,121410,Lucerne (alfalfa) meal and pellets,28.76,81.0,0.3551
Seychelles,Sub-Saharan Africa,2019,121410,Lucerne (alfalfa) meal and pellets,27.6,59.158,0.4665
Nigeria,Sub-Saharan Africa,2019,121410,Lucerne (alfalfa) meal and pellets,25.74,18.46,1.3944
Mauritius,Sub-Saharan Africa,2019,121410,Lucerne (alfalfa) meal and pellets,24.43,58.551,0.4172
Trinidad and Tobago,Central America and Caribbean,2019,121410,Lucerne (alfalfa) meal and pellets,23.75,22.849,1.0394
Ireland,Western Europe,2019,121410,Lucerne (alfalfa) meal and pellets,21.79,45.175,0.4823
Iceland,Western Europe,2019,121410,Lucerne (alfalfa) meal and pellets,19.86,46.0,0.4317
Zimbabwe,Sub-Saharan Africa,2019,121410,Lucerne (alfalfa) meal and pellets,19.16,33.99,0.5637
Ecuador,South America,2019,121410,Lucerne (alfalfa) meal and pellets,18.61,52.052,0.3575
Lithuania,Eastern Europe,2019,121410,Lucerne (alfalfa) meal and pellets,17.36,82.0,0.2117
India,Central Asia,2019,121410,Lucerne (alfalfa) meal and pellets,13.66,27.504,0.4967
Tanzania,Sub-Saharan Africa,2019,121410,Lucerne (alfalfa) meal and pellets,9.76,47.66,0.2048
Grenada,Central America and Caribbean,2019,121410,Lucerne (alfalfa) meal and pellets,9.09,5.29,1.7183
Uzbekistan,Central Asia,2019,121410,Lucerne (alfalfa) meal and pellets,8.8,40.0,0.22
Pakistan,Central Asia,2019,121410,Lucerne (alfalfa) meal and pellets,8.63,10.75,0.8028
Senegal,Sub-Saharan Africa,2019,121410,Lucerne (alfalfa) meal and pellets,8.07,24.25,0.3328
Kazakhstan,Eastern Europe,2019,121410,Lucerne (alfalfa) meal and pellets,7.89,47.75,0.1652
Curaçao,Central America and Caribbean,2019,121410,Lucerne (alfalfa) meal and pellets,7.65,19.4,0.3943
Zambia,Sub-Saharan Africa,2019,121410,Lucerne (alfalfa) meal and pellets,5.3,18.435,0.2875
Russia,Eastern Europe,2019,121410,Lucerne (alfalfa) meal and pellets,5.25,21.0,0.25
Nicaragua,Central America and Caribbean,2019,121410,Lucerne (alfalfa) meal and pellets,4.28,1.04,4.1154
Angola,Sub-Saharan Africa,2019,121410,Lucerne (alfalfa) meal and pellets,3.47,5.7,0.6088
Latvia,Eastern Europe,2019,121410,Lucerne (alfalfa) meal and pellets,3.27,20.003,0.1635
Andorra,Western Europe,2019,121410,Lucerne (alfalfa) meal and pellets,2.65,20.96,0.1264
Estonia,Eastern Europe,2019,121410,Lucerne (alfalfa) meal and pellets,1.55,4.0,0.3875
Laos,Southeast Asia,2019,121410,Lucerne (alfalfa) meal and pellets,1.25,4.12,0.3034
St. Lucia,Central America and Caribbean,2019,121410,Lucerne (alfalfa) meal and pellets,0.84,0.605,1.3884
Papua New Guinea,Oceania,2019,121410,Lucerne (alfalfa) meal and pellets,0.78,0.03,26.0
Uganda,Sub-Saharan Africa,2019,121410,Lucerne (alfalfa) meal and pellets,0.47,6.932,0.0678
Antigua and Barbuda,Central America and Caribbean,2019,121410,Lucerne (alfalfa) meal and pellets,0.43,0.197,2.1827
East Timor,Southeast Asia,2019,121410,Lucerne (alfalfa) meal and pellets,0.24,0.66,0.3636
El Salvador,Central America and Caribbean,2019,121410,Lucerne (alfalfa) meal and pellets,0.23,0.035,6.5714
Kenya,Sub-Saharan Africa,2019,121410,Lucerne (alfalfa) meal and pellets,0.14,0.005,28.0
Georgia,Eastern Europe,2019,121410,Lucerne (alfalfa) meal and pellets,0.09,0.045,2.0
Ghana,Sub-Saharan Africa,2019,121410,Lucerne (alfalfa) meal and pellets,0.05,0.049,1.0204
Fiji,Oceania,2019,121410,Lucerne (alfalfa) meal and pellets,0.01,0.001,10.0
United Arab Emirates,Middle East,2018,121410,Lucerne (alfalfa) meal and pellets,307548.6,1222300.0,0.2516
Saudi Arabia,Middle East,2018,121410,Lucerne (alfalfa) meal and pellets,31915.84,80.94061958147864,394.3118
Qatar,Middle East,2018,121410,Lucerne (alfalfa) meal and pellets,26854.03,85968.5,0.3124
Japan,East Asia,2018,121410,Lucerne (alfalfa) meal and pellets,25248.41,82617.0,0.3056
Germany,Western Europe,2018,121410,Lucerne (alfalfa) meal and pellets,21581.57,87951.6,0.2454
United Kingdom,Western Europe,2018,121410,Lucerne (alfalfa) meal and pellets,18137.33,70899.0,0.2558
United States,North America,2018,121410,Lucerne (alfalfa) meal and pellets,15841.82,44336.0,0.3573
Belgium,Western Europe,2018,121410,Lucerne (alfalfa) meal and pellets,15335.48,72620.9,0.2112
Jordan,Middle East,2018,121410,Lucerne (alfalfa) meal and pellets,12638.77,46332.8,0.2728
France,Western Europe,2018,121410,Lucerne (alfalfa) meal and pellets,11979.83,46244.1,0.2591
Lesotho,Sub-Saharan Africa,2018,121410,Lucerne (alfalfa) meal and pellets,8798.67,21318.47613,0.4127
China,East Asia,2018,121410,Lucerne (alfalfa) meal and pellets,7624.28,29520.6,0.2583
Netherlands,Western Europe,2018,121410,Lucerne (alfalfa) meal and pellets,6783.19,31422.6,0.2159
Norway,Western Europe,2018,121410,Lucerne (alfalfa) meal and pellets,6078.17,20553.4,0.2957
Other Asia,Other Asia,2018,121410,Lucerne (alfalfa) meal and pellets,5911.58,21843.0,0.2706
South Korea,East Asia,2018,121410,Lucerne (alfalfa) meal and pellets,5890.31,23625.0,0.2493
Morocco,North Africa,2018,121410,Lucerne (alfalfa) meal and pellets,5716.32,30189.9,0.1893
Portugal,Western Europe,2018,121410,Lucerne (alfalfa) meal and pellets,5415.5,31548.0,0.1717
Kuwait,Middle East,2018,121410,Lucerne (alfalfa) meal and pellets,5370.68,18964.0,0.2832
Sweden,Western Europe,2018,121410,Lucerne (alfalfa) meal and pellets,5001.27,14403.7,0.3472
Austria,Western Europe,2018,121410,Lucerne (alfalfa) meal and pellets,3558.79,14231.1,0.2501
Ireland,Western Europe,2018,121410,Lucerne (alfalfa) meal and pellets,3502.28,17456.8,0.2006
Switzerland,Western Europe,2018,121410,Lucerne (alfalfa) meal and pellets,3185.6,11294.2,0.2821
Greece,Western Europe,2018,121410,Lucerne (alfalfa) meal and pellets,2913.58,14017.8,0.2078
Denmark,Western Europe,2018,121410,Lucerne (alfalfa) meal and pellets,2588.02,6483.4,0.3992
Tunisia,North Africa,2018,121410,Lucerne (alfalfa) meal and pellets,2081.91,12780.5,0.1629
Hong Kong (China),East Asia,2018,121410,Lucerne (alfalfa) meal and pellets,1667.32,3532.26,0.472
Oman,Middle East,2018,121410,Lucerne (alfalfa) meal and pellets,1504.24,4349.29,0.3459
Namibia,Sub-Saharan Africa,2018,121410,Lucerne (alfalfa) meal and pellets,1416.88,5469.37,0.2591
Croatia,Eastern Europe,2018,121410,Lucerne (alfalfa) meal and pellets,1177.93,5350.17,0.2202
Cyprus,Western Europe,2018,121410,Lucerne (alfalfa) meal and pellets,1151.07,4604.57,0.25
European Union,Western Europe,2018,121410,Lucerne (alfalfa) meal and pellets,1140.07,5592.33,0.2039
Botswana,Sub-Saharan Africa,2018,121410,Lucerne (alfalfa) meal and pellets,1079.33,4051.44,0.2664
Bahrain,Middle East,2018,121410,Lucerne (alfalfa) meal and pellets,1063.5,2347.24,0.4531
Lebanon,Middle East,2018,121410,Lucerne (alfalfa) meal and pellets,972.89,5226.84,0.1861
Colombia,South America,2018,121410,Lucerne (alfalfa) meal and pellets,885.93,2863.24,0.3094
Panama,Central America and Caribbean,2018,121410,Lucerne (alfalfa) meal and pellets,842.73,2489.82,0.3385
Israel,Middle East,2018,121410,Lucerne (alfalfa) meal and pellets,775.0,2991.62,0.2591
Dominican Republic,Central America and Caribbean,2018,121410,Lucerne (alfalfa) meal and pellets,646.43,1487.41,0.4346
Canada,North America,2018,121410,Lucerne (alfalfa) meal and pellets,588.33,676.094,0.8702
Slovenia,Eastern Europe,2018,121410,Lucerne (alfalfa) meal and pellets,557.62,2234.45,0.2496
South Africa,Sub-Saharan Africa,2018,121410,Lucerne (alfalfa) meal and pellets,552.25,4027.79,0.1371
Czech Republic,Eastern Europe,2018,121410,Lucerne (alfalfa) meal and pellets,547.85,2361.78,0.232
Philippines,Southeast Asia,2018,121410,Lucerne (alfalfa) meal and pellets,485.68,1020.0,0.4762
Romania,Eastern Europe,2018,121410,Lucerne (alfalfa) meal and pellets,472.16,1201.16,0.3931
Malta,Western Europe,2018,121410,Lucerne (alfalfa) meal and pellets,466.58,1940.68,0.2404
Poland,Eastern Europe,2018,121410,Lucerne (alfalfa) meal and pellets,416.11,1797.1,0.2315
Indonesia,Southeast Asia,2018,121410,Lucerne (alfalfa) meal and pellets,402.22,1184.01,0.3397
Cuba,Central America and Caribbean,2018,121410,Lucerne (alfalfa) meal and pellets,394.49,998.75,0.395
Mauritius,Sub-Saharan Africa,2018,121410,Lucerne (alfalfa) meal and pellets,385.35,1046.68,0.3682
Serbia,Eastern Europe,2018,121410,Lucerne (alfalfa) meal and pellets,381.74,1472.31,0.2593
Australia,Oceania,2018,121410,Lucerne (alfalfa) meal and pellets,363.46,657.416,0.5529
Spain,Western Europe,2018,121410,Lucerne (alfalfa) meal and pellets,356.64,1119.8,0.3185
Italy,Western Europe,2018,121410,Lucerne (alfalfa) meal and pellets,342.84,1385.98,0.2474
Finland,Western Europe,2018,121410,Lucerne (alfalfa) meal and pellets,338.59,337.86,1.0022
Bahamas,Central America and Caribbean,2018,121410,Lucerne (alfalfa) meal and pellets,237.88,130.267,1.8261
Brazil,South America,2018,121410,Lucerne (alfalfa) meal and pellets,219.22,1011.75,0.2167
Bosnia and Herzegovina,Eastern Europe,2018,121410,Lucerne (alfalfa) meal and pellets,218.63,926.42,0.236
Chile,South America,2018,121410,Lucerne (alfalfa) meal and pellets,214.24,850.27,0.252
Jamaica,Central America and Caribbean,2018,121410,Lucerne (alfalfa) meal and pellets,203.89,486.74,0.4189
Uruguay,South America,2018,121410,Lucerne (alfalfa) meal and pellets,193.67,870.0,0.2226
New Zealand,Oceania,2018,121410,Lucerne (alfalfa) meal and pellets,192.47,442.985,0.4345
Slovakia,Eastern Europe,2018,121410,Lucerne (alfalfa) meal and pellets,186.21,795.197,0.2342
Bermuda,North America,2018,121410,Lucerne (alfalfa) meal and pellets,181.71,71.203,2.552
Thailand,Southeast Asia,2018,121410,Lucerne (alfalfa) meal and pellets,153.99,465.191,0.331
Peru,South America,2018,121410,Lucerne (alfalfa) meal and pellets,144.95,409.46,0.354
Malaysia,Southeast Asia,2018,121410,Lucerne (alfalfa) meal and pellets,143.49,374.66,0.383
Cape Verde,Sub-Saharan Africa,2018,121410,Lucerne (alfalfa) meal and pellets,128.62,365.597,0.3518
Vietnam,Southeast Asia,2018,121410,Lucerne (alfalfa) meal and pellets,112.9,435.814,0.2591
Ecuador,South America,2018,121410,Lucerne (alfalfa) meal and pellets,96.23,351.564,0.2737
Costa Rica,Central America and Caribbean,2018,121410,Lucerne (alfalfa) meal and pellets,95.69,182.916,0.5231
Turkey,Eastern Europe,2018,121410,Lucerne (alfalfa) meal and pellets,88.03,352.76,0.2495
Guatemala,Central America and Caribbean,2018,121410,Lucerne (alfalfa) meal and pellets,65.16,176.404,0.3694
Luxembourg,Western Europe,2018,121410,Lucerne (alfalfa) meal and pellets,63.36,199.214,0.318
Singapore,Southeast Asia,2018,121410,Lucerne (alfalfa) meal and pellets,62.3,86.691,0.7186
Lithuania,Eastern Europe,2018,121410,Lucerne (alfalfa) meal and pellets,58.65,166.08,0.3531
Eswatini,Sub-Saharan Africa,2018,121410,Lucerne (alfalfa) meal and pellets,58.51,272.835,0.2145
Honduras,Central America and Caribbean,2018,121410,Lucerne (alfalfa) meal and pellets,56.23,156.268,0.3598
Iceland,Western Europe,2018,121410,Lucerne (alfalfa) meal and pellets,48.93,122.495,0.3994
Bolivia,South America,2018,121410,Lucerne (alfalfa) meal and pellets,47.37,101.0,0.469
St. Vincent and the Grenadines,Central America and Caribbean,2018,121410,Lucerne (alfalfa) meal and pellets,45.21,48.243,0.9371
Barbados,Central America and Caribbean,2018,121410,Lucerne (alfalfa) meal and pellets,39.6,53.603,0.7388
Pakistan,Central Asia,2018,121410,Lucerne (alfalfa) meal and pellets,38.29,74.0,0.5174
Libya,North Africa,2018,121410,Lucerne (alfalfa) meal and pellets,38.07,143.38,0.2655
French Polynesia,Oceania,2018,121410,Lucerne (alfalfa) meal and pellets,36.53,55.134,0.6626
India,Central Asia,2018,121410,Lucerne (alfalfa) meal and pellets,33.67,45.722,0.7364
Palestine,Middle East,2018,121410,Lucerne (alfalfa) meal and pellets,33.52,129.393,0.2591
Paraguay,South America,2018,121410,Lucerne (alfalfa) meal and pellets,33.23,136.923,0.2427
Seychelles,Sub-Saharan Africa,2018,121410,Lucerne (alfalfa) meal and pellets,31.22,173.704,0.1797
Trinidad and Tobago,Central America and Caribbean,2018,121410,Lucerne (alfalfa) meal and pellets,23.34,36.383,0.6415
Russia,Eastern Europe,2018,121410,Lucerne (alfalfa) meal and pellets,20.71,63.0,0.3287
Nigeria,Sub-Saharan Africa,2018,121410,Lucerne (alfalfa) meal and pellets,19.99,23.23,0.8605
Zambia,Sub-Saharan Africa,2018,121410,Lucerne (alfalfa) meal and pellets,18.83,84.59,0.2226
Tanzania,Sub-Saharan Africa,2018,121410,Lucerne (alfalfa) meal and pellets,16.51,84.425,0.1956
Zimbabwe,Sub-Saharan Africa,2018,121410,Lucerne (alfalfa) meal and pellets,16.19,30.021,0.5393
Hungary,Eastern Europe,2018,121410,Lucerne (alfalfa) meal and pellets,15.66,281.44,0.0556
Angola,Sub-Saharan Africa,2018,121410,Lucerne (alfalfa) meal and pellets,13.61,16.813,0.8095
Azerbaijan,Eastern Europe,2018,121410,Lucerne (alfalfa) meal and pellets,12.5,62.5,0.2
Curaçao,Central America and Caribbean,2018,121410,Lucerne (alfalfa) meal and pellets,10.89,19.6,0.5556
El Salvador,Central America and Caribbean,2018,121410,Lucerne (alfalfa) meal and pellets,9.05,20.051,0.4513
Uzbekistan,Central Asia,2018,121410,Lucerne (alfalfa) meal and pellets,4.95,20.0,0.2475
Latvia,Eastern Europe,2018,121410,Lucerne (alfalfa) meal and pellets,3.48,20.012,0.1739
Grenada,Central America and Caribbean,2018,121410,Lucerne (alfalfa) meal and pellets,3.11,6.015,0.517
Senegal,Sub-Saharan Africa,2018,121410,Lucerne (alfalfa) meal and pellets,2.12,3.798,0.5582
Madagascar,Sub-Saharan Africa,2018,121410,Lucerne (alfalfa) meal and pellets,2.11,4.85,0.4351
Mozambique,Sub-Saharan Africa,2018,121410,Lucerne (alfalfa) meal and pellets,1.39,1.272,1.0928
Estonia,Eastern Europe,2018,121410,Lucerne (alfalfa) meal and pellets,0.79,2.0,0.395
Bulgaria,Eastern Europe,2018,121410,Lucerne (alfalfa) meal and pellets,0.37,0.75,0.4933
Antigua and Barbuda,Central America and Caribbean,2018,121410,Lucerne (alfalfa) meal and pellets,0.29,0.094,3.0851
Belarus,Eastern Europe,2018,121410,Lucerne (alfalfa) meal and pellets,0.1,1.0,0.1
Aruba,Central America and Caribbean,2018,121410,Lucerne (alfalfa) meal and pellets,0.06,0.082,0.7317
Ghana,Sub-Saharan Africa,2018,121410,Lucerne (alfalfa) meal and pellets,0.02,0.01,2.0
United Arab Emirates,Middle East,2017,121410,Lucerne (alfalfa) meal and pellets,307000.21,1198010.0,0.2563
Saudi Arabia,Middle East,2017,121410,Lucerne (alfalfa) meal and pellets,37924.57,90970.9,0.4169
Japan,East Asia,2017,121410,Lucerne (alfalfa) meal and pellets,22544.95,74495.0,0.3026
United States,North America,2017,121410,Lucerne (alfalfa) meal and pellets,15933.86,45756.0,0.3482
Germany,Western Europe,2017,121410,Lucerne (alfalfa) meal and pellets,15813.77,67451.3,0.2344
Belgium,Western Europe,2017,121410,Lucerne (alfalfa) meal and pellets,14281.38,73211.1,0.1951
France,Western Europe,2017,121410,Lucerne (alfalfa) meal and pellets,12256.11,66093.0,0.1854
Qatar,Middle East,2017,121410,Lucerne (alfalfa) meal and pellets,11483.47,38860.8,0.2955
Jordan,Middle East,2017,121410,Lucerne (alfalfa) meal and pellets,11463.58,43010.0,0.2665
Netherlands,Western Europe,2017,121410,Lucerne (alfalfa) meal and pellets,10846.71,45225.6,0.2398
China,East Asia,2017,121410,Lucerne (alfalfa) meal and pellets,9447.94,37629.2,0.2511
United Kingdom,Western Europe,2017,121410,Lucerne (alfalfa) meal and pellets,8693.24,35219.5,0.2468
Kuwait,Middle East,2017,121410,Lucerne (alfalfa) meal and pellets,7085.06,23339.4,0.3036
Lesotho,Sub-Saharan Africa,2017,121410,Lucerne (alfalfa) meal and pellets,6938.56,20389.2,0.3403
Vietnam,Southeast Asia,2017,121410,Lucerne (alfalfa) meal and pellets,6461.7,25999.5,0.2485
Austria,Western Europe,2017,121410,Lucerne (alfalfa) meal and pellets,6112.82,26390.1,0.2316
South Korea,East Asia,2017,121410,Lucerne (alfalfa) meal and pellets,5622.28,23257.9,0.2417
Other Asia,Other Asia,2017,121410,Lucerne (alfalfa) meal and pellets,5554.79,22173.7,0.2505
Greece,Western Europe,2017,121410,Lucerne (alfalfa) meal and pellets,3716.68,19537.7,0.1902
Portugal,Western Europe,2017,121410,Lucerne (alfalfa) meal and pellets,3634.91,22766.9,0.1597
Morocco,North Africa,2017,121410,Lucerne (alfalfa) meal and pellets,3485.07,21647.4,0.161
Tunisia,North Africa,2017,121410,Lucerne (alfalfa) meal and pellets,2427.64,16217.2,0.1497
Sweden,Western Europe,2017,121410,Lucerne (alfalfa) meal and pellets,2349.77,5996.0,0.3919
Switzerland,Western Europe,2017,121410,Lucerne (alfalfa) meal and pellets,2113.89,8300.87,0.2547
Denmark,Western Europe,2017,121410,Lucerne (alfalfa) meal and pellets,2093.0,5736.85,0.3648
Cyprus,Western Europe,2017,121410,Lucerne (alfalfa) meal and pellets,1887.79,7482.57,0.2523
Norway,Western Europe,2017,121410,Lucerne (alfalfa) meal and pellets,1821.84,3452.12,0.5277
Hong Kong (China),East Asia,2017,121410,Lucerne (alfalfa) meal and pellets,1728.73,3629.22,0.4763
European Union,Western Europe,2017,121410,Lucerne (alfalfa) meal and pellets,1689.35,8805.28,0.1919
Lebanon,Middle East,2017,121410,Lucerne (alfalfa) meal and pellets,1435.27,7907.79,0.1815
Bahrain,Middle East,2017,121410,Lucerne (alfalfa) meal and pellets,1292.0,2773.54,0.4658
Indonesia,Southeast Asia,2017,121410,Lucerne (alfalfa) meal and pellets,1273.41,3902.68,0.3263
Namibia,Sub-Saharan Africa,2017,121410,Lucerne (alfalfa) meal and pellets,1195.92,6106.18,0.1959
Kenya,Sub-Saharan Africa,2017,121410,Lucerne (alfalfa) meal and pellets,993.87,3968.7,0.2504
Algeria,North Africa,2017,121410,Lucerne (alfalfa) meal and pellets,953.04,4555.66,0.2092
Oman,Middle East,2017,121410,Lucerne (alfalfa) meal and pellets,941.13,2888.53,0.3258
Croatia,Eastern Europe,2017,121410,Lucerne (alfalfa) meal and pellets,929.02,4144.87,0.2241
Italy,Western Europe,2017,121410,Lucerne (alfalfa) meal and pellets,889.91,3072.84,0.2896
Colombia,South America,2017,121410,Lucerne (alfalfa) meal and pellets,803.81,2709.3,0.2967
Mauritius,Sub-Saharan Africa,2017,121410,Lucerne (alfalfa) meal and pellets,760.42,2087.96,0.3642
Panama,Central America and Caribbean,2017,121410,Lucerne (alfalfa) meal and pellets,716.8,2261.85,0.3169
Canada,North America,2017,121410,Lucerne (alfalfa) meal and pellets,675.8,745.371,0.9067
Spain,Western Europe,2017,121410,Lucerne (alfalfa) meal and pellets,641.11,1018.12,0.6297
Malta,Western Europe,2017,121410,Lucerne (alfalfa) meal and pellets,580.04,1646.45,0.3523
Israel,Middle East,2017,121410,Lucerne (alfalfa) meal and pellets,560.0,1980.76,0.2827
Dominican Republic,Central America and Caribbean,2017,121410,Lucerne (alfalfa) meal and pellets,546.84,1398.68,0.391
Botswana,Sub-Saharan Africa,2017,121410,Lucerne (alfalfa) meal and pellets,510.3,2267.51,0.225
Ireland,Western Europe,2017,121410,Lucerne (alfalfa) meal and pellets,496.33,1990.71,0.2493
South Africa,Sub-Saharan Africa,2017,121410,Lucerne (alfalfa) meal and pellets,489.53,3644.14,0.1343
Romania,Eastern Europe,2017,121410,Lucerne (alfalfa) meal and pellets,478.65,601.407,0.7959
Turkey,Eastern Europe,2017,121410,Lucerne (alfalfa) meal and pellets,451.55,2279.52,0.1981
Cuba,Central America and Caribbean,2017,121410,Lucerne (alfalfa) meal and pellets,421.2,993.4,0.424
Slovenia,Eastern Europe,2017,121410,Lucerne (alfalfa) meal and pellets,409.64,43286.0,0.0095
Serbia,Eastern Europe,2017,121410,Lucerne (alfalfa) meal and pellets,381.44,1589.04,0.24
Ecuador,South America,2017,121410,Lucerne (alfalfa) meal and pellets,338.19,1236.52,0.2735
Uruguay,South America,2017,121410,Lucerne (alfalfa) meal and pellets,337.5,1795.0,0.188
Philippines,Southeast Asia,2017,121410,Lucerne (alfalfa) meal and pellets,322.13,675.34,0.477
Sri Lanka,Central Asia,2017,121410,Lucerne (alfalfa) meal and pellets,265.47,648.572,0.4093
Peru,South America,2017,121410,Lucerne (alfalfa) meal and pellets,254.82,831.585,0.3064
New Zealand,Oceania,2017,121410,Lucerne (alfalfa) meal and pellets,234.0,445.142,0.5257
Finland,Western Europe,2017,121410,Lucerne (alfalfa) meal and pellets,224.19,318.68,0.7035
Chile,South America,2017,121410,Lucerne (alfalfa) meal and pellets,208.94,857.431,0.2437
Bosnia and Herzegovina,Eastern Europe,2017,121410,Lucerne (alfalfa) meal and pellets,195.78,858.861,0.228
Malaysia,Southeast Asia,2017,121410,Lucerne (alfalfa) meal and pellets,194.34,610.579,0.3183
Pakistan,Central Asia,2017,121410,Lucerne (alfalfa) meal and pellets,180.29,153.26,1.1764
Bahamas,Central America and Caribbean,2017,121410,Lucerne (alfalfa) meal and pellets,176.14,50.855,3.4636
Slovakia,Eastern Europe,2017,121410,Lucerne (alfalfa) meal and pellets,171.87,785.195,0.2189
Jamaica,Central America and Caribbean,2017,121410,Lucerne (alfalfa) meal and pellets,164.48,425.242,0.3868
Australia,Oceania,2017,121410,Lucerne (alfalfa) meal and pellets,148.95,228.864,0.6508
Thailand,Southeast Asia,2017,121410,Lucerne (alfalfa) meal and pellets,142.78,438.169,0.3259
Luxembourg,Western Europe,2017,121410,Lucerne (alfalfa) meal and pellets,111.9,274.358,0.4079
Singapore,Southeast Asia,2017,121410,Lucerne (alfalfa) meal and pellets,111.18,235.35,0.4724
Bermuda,North America,2017,121410,Lucerne (alfalfa) meal and pellets,98.06,16.311,6.0119
Zambia,Sub-Saharan Africa,2017,121410,Lucerne (alfalfa) meal and pellets,97.92,393.99,0.2485
Brazil,South America,2017,121410,Lucerne (alfalfa) meal and pellets,86.69,275.0,0.3152
Poland,Eastern Europe,2017,121410,Lucerne (alfalfa) meal and pellets,85.81,529.989,0.1619
Nigeria,Sub-Saharan Africa,2017,121410,Lucerne (alfalfa) meal and pellets,84.38,327.706,0.2575
Russia,Eastern Europe,2017,121410,Lucerne (alfalfa) meal and pellets,73.1,215.685,0.3389
St. Vincent and the Grenadines,Central America and Caribbean,2017,121410,Lucerne (alfalfa) meal and pellets,61.49,77.932,0.789
Greenland,North America,2017,121410,Lucerne (alfalfa) meal and pellets,60.78,156.0,0.3896
Guatemala,Central America and Caribbean,2017,121410,Lucerne (alfalfa) meal and pellets,57.35,169.656,0.338
Costa Rica,Central America and Caribbean,2017,121410,Lucerne (alfalfa) meal and pellets,56.82,82.631,0.6876
Barbados,Central America and Caribbean,2017,121410,Lucerne (alfalfa) meal and pellets,54.23,84.011,0.6455
Brunei,Southeast Asia,2017,121410,Lucerne (alfalfa) meal and pellets,52.29,73.2,0.7143
Czech Republic,Eastern Europe,2017,121410,Lucerne (alfalfa) meal and pellets,51.85,235.685,0.22
Cape Verde,Sub-Saharan Africa,2017,121410,Lucerne (alfalfa) meal and pellets,46.93,151.44,0.3099
Trinidad and Tobago,Central America and Caribbean,2017,121410,Lucerne (alfalfa) meal and pellets,45.13,74.793,0.6034
Iceland,Western Europe,2017,121410,Lucerne (alfalfa) meal and pellets,44.53,118.455,0.3759
Libya,North Africa,2017,121410,Lucerne (alfalfa) meal and pellets,44.23,155.28,0.2848
Bolivia,South America,2017,121410,Lucerne (alfalfa) meal and pellets,43.08,96.0,0.4488
Lithuania,Eastern Europe,2017,121410,Lucerne (alfalfa) meal and pellets,41.2,173.0,0.2382
Eswatini,Sub-Saharan Africa,2017,121410,Lucerne (alfalfa) meal and pellets,37.68,197.73,0.1906
French Polynesia,Oceania,2017,121410,Lucerne (alfalfa) meal and pellets,30.65,42.352,0.7237
Paraguay,South America,2017,121410,Lucerne (alfalfa) meal and pellets,29.33,109.0,0.2691
Hungary,Eastern Europe,2017,121410,Lucerne (alfalfa) meal and pellets,25.79,147.85,0.1744
Honduras,Central America and Caribbean,2017,121410,Lucerne (alfalfa) meal and pellets,18.36,52.0,0.3531
Madagascar,Sub-Saharan Africa,2017,121410,Lucerne (alfalfa) meal and pellets,15.15,31.2,0.4856
Georgia,Eastern Europe,2017,121410,Lucerne (alfalfa) meal and pellets,12.05,50.0,0.241
Iran,Middle East,2017,121410,Lucerne (alfalfa) meal and pellets,11.97,48.0,0.2494
Tanzania,Sub-Saharan Africa,2017,121410,Lucerne (alfalfa) meal and pellets,11.58,49.6,0.2335
Mozambique,Sub-Saharan Africa,2017,121410,Lucerne (alfalfa) meal and pellets,11.02,27.15518,0.4058
Bulgaria,Eastern Europe,2017,121410,Lucerne (alfalfa) meal and pellets,9.84,66.0,0.1491
Curaçao,Central America and Caribbean,2017,121410,Lucerne (alfalfa) meal and pellets,8.77,12.6,0.696
Mauritania,Sub-Saharan Africa,2017,121410,Lucerne (alfalfa) meal and pellets,6.5,14.8,0.4392
St. Lucia,Central America and Caribbean,2017,121410,Lucerne (alfalfa) meal and pellets,5.19,5.826,0.8908
Grenada,Central America and Caribbean,2017,121410,Lucerne (alfalfa) meal and pellets,4.97,6.78,0.733
Nicaragua,Central America and Caribbean,2017,121410,Lucerne (alfalfa) meal and pellets,3.58,1.0,3.58
Andorra,Western Europe,2017,121410,Lucerne (alfalfa) meal and pellets,1.59,8.25,0.1927
Kazakhstan,Eastern Europe,2017,121410,Lucerne (alfalfa) meal and pellets,1.48,10.0,0.148
Estonia,Eastern Europe,2017,121410,Lucerne (alfalfa) meal and pellets,0.38,1.03,0.3689
El Salvador,Central America and Caribbean,2017,121410,Lucerne (alfalfa) meal and pellets,0.31,0.046,6.7391
St. Kitts and Nevis,Central America and Caribbean,2017,121410,Lucerne (alfalfa) meal and pellets,0.31,0.14,2.2143
East Timor,Southeast Asia,2017,121410,Lucerne (alfalfa) meal and pellets,0.23,0.8,0.2875
Uganda,Sub-Saharan Africa,2017,121410,Lucerne (alfalfa) meal and pellets,0.15,3.0,0.05
Mongolia,East Asia,2017,121410,Lucerne (alfalfa) meal and pellets,0.14,0.005,28.0
Montenegro,Eastern Europe,2017,121410,Lucerne (alfalfa) meal and pellets,0.06,0.2,0.3
Latvia,Eastern Europe,2017,121410,Lucerne (alfalfa) meal and pellets,0.05,0.009,5.5556
Ghana,Sub-Saharan Africa,2017,121410,Lucerne (alfalfa) meal and pellets,0.04,0.047,0.8511
Antigua and Barbuda,Central America and Caribbean,2017,121410,Lucerne (alfalfa) meal and pellets,0.03,0.007,4.2857
Fiji,Oceania,2017,121410,Lucerne (alfalfa) meal and pellets,0.03,0.036,0.8333
"Congo, Dem. Rep.",Sub-Saharan Africa,2017,121410,Lucerne (alfalfa) meal and pellets,0.01,0.001,10.0
United Arab Emirates,Middle East,2016,121410,Lucerne (alfalfa) meal and pellets,331548.99,1230110.0,0.2695
Saudi Arabia,Middle East,2016,121410,Lucerne (alfalfa) meal and pellets,73539.56,210899.0,0.3487
Japan,East Asia,2016,121410,Lucerne (alfalfa) meal and pellets,25370.63,79827.0,0.3178
United States,North America,2016,121410,Lucerne (alfalfa) meal and pellets,16292.94,48259.0,0.3376
Germany,Western Europe,2016,121410,Lucerne (alfalfa) meal and pellets,12921.7,56817.7,0.2274
Belgium,Western Europe,2016,121410,Lucerne (alfalfa) meal and pellets,12803.15,65066.1,0.1968
Jordan,Middle East,2016,121410,Lucerne (alfalfa) meal and pellets,10785.82,38280.3,0.2818
Qatar,Middle East,2016,121410,Lucerne (alfalfa) meal and pellets,10400.02,29789.8,0.3491
Netherlands,Western Europe,2016,121410,Lucerne (alfalfa) meal and pellets,9175.75,41519.4,0.221
China,East Asia,2016,121410,Lucerne (alfalfa) meal and pellets,7890.22,31166.0,0.2532
United Kingdom,Western Europe,2016,121410,Lucerne (alfalfa) meal and pellets,7607.68,32283.9,0.2356
France,Western Europe,2016,121410,Lucerne (alfalfa) meal and pellets,7282.24,38224.5,0.1905
Other Asia,Other Asia,2016,121410,Lucerne (alfalfa) meal and pellets,5883.82,22548.2,0.2609
Lesotho,Sub-Saharan Africa,2016,121410,Lucerne (alfalfa) meal and pellets,5742.7,17643.0,0.3255
Morocco,North Africa,2016,121410,Lucerne (alfalfa) meal and pellets,5528.03,32535.1,0.1699
Kuwait,Middle East,2016,121410,Lucerne (alfalfa) meal and pellets,5523.0,17135.5,0.3223
South Korea,East Asia,2016,121410,Lucerne (alfalfa) meal and pellets,5366.13,22894.5,0.2344
Tunisia,North Africa,2016,121410,Lucerne (alfalfa) meal and pellets,4002.37,27535.0,0.1454
Portugal,Western Europe,2016,121410,Lucerne (alfalfa) meal and pellets,3873.51,23249.6,0.1666
Greece,Western Europe,2016,121410,Lucerne (alfalfa) meal and pellets,3081.71,14877.9,0.2071
Austria,Western Europe,2016,121410,Lucerne (alfalfa) meal and pellets,2691.39,10846.0,0.2481
Lebanon,Middle East,2016,121410,Lucerne (alfalfa) meal and pellets,2028.65,8794.98,0.2307
Switzerland,Western Europe,2016,121410,Lucerne (alfalfa) meal and pellets,1967.47,8059.45,0.2441
Norway,Western Europe,2016,121410,Lucerne (alfalfa) meal and pellets,1763.91,3604.19,0.4894
Cyprus,Western Europe,2016,121410,Lucerne (alfalfa) meal and pellets,1519.35,6343.09,0.2395
Hong Kong (China),East Asia,2016,121410,Lucerne (alfalfa) meal and pellets,1456.03,2835.02,0.5136
Namibia,Sub-Saharan Africa,2016,121410,Lucerne (alfalfa) meal and pellets,1256.18,5157.41,0.2436
Sweden,Western Europe,2016,121410,Lucerne (alfalfa) meal and pellets,1092.71,2051.41,0.5327
Bahrain,Middle East,2016,121410,Lucerne (alfalfa) meal and pellets,1031.33,2444.17,0.422
Malta,Western Europe,2016,121410,Lucerne (alfalfa) meal and pellets,1026.49,5134.4,0.1999
Botswana,Sub-Saharan Africa,2016,121410,Lucerne (alfalfa) meal and pellets,1016.89,7562.77,0.1345
Colombia,South America,2016,121410,Lucerne (alfalfa) meal and pellets,974.45,3330.5,0.2926
Italy,Western Europe,2016,121410,Lucerne (alfalfa) meal and pellets,769.44,2934.8,0.2622
Cuba,Central America and Caribbean,2016,121410,Lucerne (alfalfa) meal and pellets,764.04,1799.02,0.4247
Romania,Eastern Europe,2016,121410,Lucerne (alfalfa) meal and pellets,729.51,2637.12,0.2766
European Union,Western Europe,2016,121410,Lucerne (alfalfa) meal and pellets,718.53,3323.74,0.2162
Dominican Republic,Central America and Caribbean,2016,121410,Lucerne (alfalfa) meal and pellets,655.8,1650.9,0.3972
Oman,Middle East,2016,121410,Lucerne (alfalfa) meal and pellets,633.19,1668.81,0.3794
Denmark,Western Europe,2016,121410,Lucerne (alfalfa) meal and pellets,613.97,1540.47,0.3986
Croatia,Eastern Europe,2016,121410,Lucerne (alfalfa) meal and pellets,584.23,2631.73,0.222
Serbia,Eastern Europe,2016,121410,Lucerne (alfalfa) meal and pellets,582.05,2496.6,0.2331
Panama,Central America and Caribbean,2016,121410,Lucerne (alfalfa) meal and pellets,581.79,1737.2,0.3349
Canada,North America,2016,121410,Lucerne (alfalfa) meal and pellets,575.36,657.761,0.8747
Ireland,Western Europe,2016,121410,Lucerne (alfalfa) meal and pellets,492.2,1911.19,0.2575
Israel,Middle East,2016,121410,Lucerne (alfalfa) meal and pellets,448.0,1727.33,0.2594
South Africa,Sub-Saharan Africa,2016,121410,Lucerne (alfalfa) meal and pellets,402.5,3766.11,0.1069
Philippines,Southeast Asia,2016,121410,Lucerne (alfalfa) meal and pellets,394.53,506.425,0.779
Slovenia,Eastern Europe,2016,121410,Lucerne (alfalfa) meal and pellets,364.83,1648.64,0.2213
Algeria,North Africa,2016,121410,Lucerne (alfalfa) meal and pellets,341.55,1590.75,0.2147
New Zealand,Oceania,2016,121410,Lucerne (alfalfa) meal and pellets,246.82,534.399,0.4619
Laos,Southeast Asia,2016,121410,Lucerne (alfalfa) meal and pellets,242.18,856.22,0.2828
Chile,South America,2016,121410,Lucerne (alfalfa) meal and pellets,236.79,967.0,0.2449
Bahamas,Central America and Caribbean,2016,121410,Lucerne (alfalfa) meal and pellets,226.39,70.394,3.216
Spain,Western Europe,2016,121410,Lucerne (alfalfa) meal and pellets,225.23,367.198,0.6134
Peru,South America,2016,121410,Lucerne (alfalfa) meal and pellets,204.91,648.53,0.316
Libya,North Africa,2016,121410,Lucerne (alfalfa) meal and pellets,195.18,834.385,0.2339
Bosnia and Herzegovina,Eastern Europe,2016,121410,Lucerne (alfalfa) meal and pellets,191.67,836.53,0.2291
Malaysia,Southeast Asia,2016,121410,Lucerne (alfalfa) meal and pellets,191.19,622.011,0.3074
Ecuador,South America,2016,121410,Lucerne (alfalfa) meal and pellets,172.84,536.462,0.3222
Uruguay,South America,2016,121410,Lucerne (alfalfa) meal and pellets,163.93,881.0,0.1861
India,Central Asia,2016,121410,Lucerne (alfalfa) meal and pellets,152.69,57.453,2.6577
Jamaica,Central America and Caribbean,2016,121410,Lucerne (alfalfa) meal and pellets,151.11,371.701,0.4065
Czech Republic,Eastern Europe,2016,121410,Lucerne (alfalfa) meal and pellets,146.09,787.636,0.1855
Hungary,Eastern Europe,2016,121410,Lucerne (alfalfa) meal and pellets,142.65,714.405,0.1997
Singapore,Southeast Asia,2016,121410,Lucerne (alfalfa) meal and pellets,124.61,213.12203,0.5847
Poland,Eastern Europe,2016,121410,Lucerne (alfalfa) meal and pellets,121.12,626.41,0.1934
Mauritius,Sub-Saharan Africa,2016,121410,Lucerne (alfalfa) meal and pellets,117.79,244.533,0.4817
Finland,Western Europe,2016,121410,Lucerne (alfalfa) meal and pellets,110.76,65.76,1.6843
Thailand,Southeast Asia,2016,121410,Lucerne (alfalfa) meal and pellets,103.66,379.8,0.2729
Vietnam,Southeast Asia,2016,121410,Lucerne (alfalfa) meal and pellets,101.57,401.214,0.2532
Slovakia,Eastern Europe,2016,121410,Lucerne (alfalfa) meal and pellets,96.82,477.84,0.2026
Pakistan,Central Asia,2016,121410,Lucerne (alfalfa) meal and pellets,87.49,76.383,1.1454
Paraguay,South America,2016,121410,Lucerne (alfalfa) meal and pellets,81.59,307.3,0.2655
Costa Rica,Central America and Caribbean,2016,121410,Lucerne (alfalfa) meal and pellets,80.35,176.058,0.4564
St. Vincent and the Grenadines,Central America and Caribbean,2016,121410,Lucerne (alfalfa) meal and pellets,79.81,105.533,0.7563
Zambia,Sub-Saharan Africa,2016,121410,Lucerne (alfalfa) meal and pellets,77.33,305.469,0.2532
Luxembourg,Western Europe,2016,121410,Lucerne (alfalfa) meal and pellets,73.66,120.491,0.6113
Guatemala,Central America and Caribbean,2016,121410,Lucerne (alfalfa) meal and pellets,65.32,168.943,0.3866
Turkey,Eastern Europe,2016,121410,Lucerne (alfalfa) meal and pellets,61.19,227.48,0.269
Trinidad and Tobago,Central America and Caribbean,2016,121410,Lucerne (alfalfa) meal and pellets,60.82,111.462,0.5457
Eswatini,Sub-Saharan Africa,2016,121410,Lucerne (alfalfa) meal and pellets,57.18,177.046,0.323
Australia,Oceania,2016,121410,Lucerne (alfalfa) meal and pellets,54.52,59.0,0.9241
Iceland,Western Europe,2016,121410,Lucerne (alfalfa) meal and pellets,50.3,127.621,0.3941
Barbados,Central America and Caribbean,2016,121410,Lucerne (alfalfa) meal and pellets,46.41,75.759,0.6126
Bolivia,South America,2016,121410,Lucerne (alfalfa) meal and pellets,45.43,108.27,0.4196
Estonia,Eastern Europe,2016,121410,Lucerne (alfalfa) meal and pellets,35.3,174.634,0.2021
French Polynesia,Oceania,2016,121410,Lucerne (alfalfa) meal and pellets,33.64,44.797,0.7509
Sri Lanka,Central Asia,2016,121410,Lucerne (alfalfa) meal and pellets,33.23,117.47,0.2829
Bermuda,North America,2016,121410,Lucerne (alfalfa) meal and pellets,29.33,27.4,1.0704
Palestine,Middle East,2016,121410,Lucerne (alfalfa) meal and pellets,28.93,102.288,0.2828
Latvia,Eastern Europe,2016,121410,Lucerne (alfalfa) meal and pellets,24.83,120.754,0.2056
Greenland,North America,2016,121410,Lucerne (alfalfa) meal and pellets,24.33,64.0,0.3802
Russia,Eastern Europe,2016,121410,Lucerne (alfalfa) meal and pellets,24.21,56.975,0.4249
Zimbabwe,Sub-Saharan Africa,2016,121410,Lucerne (alfalfa) meal and pellets,23.93,49.126,0.4871
Brazil,South America,2016,121410,Lucerne (alfalfa) meal and pellets,23.07,56.0,0.412
Moldova,Eastern Europe,2016,121410,Lucerne (alfalfa) meal and pellets,19.08,110.0,0.1735
Honduras,Central America and Caribbean,2016,121410,Lucerne (alfalfa) meal and pellets,18.81,52.052,0.3614
Cape Verde,Sub-Saharan Africa,2016,121410,Lucerne (alfalfa) meal and pellets,13.12,45.232,0.2901
Mozambique,Sub-Saharan Africa,2016,121410,Lucerne (alfalfa) meal and pellets,12.51,32.98,0.3793
Grenada,Central America and Caribbean,2016,121410,Lucerne (alfalfa) meal and pellets,11.28,9.087,1.2413
Tanzania,Sub-Saharan Africa,2016,121410,Lucerne (alfalfa) meal and pellets,10.96,29.6,0.3703
Bulgaria,Eastern Europe,2016,121410,Lucerne (alfalfa) meal and pellets,6.76,44.0,0.1536
Lithuania,Eastern Europe,2016,121410,Lucerne (alfalfa) meal and pellets,6.7,30.0,0.2233
"Congo, Dem. Rep.",Sub-Saharan Africa,2016,121410,Lucerne (alfalfa) meal and pellets,2.64,3.8,0.6947
Niger,Sub-Saharan Africa,2016,121410,Lucerne (alfalfa) meal and pellets,2.02,8.0,0.2525
Mauritania,Sub-Saharan Africa,2016,121410,Lucerne (alfalfa) meal and pellets,1.78,3.0,0.5933
Madagascar,Sub-Saharan Africa,2016,121410,Lucerne (alfalfa) meal and pellets,1.72,2.0,0.86
Andorra,Western Europe,2016,121410,Lucerne (alfalfa) meal and pellets,0.65,3.16,0.2057
St. Kitts and Nevis,Central America and Caribbean,2016,121410,Lucerne (alfalfa) meal and pellets,0.6,0.267,2.2472
Seychelles,Sub-Saharan Africa,2016,121410,Lucerne (alfalfa) meal and pellets,0.39,0.034,11.4706
Guinea-Bissau,Sub-Saharan Africa,2016,121410,Lucerne (alfalfa) meal and pellets,0.23,0.273,0.8425
Antigua and Barbuda,Central America and Caribbean,2016,121410,Lucerne (alfalfa) meal and pellets,0.1,0.054,1.8519
El Salvador,Central America and Caribbean,2016,121410,Lucerne (alfalfa) meal and pellets,0.07,0.011,6.3636
Sao Tome and Principe,Sub-Saharan Africa,2016,121410,Lucerne (alfalfa) meal and pellets,0.05,0.012,4.1667
Rwanda,Sub-Saharan Africa,2016,121410,Lucerne (alfalfa) meal and pellets,0.02,0.024,0.8333
Ghana,Sub-Saharan Africa,2016,121410,Lucerne (alfalfa) meal and pellets,0.01,0.003,3.3333
Benin,Sub-Saharan Africa,2016,121410,Lucerne (alfalfa) meal and pellets,0.01,0.136,0.0735
United Arab Emirates,Middle East,2015,121410,Lucerne (alfalfa) meal and pellets,347350.81,1124810.0,0.3088
Saudi Arabia,Middle East,2015,121410,Lucerne (alfalfa) meal and pellets,54515.34,146694.0,0.3716
Japan,East Asia,2015,121410,Lucerne (alfalfa) meal and pellets,28286.52,83533.0,0.3386
Germany,Western Europe,2015,121410,Lucerne (alfalfa) meal and pellets,15998.4,66021.1,0.2423
United States,North America,2015,121410,Lucerne (alfalfa) meal and pellets,14132.08,42736.0,0.3307
Belgium,Western Europe,2015,121410,Lucerne (alfalfa) meal and pellets,12536.06,64007.8,0.1959
Jordan,Middle East,2015,121410,Lucerne (alfalfa) meal and pellets,11994.83,39725.5,0.3019
Qatar,Middle East,2015,121410,Lucerne (alfalfa) meal and pellets,8645.99,24490.4,0.353
Other Asia,Other Asia,2015,121410,Lucerne (alfalfa) meal and pellets,8601.87,28707.0,0.2996
Netherlands,Western Europe,2015,121410,Lucerne (alfalfa) meal and pellets,8012.24,34685.8,0.231
Kuwait,Middle East,2015,121410,Lucerne (alfalfa) meal and pellets,7907.95,20180.7,0.3919
China,East Asia,2015,121410,Lucerne (alfalfa) meal and pellets,7082.51,22106.5,0.3204
France,Western Europe,2015,121410,Lucerne (alfalfa) meal and pellets,6198.74,32142.4,0.1929
Portugal,Western Europe,2015,121410,Lucerne (alfalfa) meal and pellets,5621.68,34086.1,0.1649
United Kingdom,Western Europe,2015,121410,Lucerne (alfalfa) meal and pellets,5061.34,19636.5,0.2578
South Korea,East Asia,2015,121410,Lucerne (alfalfa) meal and pellets,4996.65,18907.9,0.2643
Lesotho,Sub-Saharan Africa,2015,121410,Lucerne (alfalfa) meal and pellets,4282.83,15133.3,0.283
Tunisia,North Africa,2015,121410,Lucerne (alfalfa) meal and pellets,3753.72,23866.0,0.1573
Morocco,North Africa,2015,121410,Lucerne (alfalfa) meal and pellets,3459.91,21515.4,0.1608
Austria,Western Europe,2015,121410,Lucerne (alfalfa) meal and pellets,3096.86,14054.7,0.2203
Greece,Western Europe,2015,121410,Lucerne (alfalfa) meal and pellets,2936.6,15278.6,0.1922
Namibia,Sub-Saharan Africa,2015,121410,Lucerne (alfalfa) meal and pellets,2177.77,10040.8,0.2169
Switzerland,Western Europe,2015,121410,Lucerne (alfalfa) meal and pellets,2080.25,8321.54,0.25
Hong Kong (China),East Asia,2015,121410,Lucerne (alfalfa) meal and pellets,1502.99,2922.86,0.5142
Norway,Western Europe,2015,121410,Lucerne (alfalfa) meal and pellets,1501.94,3135.5,0.479
Cyprus,Western Europe,2015,121410,Lucerne (alfalfa) meal and pellets,1287.75,6059.65,0.2125
Sweden,Western Europe,2015,121410,Lucerne (alfalfa) meal and pellets,1081.01,2470.96,0.4375
Italy,Western Europe,2015,121410,Lucerne (alfalfa) meal and pellets,1073.16,3164.95,0.3391
Colombia,South America,2015,121410,Lucerne (alfalfa) meal and pellets,1017.33,2937.29,0.3463
Romania,Eastern Europe,2015,121410,Lucerne (alfalfa) meal and pellets,1015.05,3452.33,0.294
Spain,Western Europe,2015,121410,Lucerne (alfalfa) meal and pellets,950.16,6165.38,0.1541
Bahrain,Middle East,2015,121410,Lucerne (alfalfa) meal and pellets,878.41,2204.99,0.3984
Malta,Western Europe,2015,121410,Lucerne (alfalfa) meal and pellets,834.79,4012.57,0.208
Denmark,Western Europe,2015,121410,Lucerne (alfalfa) meal and pellets,817.47,1704.49,0.4796
European Union,Western Europe,2015,121410,Lucerne (alfalfa) meal and pellets,811.36,3672.94,0.2209
Croatia,Eastern Europe,2015,121410,Lucerne (alfalfa) meal and pellets,763.43,3272.1,0.2333
Lebanon,Middle East,2015,121410,Lucerne (alfalfa) meal and pellets,712.38,3715.08,0.1918
Botswana,Sub-Saharan Africa,2015,121410,Lucerne (alfalfa) meal and pellets,675.51,3070.76,0.22
Ireland,Western Europe,2015,121410,Lucerne (alfalfa) meal and pellets,601.43,2494.51,0.2411
Slovenia,Eastern Europe,2015,121410,Lucerne (alfalfa) meal and pellets,549.45,2644.69,0.2078
Algeria,North Africa,2015,121410,Lucerne (alfalfa) meal and pellets,542.8,2840.57,0.1911
Israel,Middle East,2015,121410,Lucerne (alfalfa) meal and pellets,500.0,2576.7,0.194
Singapore,Southeast Asia,2015,121410,Lucerne (alfalfa) meal and pellets,481.01,330.6,1.455
Oman,Middle East,2015,121410,Lucerne (alfalfa) meal and pellets,471.79,1139.35,0.4141
Dominican Republic,Central America and Caribbean,2015,121410,Lucerne (alfalfa) meal and pellets,458.79,1026.94,0.4468
Philippines,Southeast Asia,2015,121410,Lucerne (alfalfa) meal and pellets,415.23,761.17,0.5455
Serbia,Eastern Europe,2015,121410,Lucerne (alfalfa) meal and pellets,397.76,1753.58,0.2268
Panama,Central America and Caribbean,2015,121410,Lucerne (alfalfa) meal and pellets,365.02,1036.62,0.3521
Malaysia,Southeast Asia,2015,121410,Lucerne (alfalfa) meal and pellets,338.8,1100.38,0.3079
Bahamas,Central America and Caribbean,2015,121410,Lucerne (alfalfa) meal and pellets,335.45,164.744,2.0362
Thailand,Southeast Asia,2015,121410,Lucerne (alfalfa) meal and pellets,282.28,430.703,0.6554
South Africa,Sub-Saharan Africa,2015,121410,Lucerne (alfalfa) meal and pellets,272.11,2622.59,0.1038
Chile,South America,2015,121410,Lucerne (alfalfa) meal and pellets,247.55,1071.54,0.231
Hungary,Eastern Europe,2015,121410,Lucerne (alfalfa) meal and pellets,230.44,858.695,0.2684
Jamaica,Central America and Caribbean,2015,121410,Lucerne (alfalfa) meal and pellets,221.22,307.134,0.7203
Bosnia and Herzegovina,Eastern Europe,2015,121410,Lucerne (alfalfa) meal and pellets,205.74,872.07,0.2359
Czech Republic,Eastern Europe,2015,121410,Lucerne (alfalfa) meal and pellets,198.63,1148.91,0.1729
Canada,North America,2015,121410,Lucerne (alfalfa) meal and pellets,188.9,177.262,1.0657
Peru,South America,2015,121410,Lucerne (alfalfa) meal and pellets,166.98,493.19,0.3386
Ecuador,South America,2015,121410,Lucerne (alfalfa) meal and pellets,134.84,390.0,0.3457
Nigeria,Sub-Saharan Africa,2015,121410,Lucerne (alfalfa) meal and pellets,133.76,456.945,0.2927
Finland,Western Europe,2015,121410,Lucerne (alfalfa) meal and pellets,119.3,50.69,2.3535
Paraguay,South America,2015,121410,Lucerne (alfalfa) meal and pellets,110.7,311.05,0.3559
Honduras,Central America and Caribbean,2015,121410,Lucerne (alfalfa) meal and pellets,100.11,1015.14,0.0986
New Caledonia,Oceania,2015,121410,Lucerne (alfalfa) meal and pellets,96.98,131.815,0.7357
Luxembourg,Western Europe,2015,121410,Lucerne (alfalfa) meal and pellets,95.89,245.436,0.3907
Pakistan,Central Asia,2015,121410,Lucerne (alfalfa) meal and pellets,93.11,267.32,0.3483
Vietnam,Southeast Asia,2015,121410,Lucerne (alfalfa) meal and pellets,90.51,282.082,0.3209
Barbados,Central America and Caribbean,2015,121410,Lucerne (alfalfa) meal and pellets,87.31,108.071,0.8079
Slovakia,Eastern Europe,2015,121410,Lucerne (alfalfa) meal and pellets,87.19,390.346,0.2234
Bermuda,North America,2015,121410,Lucerne (alfalfa) meal and pellets,61.78,91.127,0.678
Palestine,Middle East,2015,121410,Lucerne (alfalfa) meal and pellets,60.59,188.857,0.3208
Trinidad and Tobago,Central America and Caribbean,2015,121410,Lucerne (alfalfa) meal and pellets,57.81,87.498,0.6607
St. Vincent and the Grenadines,Central America and Caribbean,2015,121410,Lucerne (alfalfa) meal and pellets,53.44,77.9338,0.6857
Greenland,North America,2015,121410,Lucerne (alfalfa) meal and pellets,51.61,148.0,0.3487
Uruguay,South America,2015,121410,Lucerne (alfalfa) meal and pellets,47.04,171.25,0.2747
New Zealand,Oceania,2015,121410,Lucerne (alfalfa) meal and pellets,44.73,87.661,0.5103
Guatemala,Central America and Caribbean,2015,121410,Lucerne (alfalfa) meal and pellets,42.63,95.036,0.4486
Poland,Eastern Europe,2015,121410,Lucerne (alfalfa) meal and pellets,39.88,175.21,0.2276
Latvia,Eastern Europe,2015,121410,Lucerne (alfalfa) meal and pellets,36.11,178.62,0.2022
Bulgaria,Eastern Europe,2015,121410,Lucerne (alfalfa) meal and pellets,35.02,234.16,0.1496
Costa Rica,Central America and Caribbean,2015,121410,Lucerne (alfalfa) meal and pellets,34.91,63.852,0.5467
Turkey,Eastern Europe,2015,121410,Lucerne (alfalfa) meal and pellets,34.88,157.24,0.2218
Mauritius,Sub-Saharan Africa,2015,121410,Lucerne (alfalfa) meal and pellets,33.84,86.508,0.3912
Iceland,Western Europe,2015,121410,Lucerne (alfalfa) meal and pellets,31.97,86.225,0.3708
Brazil,South America,2015,121410,Lucerne (alfalfa) meal and pellets,29.79,103.309,0.2884
Tanzania,Sub-Saharan Africa,2015,121410,Lucerne (alfalfa) meal and pellets,25.59,53.92,0.4746
French Polynesia,Oceania,2015,121410,Lucerne (alfalfa) meal and pellets,24.67,38.789,0.636
Zambia,Sub-Saharan Africa,2015,121410,Lucerne (alfalfa) meal and pellets,20.86,74.2063,0.2811
Estonia,Eastern Europe,2015,121410,Lucerne (alfalfa) meal and pellets,19.09,108.87,0.1753
Australia,Oceania,2015,121410,Lucerne (alfalfa) meal and pellets,18.32,13.006,1.4086
Zimbabwe,Sub-Saharan Africa,2015,121410,Lucerne (alfalfa) meal and pellets,16.97,54.019,0.3141
Cape Verde,Sub-Saharan Africa,2015,121410,Lucerne (alfalfa) meal and pellets,16.95,57.273,0.296
Russia,Eastern Europe,2015,121410,Lucerne (alfalfa) meal and pellets,15.15,30.975,0.4891
Cote d'Ivoire,Sub-Saharan Africa,2015,121410,Lucerne (alfalfa) meal and pellets,14.49,44.542,0.3253
Moldova,Eastern Europe,2015,121410,Lucerne (alfalfa) meal and pellets,11.07,66.0,0.1677
Madagascar,Sub-Saharan Africa,2015,121410,Lucerne (alfalfa) meal and pellets,10.99,13.275,0.8279
Eswatini,Sub-Saharan Africa,2015,121410,Lucerne (alfalfa) meal and pellets,8.48,20.3979,0.4157
Mongolia,East Asia,2015,121410,Lucerne (alfalfa) meal and pellets,7.61,0.8,9.5125
Kenya,Sub-Saharan Africa,2015,121410,Lucerne (alfalfa) meal and pellets,6.89,1.4,4.9214
Grenada,Central America and Caribbean,2015,121410,Lucerne (alfalfa) meal and pellets,4.66,5.298,0.8796
"Congo, Dem. Rep.",Sub-Saharan Africa,2015,121410,Lucerne (alfalfa) meal and pellets,3.62,7.875,0.4597
India,Central Asia,2015,121410,Lucerne (alfalfa) meal and pellets,1.72,2.003,0.8587
Mozambique,Sub-Saharan Africa,2015,121410,Lucerne (alfalfa) meal and pellets,0.75,1.92,0.3906
Uganda,Sub-Saharan Africa,2015,121410,Lucerne (alfalfa) meal and pellets,0.72,0.68,1.0588
Antigua and Barbuda,Central America and Caribbean,2015,121410,Lucerne (alfalfa) meal and pellets,0.57,0.27,2.1111
El Salvador,Central America and Caribbean,2015,121410,Lucerne (alfalfa) meal and pellets,0.26,0.04269,6.0904
St. Kitts and Nevis,Central America and Caribbean,2015,121410,Lucerne (alfalfa) meal and pellets,0.1,0.06966,1.4355
Nicaragua,Central America and Caribbean,2015,121410,Lucerne (alfalfa) meal and pellets,0.05,0.002,25.0
United Arab Emirates,Middle East,2014,121410,Lucerne (alfalfa) meal and pellets,409322.27,1070840.0,0.3822
Saudi Arabia,Middle East,2014,121410,Lucerne (alfalfa) meal and pellets,36277.54,93093.0,0.3897
Japan,East Asia,2014,121410,Lucerne (alfalfa) meal and pellets,29374.3,77539.0,0.3788
Germany,Western Europe,2014,121410,Lucerne (alfalfa) meal and pellets,18362.34,61480.0,0.2987
Belgium,Western Europe,2014,121410,Lucerne (alfalfa) meal and pellets,18295.69,67595.9,0.2707
United States,North America,2014,121410,Lucerne (alfalfa) meal and pellets,14999.98,46372.8,0.3235
Other Asia,Other Asia,2014,121410,Lucerne (alfalfa) meal and pellets,9286.32,30898.8,0.3005
Jordan,Middle East,2014,121410,Lucerne (alfalfa) meal and pellets,9018.08,24922.6,0.3618
United Kingdom,Western Europe,2014,121410,Lucerne (alfalfa) meal and pellets,8650.68,23928.0,0.3615
Portugal,Western Europe,2014,121410,Lucerne (alfalfa) meal and pellets,7718.11,36288.1,0.2127
France,Western Europe,2014,121410,Lucerne (alfalfa) meal and pellets,7618.71,26736.9,0.285
Netherlands,Western Europe,2014,121410,Lucerne (alfalfa) meal and pellets,7140.99,24377.7,0.2929
Qatar,Middle East,2014,121410,Lucerne (alfalfa) meal and pellets,6569.61,18064.9,0.3637
Kuwait,Middle East,2014,121410,Lucerne (alfalfa) meal and pellets,5455.71,16045.5,0.34
South Korea,East Asia,2014,121410,Lucerne (alfalfa) meal and pellets,4985.32,17165.9,0.2904
Morocco,North Africa,2014,121410,Lucerne (alfalfa) meal and pellets,4107.79,19104.6,0.215
Oman,Middle East,2014,121410,Lucerne (alfalfa) meal and pellets,3349.23,9806.52,0.3415
Cyprus,Western Europe,2014,121410,Lucerne (alfalfa) meal and pellets,3304.91,11528.1,0.2867
Austria,Western Europe,2014,121410,Lucerne (alfalfa) meal and pellets,3074.56,9576.29,0.3211
Tunisia,North Africa,2014,121410,Lucerne (alfalfa) meal and pellets,3067.73,14221.0,0.2157
Lebanon,Middle East,2014,121410,Lucerne (alfalfa) meal and pellets,2928.45,14380.3,0.2036
Switzerland,Western Europe,2014,121410,Lucerne (alfalfa) meal and pellets,2786.17,8506.39,0.3275
Sweden,Western Europe,2014,121410,Lucerne (alfalfa) meal and pellets,2619.86,5397.5,0.4854
Greece,Western Europe,2014,121410,Lucerne (alfalfa) meal and pellets,2432.34,10820.2,0.2248
Italy,Western Europe,2014,121410,Lucerne (alfalfa) meal and pellets,2195.2,6084.87,0.3608
European Union,Western Europe,2014,121410,Lucerne (alfalfa) meal and pellets,1949.1,3929.04,0.4961
Malta,Western Europe,2014,121410,Lucerne (alfalfa) meal and pellets,1813.56,5530.13,0.3279
Hong Kong (China),East Asia,2014,121410,Lucerne (alfalfa) meal and pellets,1712.32,3219.71,0.5318
China,East Asia,2014,121410,Lucerne (alfalfa) meal and pellets,1711.69,2498.0,0.6852
Denmark,Western Europe,2014,121410,Lucerne (alfalfa) meal and pellets,1706.08,4051.4,0.4211
Ireland,Western Europe,2014,121410,Lucerne (alfalfa) meal and pellets,1673.45,5009.52,0.3341
Norway,Western Europe,2014,121410,Lucerne (alfalfa) meal and pellets,1402.03,2869.18,0.4887
Algeria,North Africa,2014,121410,Lucerne (alfalfa) meal and pellets,1393.0,5380.39,0.2589
Israel,Middle East,2014,121410,Lucerne (alfalfa) meal and pellets,1351.0,4667.26,0.2895
Colombia,South America,2014,121410,Lucerne (alfalfa) meal and pellets,1197.47,3100.05,0.3863
Poland,Eastern Europe,2014,121410,Lucerne (alfalfa) meal and pellets,864.3,2831.06,0.3053
Croatia,Eastern Europe,2014,121410,Lucerne (alfalfa) meal and pellets,815.94,2706.14,0.3015
Romania,Eastern Europe,2014,121410,Lucerne (alfalfa) meal and pellets,768.21,1355.41,0.5668
Bahrain,Middle East,2014,121410,Lucerne (alfalfa) meal and pellets,736.72,1980.31,0.372
Malaysia,Southeast Asia,2014,121410,Lucerne (alfalfa) meal and pellets,706.68,2752.25,0.2568
Slovenia,Eastern Europe,2014,121410,Lucerne (alfalfa) meal and pellets,595.03,2095.64,0.2839
Lesotho,Sub-Saharan Africa,2014,121410,Lucerne (alfalfa) meal and pellets,565.29,1487.75,0.38
Namibia,Sub-Saharan Africa,2014,121410,Lucerne (alfalfa) meal and pellets,555.91,2588.03,0.2148
Bahamas,Central America and Caribbean,2014,121410,Lucerne (alfalfa) meal and pellets,497.7,103.746,4.7973
Finland,Western Europe,2014,121410,Lucerne (alfalfa) meal and pellets,468.22,1070.69,0.4373
Hungary,Eastern Europe,2014,121410,Lucerne (alfalfa) meal and pellets,357.02,1210.68,0.2949
Dominican Republic,Central America and Caribbean,2014,121410,Lucerne (alfalfa) meal and pellets,333.55,632.901,0.527
Pakistan,Central Asia,2014,121410,Lucerne (alfalfa) meal and pellets,301.75,736.378,0.4098
Panama,Central America and Caribbean,2014,121410,Lucerne (alfalfa) meal and pellets,274.44,669.819,0.4097
Botswana,Sub-Saharan Africa,2014,121410,Lucerne (alfalfa) meal and pellets,273.25,1633.87,0.1672
Jamaica,Central America and Caribbean,2014,121410,Lucerne (alfalfa) meal and pellets,249.75,287.328,0.8692
Ecuador,South America,2014,121410,Lucerne (alfalfa) meal and pellets,248.73,621.36,0.4003
Bosnia and Herzegovina,Eastern Europe,2014,121410,Lucerne (alfalfa) meal and pellets,244.58,818.08,0.299
Serbia,Eastern Europe,2014,121410,Lucerne (alfalfa) meal and pellets,233.99,816.244,0.2867
Uruguay,South America,2014,121410,Lucerne (alfalfa) meal and pellets,226.4,986.0,0.2296
Brazil,South America,2014,121410,Lucerne (alfalfa) meal and pellets,223.34,860.46,0.2596
South Africa,Sub-Saharan Africa,2014,121410,Lucerne (alfalfa) meal and pellets,215.7,1649.17,0.1308
Chile,South America,2014,121410,Lucerne (alfalfa) meal and pellets,212.46,603.358,0.3521
Philippines,Southeast Asia,2014,121410,Lucerne (alfalfa) meal and pellets,206.99,408.702,0.5065
Nigeria,Sub-Saharan Africa,2014,121410,Lucerne (alfalfa) meal and pellets,182.44,564.021,0.3235
Thailand,Southeast Asia,2014,121410,Lucerne (alfalfa) meal and pellets,168.53,412.477,0.4086
Singapore,Southeast Asia,2014,121410,Lucerne (alfalfa) meal and pellets,159.42,268.75,0.5932
Czech Republic,Eastern Europe,2014,121410,Lucerne (alfalfa) meal and pellets,158.69,2215.01,0.0716
Peru,South America,2014,121410,Lucerne (alfalfa) meal and pellets,153.48,407.25,0.3769
Zambia,Sub-Saharan Africa,2014,121410,Lucerne (alfalfa) meal and pellets,152.93,459.873,0.3325
Turkey,Eastern Europe,2014,121410,Lucerne (alfalfa) meal and pellets,151.89,510.703,0.2974
New Caledonia,Oceania,2014,121410,Lucerne (alfalfa) meal and pellets,151.8,190.238,0.7979
Slovakia,Eastern Europe,2014,121410,Lucerne (alfalfa) meal and pellets,145.95,641.961,0.2274
Vietnam,Southeast Asia,2014,121410,Lucerne (alfalfa) meal and pellets,142.37,440.133,0.3235
Canada,North America,2014,121410,Lucerne (alfalfa) meal and pellets,138.15,109.411,1.2627
Luxembourg,Western Europe,2014,121410,Lucerne (alfalfa) meal and pellets,132.57,186.706,0.71
Paraguay,South America,2014,121410,Lucerne (alfalfa) meal and pellets,119.54,324.25,0.3687
Barbados,Central America and Caribbean,2014,121410,Lucerne (alfalfa) meal and pellets,109.25,136.234,0.8019
New Zealand,Oceania,2014,121410,Lucerne (alfalfa) meal and pellets,95.77,19.333,4.9537
Indonesia,Southeast Asia,2014,121410,Lucerne (alfalfa) meal and pellets,83.75,342.66,0.2444
Bermuda,North America,2014,121410,Lucerne (alfalfa) meal and pellets,72.84,1681.45,0.0433
St. Vincent and the Grenadines,Central America and Caribbean,2014,121410,Lucerne (alfalfa) meal and pellets,59.44,77.63719999999999,0.7656
Iceland,Western Europe,2014,121410,Lucerne (alfalfa) meal and pellets,52.92,117.435,0.4506
Spain,Western Europe,2014,121410,Lucerne (alfalfa) meal and pellets,51.88,189.164,0.2743
Mauritius,Sub-Saharan Africa,2014,121410,Lucerne (alfalfa) meal and pellets,46.14,86.759,0.5318
Trinidad and Tobago,Central America and Caribbean,2014,121410,Lucerne (alfalfa) meal and pellets,44.53,53.29,0.8356
French Polynesia,Oceania,2014,121410,Lucerne (alfalfa) meal and pellets,40.92,55.033,0.7436
Latvia,Eastern Europe,2014,121410,Lucerne (alfalfa) meal and pellets,35.45,960.84,0.0369
Costa Rica,Central America and Caribbean,2014,121410,Lucerne (alfalfa) meal and pellets,33.01,69.862,0.4725
Russia,Eastern Europe,2014,121410,Lucerne (alfalfa) meal and pellets,28.98,42.354,0.6842
Cape Verde,Sub-Saharan Africa,2014,121410,Lucerne (alfalfa) meal and pellets,21.36,59.178,0.3609
Guatemala,Central America and Caribbean,2014,121410,Lucerne (alfalfa) meal and pellets,21.25,42.992,0.4943
Greenland,North America,2014,121410,Lucerne (alfalfa) meal and pellets,13.92,31.0,0.449
Madagascar,Sub-Saharan Africa,2014,121410,Lucerne (alfalfa) meal and pellets,12.15,14.175,0.8571
Honduras,Central America and Caribbean,2014,121410,Lucerne (alfalfa) meal and pellets,11.24,26.026,0.4319
Bolivia,South America,2014,121410,Lucerne (alfalfa) meal and pellets,8.11,28.0,0.2896
Australia,Oceania,2014,121410,Lucerne (alfalfa) meal and pellets,4.33,1.31,3.3053
India,Central Asia,2014,121410,Lucerne (alfalfa) meal and pellets,3.42,4.7,0.7277
Aruba,Central America and Caribbean,2014,121410,Lucerne (alfalfa) meal and pellets,2.68,3.02,0.8874
Grenada,Central America and Caribbean,2014,121410,Lucerne (alfalfa) meal and pellets,2.58,2.99097,0.8626
Niger,Sub-Saharan Africa,2014,121410,Lucerne (alfalfa) meal and pellets,2.1,7.0,0.3
Mauritania,Sub-Saharan Africa,2014,121410,Lucerne (alfalfa) meal and pellets,1.41,2.0,0.705
Antigua and Barbuda,Central America and Caribbean,2014,121410,Lucerne (alfalfa) meal and pellets,0.55,0.259,2.1236
Uganda,Sub-Saharan Africa,2014,121410,Lucerne (alfalfa) meal and pellets,0.34,4.49,0.0757
El Salvador,Central America and Caribbean,2014,121410,Lucerne (alfalfa) meal and pellets,0.26,0.0425,6.1176
Zimbabwe,Sub-Saharan Africa,2014,121410,Lucerne (alfalfa) meal and pellets,0.15,0.03,5.0
Mozambique,Sub-Saharan Africa,2014,121410,Lucerne (alfalfa) meal and pellets,0.13,0.455,0.2857
Angola,Sub-Saharan Africa,2014,121410,Lucerne (alfalfa) meal and pellets,0.05,0.015,3.3333
Tonga,Oceania,2014,121410,Lucerne (alfalfa) meal and pellets,0.04,0.005,8.0
St. Kitts and Nevis,Central America and Caribbean,2014,121410,Lucerne (alfalfa) meal and pellets,0.04,0.015,2.6667
Georgia,Eastern Europe,2014,121410,Lucerne (alfalfa) meal and pellets,0.02,0.001,20.0
United Arab Emirates,Middle East,2013,121410,Lucerne (alfalfa) meal and pellets,417845.04,1172330.0,0.3564
Japan,East Asia,2013,121410,Lucerne (alfalfa) meal and pellets,32202.93,81409.0,0.3956
Saudi Arabia,Middle East,2013,121410,Lucerne (alfalfa) meal and pellets,31726.44,74467.0,0.426
Belgium,Western Europe,2013,121410,Lucerne (alfalfa) meal and pellets,22562.21,76990.4,0.2931
Germany,Western Europe,2013,121410,Lucerne (alfalfa) meal and pellets,20404.1,67987.5,0.3001
Oman,Middle East,2013,121410,Lucerne (alfalfa) meal and pellets,15243.64,36714.5,0.4152
United States,North America,2013,121410,Lucerne (alfalfa) meal and pellets,13673.88,42903.0,0.3187
Netherlands,Western Europe,2013,121410,Lucerne (alfalfa) meal and pellets,10712.64,35634.2,0.3006
United Kingdom,Western Europe,2013,121410,Lucerne (alfalfa) meal and pellets,10566.82,30296.6,0.3488
Other Asia,Other Asia,2013,121410,Lucerne (alfalfa) meal and pellets,9702.42,34841.4,0.2785
France,Western Europe,2013,121410,Lucerne (alfalfa) meal and pellets,9181.67,33105.8,0.2773
Portugal,Western Europe,2013,121410,Lucerne (alfalfa) meal and pellets,8669.99,35137.4,0.2467
Jordan,Middle East,2013,121410,Lucerne (alfalfa) meal and pellets,7744.41,19491.8,0.3973
Tunisia,North Africa,2013,121410,Lucerne (alfalfa) meal and pellets,5023.17,22806.5,0.2203
South Korea,East Asia,2013,121410,Lucerne (alfalfa) meal and pellets,4909.85,17155.0,0.2862
Qatar,Middle East,2013,121410,Lucerne (alfalfa) meal and pellets,4261.51,12619.3,0.3377
Austria,Western Europe,2013,121410,Lucerne (alfalfa) meal and pellets,3993.02,12980.3,0.3076
Ireland,Western Europe,2013,121410,Lucerne (alfalfa) meal and pellets,3976.09,12732.3,0.3123
Namibia,Sub-Saharan Africa,2013,121410,Lucerne (alfalfa) meal and pellets,3772.46,12935.9,0.2916
Morocco,North Africa,2013,121410,Lucerne (alfalfa) meal and pellets,3571.53,13010.1,0.2745
Kuwait,Middle East,2013,121410,Lucerne (alfalfa) meal and pellets,3013.7,8287.69,0.3636
Turkey,Eastern Europe,2013,121410,Lucerne (alfalfa) meal and pellets,2570.79,9274.85,0.2772
Greece,Western Europe,2013,121410,Lucerne (alfalfa) meal and pellets,2469.18,7622.22,0.3239
Switzerland,Western Europe,2013,121410,Lucerne (alfalfa) meal and pellets,2430.01,6996.22,0.3473
European Union,Western Europe,2013,121410,Lucerne (alfalfa) meal and pellets,2409.99,3758.64,0.6412
Romania,Eastern Europe,2013,121410,Lucerne (alfalfa) meal and pellets,2189.38,5377.27,0.4072
China,East Asia,2013,121410,Lucerne (alfalfa) meal and pellets,1932.37,1378.55,1.4017
Sweden,Western Europe,2013,121410,Lucerne (alfalfa) meal and pellets,1667.74,3968.0,0.4203
Malta,Western Europe,2013,121410,Lucerne (alfalfa) meal and pellets,1506.47,5238.79,0.2876
Italy,Western Europe,2013,121410,Lucerne (alfalfa) meal and pellets,1425.96,3542.92,0.4025
Hong Kong (China),East Asia,2013,121410,Lucerne (alfalfa) meal and pellets,1414.28,2703.04,0.5232
Norway,Western Europe,2013,121410,Lucerne (alfalfa) meal and pellets,1384.74,3070.26,0.451
Cyprus,Western Europe,2013,121410,Lucerne (alfalfa) meal and pellets,1300.15,4426.78,0.2937
Colombia,South America,2013,121410,Lucerne (alfalfa) meal and pellets,1161.37,2605.07,0.4458
Malaysia,Southeast Asia,2013,121410,Lucerne (alfalfa) meal and pellets,1046.68,2245.0,0.4662
Indonesia,Southeast Asia,2013,121410,Lucerne (alfalfa) meal and pellets,1012.53,2525.82,0.4009
Hungary,Eastern Europe,2013,121410,Lucerne (alfalfa) meal and pellets,793.87,2341.32,0.3391
Croatia,Eastern Europe,2013,121410,Lucerne (alfalfa) meal and pellets,767.52,2403.77,0.3193
Lebanon,Middle East,2013,121410,Lucerne (alfalfa) meal and pellets,743.67,3010.08,0.2471
Denmark,Western Europe,2013,121410,Lucerne (alfalfa) meal and pellets,738.3,1286.61,0.5738
Slovenia,Eastern Europe,2013,121410,Lucerne (alfalfa) meal and pellets,712.42,2252.34,0.3163
Poland,Eastern Europe,2013,121410,Lucerne (alfalfa) meal and pellets,703.16,2591.82,0.2713
Botswana,Sub-Saharan Africa,2013,121410,Lucerne (alfalfa) meal and pellets,670.61,3491.1,0.1921
Israel,Middle East,2013,121410,Lucerne (alfalfa) meal and pellets,661.0,1693.59,0.3903
Finland,Western Europe,2013,121410,Lucerne (alfalfa) meal and pellets,597.93,1569.95,0.3809
Spain,Western Europe,2013,121410,Lucerne (alfalfa) meal and pellets,566.69,2387.24,0.2374
Serbia,Eastern Europe,2013,121410,Lucerne (alfalfa) meal and pellets,563.83,1802.54,0.3128
Bahamas,Central America and Caribbean,2013,121410,Lucerne (alfalfa) meal and pellets,416.34,87.812,4.7413
Czech Republic,Eastern Europe,2013,121410,Lucerne (alfalfa) meal and pellets,382.11,1324.87,0.2884
Dominican Republic,Central America and Caribbean,2013,121410,Lucerne (alfalfa) meal and pellets,373.07,1204.73,0.3097
Venezuela,South America,2013,121410,Lucerne (alfalfa) meal and pellets,363.12,752.007,0.4829
Bahrain,Middle East,2013,121410,Lucerne (alfalfa) meal and pellets,355.79,1584.18,0.2246
Bosnia and Herzegovina,Eastern Europe,2013,121410,Lucerne (alfalfa) meal and pellets,340.12,1115.84,0.3048
Slovakia,Eastern Europe,2013,121410,Lucerne (alfalfa) meal and pellets,323.81,756.269,0.4282
Philippines,Southeast Asia,2013,121410,Lucerne (alfalfa) meal and pellets,285.41,685.315,0.4165
Chile,South America,2013,121410,Lucerne (alfalfa) meal and pellets,270.96,716.522,0.3782
Brazil,South America,2013,121410,Lucerne (alfalfa) meal and pellets,265.0,842.179,0.3147
South Africa,Sub-Saharan Africa,2013,121410,Lucerne (alfalfa) meal and pellets,228.55,1575.63,0.1451
Canada,North America,2013,121410,Lucerne (alfalfa) meal and pellets,211.43,636.089,0.3324
Panama,Central America and Caribbean,2013,121410,Lucerne (alfalfa) meal and pellets,207.94,475.838,0.437
Lesotho,Sub-Saharan Africa,2013,121410,Lucerne (alfalfa) meal and pellets,205.82,581.198,0.3541
Ecuador,South America,2013,121410,Lucerne (alfalfa) meal and pellets,199.63,445.4,0.4482
Jamaica,Central America and Caribbean,2013,121410,Lucerne (alfalfa) meal and pellets,186.5,202.545,0.9208
Luxembourg,Western Europe,2013,121410,Lucerne (alfalfa) meal and pellets,181.47,369.28,0.4914
Thailand,Southeast Asia,2013,121410,Lucerne (alfalfa) meal and pellets,167.88,362.412,0.4632
Singapore,Southeast Asia,2013,121410,Lucerne (alfalfa) meal and pellets,157.73,253.341,0.6226
New Caledonia,Oceania,2013,121410,Lucerne (alfalfa) meal and pellets,130.76,157.176,0.8319
Paraguay,South America,2013,121410,Lucerne (alfalfa) meal and pellets,100.49,276.0,0.3641
Vietnam,Southeast Asia,2013,121410,Lucerne (alfalfa) meal and pellets,100.19,323.542,0.3097
Peru,South America,2013,121410,Lucerne (alfalfa) meal and pellets,98.37,230.47,0.4268
Iceland,Western Europe,2013,121410,Lucerne (alfalfa) meal and pellets,96.63,200.411,0.4822
Algeria,North Africa,2013,121410,Lucerne (alfalfa) meal and pellets,94.85,268.4,0.3534
Barbados,Central America and Caribbean,2013,121410,Lucerne (alfalfa) meal and pellets,89.86,109.902,0.8176
Bulgaria,Eastern Europe,2013,121410,Lucerne (alfalfa) meal and pellets,84.57,224.15,0.3773
Mexico,North America,2013,121410,Lucerne (alfalfa) meal and pellets,70.87,106.832,0.6634
Uruguay,South America,2013,121410,Lucerne (alfalfa) meal and pellets,63.75,226.0,0.2821
Zimbabwe,Sub-Saharan Africa,2013,121410,Lucerne (alfalfa) meal and pellets,57.6,127.1,0.4532
New Zealand,Oceania,2013,121410,Lucerne (alfalfa) meal and pellets,54.32,56.7,0.958
French Polynesia,Oceania,2013,121410,Lucerne (alfalfa) meal and pellets,53.75,93.34,0.5759
Mozambique,Sub-Saharan Africa,2013,121410,Lucerne (alfalfa) meal and pellets,51.53,43.725,1.1785
Zambia,Sub-Saharan Africa,2013,121410,Lucerne (alfalfa) meal and pellets,51.08,151.152,0.3379
Bermuda,North America,2013,121410,Lucerne (alfalfa) meal and pellets,49.4,165.816,0.2979
Mauritius,Sub-Saharan Africa,2013,121410,Lucerne (alfalfa) meal and pellets,46.0,79.12,0.5814
Trinidad and Tobago,Central America and Caribbean,2013,121410,Lucerne (alfalfa) meal and pellets,38.98,49.212,0.7921
St. Vincent and the Grenadines,Central America and Caribbean,2013,121410,Lucerne (alfalfa) meal and pellets,38.92,241.95,0.1609
Russia,Eastern Europe,2013,121410,Lucerne (alfalfa) meal and pellets,32.89,51.128,0.6433
Latvia,Eastern Europe,2013,121410,Lucerne (alfalfa) meal and pellets,31.07,5.122,6.066
Senegal,Sub-Saharan Africa,2013,121410,Lucerne (alfalfa) meal and pellets,30.96,81.3,0.3808
Grenada,Central America and Caribbean,2013,121410,Lucerne (alfalfa) meal and pellets,19.29,22.467,0.8586
India,Central Asia,2013,121410,Lucerne (alfalfa) meal and pellets,19.13,2.058,9.2954
Burkina Faso,Sub-Saharan Africa,2013,121410,Lucerne (alfalfa) meal and pellets,15.85,41.0,0.3866
Belarus,Eastern Europe,2013,121410,Lucerne (alfalfa) meal and pellets,14.4,32.003,0.45
Cape Verde,Sub-Saharan Africa,2013,121410,Lucerne (alfalfa) meal and pellets,12.85,33.24,0.3866
Guatemala,Central America and Caribbean,2013,121410,Lucerne (alfalfa) meal and pellets,11.51,16.551,0.6954
Costa Rica,Central America and Caribbean,2013,121410,Lucerne (alfalfa) meal and pellets,6.01,26.395,0.2277
Lithuania,Eastern Europe,2013,121410,Lucerne (alfalfa) meal and pellets,4.68,23.2,0.2017
Angola,Sub-Saharan Africa,2013,121410,Lucerne (alfalfa) meal and pellets,4.57,10.898,0.4193
Eswatini,Sub-Saharan Africa,2013,121410,Lucerne (alfalfa) meal and pellets,2.98,77.4,0.0385
Nicaragua,Central America and Caribbean,2013,121410,Lucerne (alfalfa) meal and pellets,2.13,1.0,2.13
Laos,Southeast Asia,2013,121410,Lucerne (alfalfa) meal and pellets,1.2,3.875,0.3097
Tanzania,Sub-Saharan Africa,2013,121410,Lucerne (alfalfa) meal and pellets,0.83,0.003,276.6667
Antigua and Barbuda,Central America and Caribbean,2013,121410,Lucerne (alfalfa) meal and pellets,0.7,0.45,1.5556
Guinea,Sub-Saharan Africa,2013,121410,Lucerne (alfalfa) meal and pellets,0.53,0.123,4.3089
St. Lucia,Central America and Caribbean,2013,121410,Lucerne (alfalfa) meal and pellets,0.19,0.022,8.6364
Uganda,Sub-Saharan Africa,2013,121410,Lucerne (alfalfa) meal and pellets,0.12,5.199,0.0231
Niger,Sub-Saharan Africa,2013,121410,Lucerne (alfalfa) meal and pellets,0.06,0.012,5.0
Seychelles,Sub-Saharan Africa,2013,121410,Lucerne (alfalfa) meal and pellets,0.04,0.004,10.0
United Arab Emirates,Middle East,2012,121410,Lucerne (alfalfa) meal and pellets,354171.21,1018140.0,0.3479
Japan,East Asia,2012,121410,Lucerne (alfalfa) meal and pellets,43181.37,107574.0,0.4014
Oman,Middle East,2012,121410,Lucerne (alfalfa) meal and pellets,29255.58,87451.8,0.3345
Germany,Western Europe,2012,121410,Lucerne (alfalfa) meal and pellets,18541.89,69910.2,0.2652
United States,North America,2012,121410,Lucerne (alfalfa) meal and pellets,18371.92,59283.0,0.3099
Belgium,Western Europe,2012,121410,Lucerne (alfalfa) meal and pellets,18223.37,71784.9,0.2539
United Kingdom,Western Europe,2012,121410,Lucerne (alfalfa) meal and pellets,15482.82,47494.1,0.326
Netherlands,Western Europe,2012,121410,Lucerne (alfalfa) meal and pellets,11116.78,40179.0,0.2767
Morocco,North Africa,2012,121410,Lucerne (alfalfa) meal and pellets,10344.17,41333.4,0.2503
Other Asia,Other Asia,2012,121410,Lucerne (alfalfa) meal and pellets,10228.22,43445.2,0.2354
Portugal,Western Europe,2012,121410,Lucerne (alfalfa) meal and pellets,9008.19,37385.3,0.241
France,Western Europe,2012,121410,Lucerne (alfalfa) meal and pellets,7683.77,27719.1,0.2772
South Korea,East Asia,2012,121410,Lucerne (alfalfa) meal and pellets,5910.19,21526.0,0.2746
Saudi Arabia,Middle East,2012,121410,Lucerne (alfalfa) meal and pellets,5193.07,12968.0,0.4005
Jordan,Middle East,2012,121410,Lucerne (alfalfa) meal and pellets,4650.56,12502.6,0.372
Lebanon,Middle East,2012,121410,Lucerne (alfalfa) meal and pellets,4403.84,22305.7,0.1974
Turkey,Eastern Europe,2012,121410,Lucerne (alfalfa) meal and pellets,4258.91,15731.0,0.2707
Greece,Western Europe,2012,121410,Lucerne (alfalfa) meal and pellets,3995.22,16018.4,0.2494
Qatar,Middle East,2012,121410,Lucerne (alfalfa) meal and pellets,3586.88,10311.5,0.3479
Tunisia,North Africa,2012,121410,Lucerne (alfalfa) meal and pellets,3269.16,15043.0,0.2173
Malta,Western Europe,2012,121410,Lucerne (alfalfa) meal and pellets,2381.96,8055.44,0.2957
Cyprus,Western Europe,2012,121410,Lucerne (alfalfa) meal and pellets,2356.19,8403.21,0.2804
European Union,Western Europe,2012,121410,Lucerne (alfalfa) meal and pellets,2317.46,3692.84,0.6276
Austria,Western Europe,2012,121410,Lucerne (alfalfa) meal and pellets,2180.69,7675.59,0.2841
Ireland,Western Europe,2012,121410,Lucerne (alfalfa) meal and pellets,2070.14,6493.14,0.3188
China,East Asia,2012,121410,Lucerne (alfalfa) meal and pellets,1930.19,2473.58,0.7803
Hong Kong (China),East Asia,2012,121410,Lucerne (alfalfa) meal and pellets,1748.94,3358.92,0.5207
Romania,Eastern Europe,2012,121410,Lucerne (alfalfa) meal and pellets,1714.95,4426.64,0.3874
Hungary,Eastern Europe,2012,121410,Lucerne (alfalfa) meal and pellets,1652.43,6070.5,0.2722
Switzerland,Western Europe,2012,121410,Lucerne (alfalfa) meal and pellets,1577.91,5194.68,0.3038
Sweden,Western Europe,2012,121410,Lucerne (alfalfa) meal and pellets,1513.4,3105.33,0.4874
Norway,Western Europe,2012,121410,Lucerne (alfalfa) meal and pellets,1261.85,2873.61,0.4391
Italy,Western Europe,2012,121410,Lucerne (alfalfa) meal and pellets,1252.75,3649.78,0.3432
Croatia,Eastern Europe,2012,121410,Lucerne (alfalfa) meal and pellets,980.71,3378.87,0.2902
Colombia,South America,2012,121410,Lucerne (alfalfa) meal and pellets,976.48,2209.01,0.442
Indonesia,Southeast Asia,2012,121410,Lucerne (alfalfa) meal and pellets,942.88,2253.65,0.4184
Slovenia,Eastern Europe,2012,121410,Lucerne (alfalfa) meal and pellets,869.98,3257.93,0.267
Malaysia,Southeast Asia,2012,121410,Lucerne (alfalfa) meal and pellets,798.11,1678.93,0.4754
Venezuela,South America,2012,121410,Lucerne (alfalfa) meal and pellets,699.08,1059.9,0.6596
Botswana,Sub-Saharan Africa,2012,121410,Lucerne (alfalfa) meal and pellets,610.34,2619.87,0.233
Namibia,Sub-Saharan Africa,2012,121410,Lucerne (alfalfa) meal and pellets,553.45,1918.52,0.2885
Israel,Middle East,2012,121410,Lucerne (alfalfa) meal and pellets,488.0,1343.63,0.3632
Singapore,Southeast Asia,2012,121410,Lucerne (alfalfa) meal and pellets,484.81,885.213,0.5477
Brazil,South America,2012,121410,Lucerne (alfalfa) meal and pellets,455.39,1150.0,0.396
Bahamas,Central America and Caribbean,2012,121410,Lucerne (alfalfa) meal and pellets,437.82,95.184,4.5997
Bahrain,Middle East,2012,121410,Lucerne (alfalfa) meal and pellets,428.68,1222.72,0.3506
Poland,Eastern Europe,2012,121410,Lucerne (alfalfa) meal and pellets,420.76,1709.26,0.2462
Finland,Western Europe,2012,121410,Lucerne (alfalfa) meal and pellets,414.26,1335.71,0.3101
Lesotho,Sub-Saharan Africa,2012,121410,Lucerne (alfalfa) meal and pellets,353.78,1040.24738,0.3401
Serbia,Eastern Europe,2012,121410,Lucerne (alfalfa) meal and pellets,330.03,1078.93,0.3059
Philippines,Southeast Asia,2012,121410,Lucerne (alfalfa) meal and pellets,321.13,651.735,0.4927
Bosnia and Herzegovina,Eastern Europe,2012,121410,Lucerne (alfalfa) meal and pellets,320.74,1135.91,0.2824
Slovakia,Eastern Europe,2012,121410,Lucerne (alfalfa) meal and pellets,289.98,689.345,0.4207
Ecuador,South America,2012,121410,Lucerne (alfalfa) meal and pellets,282.93,657.28,0.4305
South Africa,Sub-Saharan Africa,2012,121410,Lucerne (alfalfa) meal and pellets,280.63,1667.08,0.1683
Panama,Central America and Caribbean,2012,121410,Lucerne (alfalfa) meal and pellets,276.73,678.414,0.4079
Luxembourg,Western Europe,2012,121410,Lucerne (alfalfa) meal and pellets,236.05,685.196,0.3445
Canada,North America,2012,121410,Lucerne (alfalfa) meal and pellets,223.77,1208.78,0.1851
Denmark,Western Europe,2012,121410,Lucerne (alfalfa) meal and pellets,188.96,436.044,0.4334
Czech Republic,Eastern Europe,2012,121410,Lucerne (alfalfa) meal and pellets,180.67,772.341,0.2339
Dominican Republic,Central America and Caribbean,2012,121410,Lucerne (alfalfa) meal and pellets,173.34,559.755,0.3097
Spain,Western Europe,2012,121410,Lucerne (alfalfa) meal and pellets,147.24,601.34,0.2449
Peru,South America,2012,121410,Lucerne (alfalfa) meal and pellets,140.91,336.49,0.4188
Bulgaria,Eastern Europe,2012,121410,Lucerne (alfalfa) meal and pellets,133.69,407.94,0.3277
Thailand,Southeast Asia,2012,121410,Lucerne (alfalfa) meal and pellets,118.26,226.181,0.5229
Mauritius,Sub-Saharan Africa,2012,121410,Lucerne (alfalfa) meal and pellets,109.15,157.3,0.6939
Jamaica,Central America and Caribbean,2012,121410,Lucerne (alfalfa) meal and pellets,108.72,138.516,0.7849
Uruguay,South America,2012,121410,Lucerne (alfalfa) meal and pellets,97.89,345.5,0.2833
Barbados,Central America and Caribbean,2012,121410,Lucerne (alfalfa) meal and pellets,92.96,116.543,0.7976
Mexico,North America,2012,121410,Lucerne (alfalfa) meal and pellets,90.4,216.632,0.4173
Turks and Caicos Isl.,Central America and Caribbean,2012,121410,Lucerne (alfalfa) meal and pellets,83.29,292.686,0.2846
Latvia,Eastern Europe,2012,121410,Lucerne (alfalfa) meal and pellets,75.01,177.65,0.4222
New Caledonia,Oceania,2012,121410,Lucerne (alfalfa) meal and pellets,74.68,92.903,0.8038
Chile,South America,2012,121410,Lucerne (alfalfa) meal and pellets,74.5,202.2,0.3684
French Polynesia,Oceania,2012,121410,Lucerne (alfalfa) meal and pellets,72.4,109.341,0.6621
Costa Rica,Central America and Caribbean,2012,121410,Lucerne (alfalfa) meal and pellets,69.25,174.061,0.3978
Trinidad and Tobago,Central America and Caribbean,2012,121410,Lucerne (alfalfa) meal and pellets,61.38,107.449,0.5712
Bermuda,North America,2012,121410,Lucerne (alfalfa) meal and pellets,56.16,212.14085999999998,0.2647
Paraguay,South America,2012,121410,Lucerne (alfalfa) meal and pellets,52.72,142.5,0.37
Iceland,Western Europe,2012,121410,Lucerne (alfalfa) meal and pellets,41.17,99.5,0.4138
St. Vincent and the Grenadines,Central America and Caribbean,2012,121410,Lucerne (alfalfa) meal and pellets,38.95,40.0,0.9738
Zimbabwe,Sub-Saharan Africa,2012,121410,Lucerne (alfalfa) meal and pellets,26.74,69.768,0.3833
Cape Verde,Sub-Saharan Africa,2012,121410,Lucerne (alfalfa) meal and pellets,26.21,69.927,0.3748
Vietnam,Southeast Asia,2012,121410,Lucerne (alfalfa) meal and pellets,25.82,81.93863999999999,0.3151
Honduras,Central America and Caribbean,2012,121410,Lucerne (alfalfa) meal and pellets,22.55,52.052,0.4332
Australia,Oceania,2012,121410,Lucerne (alfalfa) meal and pellets,21.73,8.767,2.4786
Russia,Eastern Europe,2012,121410,Lucerne (alfalfa) meal and pellets,20.5,35.714,0.574
Greenland,North America,2012,121410,Lucerne (alfalfa) meal and pellets,18.85,48.875,0.3857
Palestine,Middle East,2012,121410,Lucerne (alfalfa) meal and pellets,16.64,53.977,0.3083
India,Central Asia,2012,121410,Lucerne (alfalfa) meal and pellets,8.88,17.7,0.5017
Eswatini,Sub-Saharan Africa,2012,121410,Lucerne (alfalfa) meal and pellets,6.41,8.6,0.7453
Grenada,Central America and Caribbean,2012,121410,Lucerne (alfalfa) meal and pellets,5.14,8.754,0.5872
Bolivia,South America,2012,121410,Lucerne (alfalfa) meal and pellets,4.89,28.9,0.1692
Tanzania,Sub-Saharan Africa,2012,121410,Lucerne (alfalfa) meal and pellets,4.29,0.4,10.725
Mauritania,Sub-Saharan Africa,2012,121410,Lucerne (alfalfa) meal and pellets,3.87,36.695,0.1055
Papua New Guinea,Oceania,2012,121410,Lucerne (alfalfa) meal and pellets,3.03,0.084,36.0714
Lithuania,Eastern Europe,2012,121410,Lucerne (alfalfa) meal and pellets,2.84,11.15,0.2547
New Zealand,Oceania,2012,121410,Lucerne (alfalfa) meal and pellets,2.35,12.475,0.1884
Estonia,Eastern Europe,2012,121410,Lucerne (alfalfa) meal and pellets,0.57,0.128,4.4531
Andorra,Western Europe,2012,121410,Lucerne (alfalfa) meal and pellets,0.51,7.4,0.0689
Guatemala,Central America and Caribbean,2012,121410,Lucerne (alfalfa) meal and pellets,0.38,0.227,1.674
Antigua and Barbuda,Central America and Caribbean,2012,121410,Lucerne (alfalfa) meal and pellets,0.17,0.089,1.9101
El Salvador,Central America and Caribbean,2012,121410,Lucerne (alfalfa) meal and pellets,0.15,0.47476799999999997,0.3159
Pakistan,Central Asia,2012,121410,Lucerne (alfalfa) meal and pellets,0.11,0.028,3.9286
Montenegro,Eastern Europe,2012,121410,Lucerne (alfalfa) meal and pellets,0.11,0.06,1.8333
Seychelles,Sub-Saharan Africa,2012,121410,Lucerne (alfalfa) meal and pellets,0.03,0.0014,21.4286
Japan,East Asia,2011,121410,Lucerne (alfalfa) meal and pellets,39648.13,107391.0,0.3692
Saudi Arabia,Middle East,2011,121410,Lucerne (alfalfa) meal and pellets,31965.64,91121.0,0.3508
France,Western Europe,2011,121410,Lucerne (alfalfa) meal and pellets,19392.93,75661.0,0.2563
Germany,Western Europe,2011,121410,Lucerne (alfalfa) meal and pellets,17928.3,65749.2,0.2727
Belgium,Western Europe,2011,121410,Lucerne (alfalfa) meal and pellets,17879.69,70846.7,0.2524
United States,North America,2011,121410,Lucerne (alfalfa) meal and pellets,10494.67,36133.0,0.2904
United Kingdom,Western Europe,2011,121410,Lucerne (alfalfa) meal and pellets,10203.09,32791.8,0.3111
Other Asia,Other Asia,2011,121410,Lucerne (alfalfa) meal and pellets,9817.26,50044.6,0.1962
Morocco,North Africa,2011,121410,Lucerne (alfalfa) meal and pellets,6040.22,23920.2,0.2525
Portugal,Western Europe,2011,121410,Lucerne (alfalfa) meal and pellets,5903.59,25681.2,0.2299
Tunisia,North Africa,2011,121410,Lucerne (alfalfa) meal and pellets,5778.91,28413.3,0.2034
Lebanon,Middle East,2011,121410,Lucerne (alfalfa) meal and pellets,5589.64,26797.1,0.2086
South Korea,East Asia,2011,121410,Lucerne (alfalfa) meal and pellets,4908.85,20104.0,0.2442
Jordan,Middle East,2011,121410,Lucerne (alfalfa) meal and pellets,4772.55,14005.6,0.3408
Oman,Middle East,2011,121410,Lucerne (alfalfa) meal and pellets,4058.33,12578.2,0.3226
Kuwait,Middle East,2011,121410,Lucerne (alfalfa) meal and pellets,3754.36,11444.0,0.3281
Netherlands,Western Europe,2011,121410,Lucerne (alfalfa) meal and pellets,3456.19,14461.2,0.239
Cyprus,Western Europe,2011,121410,Lucerne (alfalfa) meal and pellets,3222.89,11976.6,0.2691
Turkey,Eastern Europe,2011,121410,Lucerne (alfalfa) meal and pellets,3029.76,13684.5,0.2214
Italy,Western Europe,2011,121410,Lucerne (alfalfa) meal and pellets,2920.61,8900.13,0.3282
Greece,Western Europe,2011,121410,Lucerne (alfalfa) meal and pellets,2895.14,11126.9,0.2602
Austria,Western Europe,2011,121410,Lucerne (alfalfa) meal and pellets,1697.03,6493.3,0.2614
European Union,Western Europe,2011,121410,Lucerne (alfalfa) meal and pellets,1683.73,3239.576,0.5197
Sweden,Western Europe,2011,121410,Lucerne (alfalfa) meal and pellets,1668.68,3533.96,0.4722
Switzerland,Western Europe,2011,121410,Lucerne (alfalfa) meal and pellets,1632.23,5410.8,0.3017
Romania,Eastern Europe,2011,121410,Lucerne (alfalfa) meal and pellets,1574.92,4049.4,0.3889
China,East Asia,2011,121410,Lucerne (alfalfa) meal and pellets,1567.32,1005.75,1.5584
Hong Kong (China),East Asia,2011,121410,Lucerne (alfalfa) meal and pellets,1504.02,3224.08,0.4665
Malta,Western Europe,2011,121410,Lucerne (alfalfa) meal and pellets,1397.3,8040.0,0.1738
Ireland,Western Europe,2011,121410,Lucerne (alfalfa) meal and pellets,1337.25,3796.65,0.3522
Croatia,Eastern Europe,2011,121410,Lucerne (alfalfa) meal and pellets,1217.15,4528.98,0.2687
Norway,Western Europe,2011,121410,Lucerne (alfalfa) meal and pellets,1136.52,2653.05,0.4284
Namibia,Sub-Saharan Africa,2011,121410,Lucerne (alfalfa) meal and pellets,848.41,2898.7,0.2927
Colombia,South America,2011,121410,Lucerne (alfalfa) meal and pellets,827.23,2286.0,0.3619
Indonesia,Southeast Asia,2011,121410,Lucerne (alfalfa) meal and pellets,757.24,1983.46,0.3818
Singapore,Southeast Asia,2011,121410,Lucerne (alfalfa) meal and pellets,697.73,1350.23,0.5167
Poland,Eastern Europe,2011,121410,Lucerne (alfalfa) meal and pellets,694.79,3037.81,0.2287
Uruguay,South America,2011,121410,Lucerne (alfalfa) meal and pellets,678.62,2507.0,0.2707
Malaysia,Southeast Asia,2011,121410,Lucerne (alfalfa) meal and pellets,677.82,2753.82,0.2461
Venezuela,South America,2011,121410,Lucerne (alfalfa) meal and pellets,594.64,992.718,0.599
Slovenia,Eastern Europe,2011,121410,Lucerne (alfalfa) meal and pellets,560.69,2200.73,0.2548
Israel,Middle East,2011,121410,Lucerne (alfalfa) meal and pellets,490.0,1296.6,0.3779
Bosnia and Herzegovina,Eastern Europe,2011,121410,Lucerne (alfalfa) meal and pellets,473.83,1715.06,0.2763
Ecuador,South America,2011,121410,Lucerne (alfalfa) meal and pellets,452.95,1280.12,0.3538
Luxembourg,Western Europe,2011,121410,Lucerne (alfalfa) meal and pellets,418.88,1276.61,0.3281
Botswana,Sub-Saharan Africa,2011,121410,Lucerne (alfalfa) meal and pellets,415.04,1901.18,0.2183
Hungary,Eastern Europe,2011,121410,Lucerne (alfalfa) meal and pellets,405.0,2075.8,0.1951
Serbia,Eastern Europe,2011,121410,Lucerne (alfalfa) meal and pellets,341.74,1210.26,0.2824
Dominican Republic,Central America and Caribbean,2011,121410,Lucerne (alfalfa) meal and pellets,340.56,1385.89,0.2457
Lesotho,Sub-Saharan Africa,2011,121410,Lucerne (alfalfa) meal and pellets,340.5,1025.19,0.3321
Finland,Western Europe,2011,121410,Lucerne (alfalfa) meal and pellets,337.25,705.929,0.4777
Bahamas,Central America and Caribbean,2011,121410,Lucerne (alfalfa) meal and pellets,316.87,82.997,3.8178
Bahrain,Middle East,2011,121410,Lucerne (alfalfa) meal and pellets,274.11,921.686,0.2974
Philippines,Southeast Asia,2011,121410,Lucerne (alfalfa) meal and pellets,240.67,517.36,0.4652
South Africa,Sub-Saharan Africa,2011,121410,Lucerne (alfalfa) meal and pellets,210.58,1530.79,0.1376
Panama,Central America and Caribbean,2011,121410,Lucerne (alfalfa) meal and pellets,209.91,569.228,0.3688
Bulgaria,Eastern Europe,2011,121410,Lucerne (alfalfa) meal and pellets,200.33,602.28,0.3326
Denmark,Western Europe,2011,121410,Lucerne (alfalfa) meal and pellets,194.05,274.77,0.7062
Spain,Western Europe,2011,121410,Lucerne (alfalfa) meal and pellets,189.49,805.745,0.2352
Brazil,South America,2011,121410,Lucerne (alfalfa) meal and pellets,182.78,514.876,0.355
Mauritius,Sub-Saharan Africa,2011,121410,Lucerne (alfalfa) meal and pellets,174.36,256.876,0.6788
Canada,North America,2011,121410,Lucerne (alfalfa) meal and pellets,162.25,789.679,0.2055
Mexico,North America,2011,121410,Lucerne (alfalfa) meal and pellets,125.5,481.763,0.2605
Iran,Middle East,2011,121410,Lucerne (alfalfa) meal and pellets,124.21,300.0,0.414
New Caledonia,Oceania,2011,121410,Lucerne (alfalfa) meal and pellets,119.13,156.668,0.7604
Thailand,Southeast Asia,2011,121410,Lucerne (alfalfa) meal and pellets,112.18,212.661,0.5275
Peru,South America,2011,121410,Lucerne (alfalfa) meal and pellets,103.56,311.321,0.3326
Slovakia,Eastern Europe,2011,121410,Lucerne (alfalfa) meal and pellets,91.47,16.16,5.6603
Albania,Eastern Europe,2011,121410,Lucerne (alfalfa) meal and pellets,89.08,289.56,0.3076
Barbados,Central America and Caribbean,2011,121410,Lucerne (alfalfa) meal and pellets,83.96,111.539,0.7527
Algeria,North Africa,2011,121410,Lucerne (alfalfa) meal and pellets,73.64,149.0,0.4942
Bermuda,North America,2011,121410,Lucerne (alfalfa) meal and pellets,71.24,289.894,0.2457
Czech Republic,Eastern Europe,2011,121410,Lucerne (alfalfa) meal and pellets,70.7,239.665,0.295
Ukraine,Eastern Europe,2011,121410,Lucerne (alfalfa) meal and pellets,63.31,174.72,0.3624
Sudan,Sub-Saharan Africa,2011,121410,Lucerne (alfalfa) meal and pellets,62.38,12.0,5.1983
Jamaica,Central America and Caribbean,2011,121410,Lucerne (alfalfa) meal and pellets,60.12,67.834,0.8863
French Polynesia,Oceania,2011,121410,Lucerne (alfalfa) meal and pellets,57.21,110.579,0.5174
Trinidad and Tobago,Central America and Caribbean,2011,121410,Lucerne (alfalfa) meal and pellets,46.88,90.133,0.5201
Paraguay,South America,2011,121410,Lucerne (alfalfa) meal and pellets,39.51,114.0,0.3466
Iceland,Western Europe,2011,121410,Lucerne (alfalfa) meal and pellets,36.12,84.62,0.4268
Cape Verde,Sub-Saharan Africa,2011,121410,Lucerne (alfalfa) meal and pellets,33.29,82.84,0.4019
Honduras,Central America and Caribbean,2011,121410,Lucerne (alfalfa) meal and pellets,32.07,70.202,0.4568
Turks and Caicos Isl.,Central America and Caribbean,2011,121410,Lucerne (alfalfa) meal and pellets,30.05,123.735,0.2429
Australia,Oceania,2011,121410,Lucerne (alfalfa) meal and pellets,24.55,12.547,1.9566
India,Central Asia,2011,121410,Lucerne (alfalfa) meal and pellets,23.02,25.912,0.8884
New Zealand,Oceania,2011,121410,Lucerne (alfalfa) meal and pellets,21.61,26.5,0.8155
Eswatini,Sub-Saharan Africa,2011,121410,Lucerne (alfalfa) meal and pellets,17.91,55.773900000000005,0.3211
Costa Rica,Central America and Caribbean,2011,121410,Lucerne (alfalfa) meal and pellets,17.45,35.464,0.492
Palestine,Middle East,2011,121410,Lucerne (alfalfa) meal and pellets,17.44,70.963,0.2458
Guatemala,Central America and Caribbean,2011,121410,Lucerne (alfalfa) meal and pellets,17.2,40.0,0.43
Greenland,North America,2011,121410,Lucerne (alfalfa) meal and pellets,14.72,29.6,0.4973
Lithuania,Eastern Europe,2011,121410,Lucerne (alfalfa) meal and pellets,14.2,48.3,0.294
Grenada,Central America and Caribbean,2011,121410,Lucerne (alfalfa) meal and pellets,14.08,6.184,2.2768
Mauritania,Sub-Saharan Africa,2011,121410,Lucerne (alfalfa) meal and pellets,8.25,46.1,0.179
Vietnam,Southeast Asia,2011,121410,Lucerne (alfalfa) meal and pellets,6.8,27.658,0.2459
Russia,Eastern Europe,2011,121410,Lucerne (alfalfa) meal and pellets,4.28,6.74,0.635
Mozambique,Sub-Saharan Africa,2011,121410,Lucerne (alfalfa) meal and pellets,2.0,0.401,4.9875
Vanuatu,Oceania,2011,121410,Lucerne (alfalfa) meal and pellets,1.28,0.423,3.026
Chile,South America,2011,121410,Lucerne (alfalfa) meal and pellets,0.81,0.312955,2.5882
Zambia,Sub-Saharan Africa,2011,121410,Lucerne (alfalfa) meal and pellets,0.73,2.3785700000000003,0.3069
Papua New Guinea,Oceania,2011,121410,Lucerne (alfalfa) meal and pellets,0.21,0.005,42.0
Seychelles,Sub-Saharan Africa,2011,121410,Lucerne (alfalfa) meal and pellets,0.15,0.00601,24.9584
Antigua and Barbuda,Central America and Caribbean,2011,121410,Lucerne (alfalfa) meal and pellets,0.08,0.061,1.3115
Montenegro,Eastern Europe,2011,121410,Lucerne (alfalfa) meal and pellets,0.04,0.018,2.2222
St. Kitts and Nevis,Central America and Caribbean,2011,121410,Lucerne (alfalfa) meal and pellets,0.01,0.004,2.5
Japan,East Asia,2010,121410,Lucerne (alfalfa) meal and pellets,37647.91,109168.0,0.3449
Saudi Arabia,Middle East,2010,121410,Lucerne (alfalfa) meal and pellets,25113.37,87022.0,0.2886
Belgium,Western Europe,2010,121410,Lucerne (alfalfa) meal and pellets,12914.86,74601.3,0.1731
Germany,Western Europe,2010,121410,Lucerne (alfalfa) meal and pellets,10408.01,55405.0,0.1879
United States,North America,2010,121410,Lucerne (alfalfa) meal and pellets,9180.16,32008.0,0.2868
Morocco,North Africa,2010,121410,Lucerne (alfalfa) meal and pellets,8908.98,51707.2,0.1723
United Kingdom,Western Europe,2010,121410,Lucerne (alfalfa) meal and pellets,8405.42,27888.2,0.3014
France,Western Europe,2010,121410,Lucerne (alfalfa) meal and pellets,7894.54,36579.0,0.2158
Other Asia,Other Asia,2010,121410,Lucerne (alfalfa) meal and pellets,7199.42,45358.8,0.1587
Tunisia,North Africa,2010,121410,Lucerne (alfalfa) meal and pellets,6517.94,44386.6,0.1468
Portugal,Western Europe,2010,121410,Lucerne (alfalfa) meal and pellets,5340.06,30729.1,0.1738
South Korea,East Asia,2010,121410,Lucerne (alfalfa) meal and pellets,4405.52,19602.1,0.2247
Oman,Middle East,2010,121410,Lucerne (alfalfa) meal and pellets,3622.43,11115.2,0.3259
Libya,North Africa,2010,121410,Lucerne (alfalfa) meal and pellets,2740.79,4790.36,0.5721
Italy,Western Europe,2010,121410,Lucerne (alfalfa) meal and pellets,2631.06,14104.7,0.1865
Netherlands,Western Europe,2010,121410,Lucerne (alfalfa) meal and pellets,2586.57,12925.5,0.2001
Greece,Western Europe,2010,121410,Lucerne (alfalfa) meal and pellets,2546.49,15049.6,0.1692
Hong Kong (China),East Asia,2010,121410,Lucerne (alfalfa) meal and pellets,2383.91,3627.5,0.6572
Cyprus,Western Europe,2010,121410,Lucerne (alfalfa) meal and pellets,2255.46,10474.6,0.2153
Kuwait,Middle East,2010,121410,Lucerne (alfalfa) meal and pellets,2220.8,6784.37,0.3273
Turkey,Eastern Europe,2010,121410,Lucerne (alfalfa) meal and pellets,2188.26,11550.0,0.1895
Qatar,Middle East,2010,121410,Lucerne (alfalfa) meal and pellets,2069.57,7200.13,0.2874
China,East Asia,2010,121410,Lucerne (alfalfa) meal and pellets,2027.38,3426.11,0.5917
Jordan,Middle East,2010,121410,Lucerne (alfalfa) meal and pellets,1986.58,7177.16,0.2768
European Union,Western Europe,2010,121410,Lucerne (alfalfa) meal and pellets,1833.48,4073.92,0.4501
Sweden,Western Europe,2010,121410,Lucerne (alfalfa) meal and pellets,1582.47,4739.75,0.3339
Uruguay,South America,2010,121410,Lucerne (alfalfa) meal and pellets,1547.78,6570.5,0.2356
Austria,Western Europe,2010,121410,Lucerne (alfalfa) meal and pellets,1270.69,5874.6,0.2163
Switzerland,Western Europe,2010,121410,Lucerne (alfalfa) meal and pellets,1179.62,5184.48,0.2275
Ireland,Western Europe,2010,121410,Lucerne (alfalfa) meal and pellets,1019.84,4272.83,0.2387
Malta,Western Europe,2010,121410,Lucerne (alfalfa) meal and pellets,1004.41,5168.11,0.1943
Croatia,Eastern Europe,2010,121410,Lucerne (alfalfa) meal and pellets,940.95,4377.64,0.2149
Colombia,South America,2010,121410,Lucerne (alfalfa) meal and pellets,686.13,2202.17,0.3116
Malaysia,Southeast Asia,2010,121410,Lucerne (alfalfa) meal and pellets,684.15,2162.13,0.3164
Bahamas,Central America and Caribbean,2010,121410,Lucerne (alfalfa) meal and pellets,682.25,133.238,5.1205
Romania,Eastern Europe,2010,121410,Lucerne (alfalfa) meal and pellets,675.95,2418.22,0.2795
Singapore,Southeast Asia,2010,121410,Lucerne (alfalfa) meal and pellets,668.19,1380.35,0.4841
Botswana,Sub-Saharan Africa,2010,121410,Lucerne (alfalfa) meal and pellets,635.3,3352.16,0.1895
Namibia,Sub-Saharan Africa,2010,121410,Lucerne (alfalfa) meal and pellets,604.49,2097.18,0.2882
Poland,Eastern Europe,2010,121410,Lucerne (alfalfa) meal and pellets,546.45,2958.98,0.1847
Norway,Western Europe,2010,121410,Lucerne (alfalfa) meal and pellets,527.0,1358.16,0.388
Slovenia,Eastern Europe,2010,121410,Lucerne (alfalfa) meal and pellets,491.79,2205.74,0.223
Ecuador,South America,2010,121410,Lucerne (alfalfa) meal and pellets,480.93,1084.52,0.4434
Bosnia and Herzegovina,Eastern Europe,2010,121410,Lucerne (alfalfa) meal and pellets,477.02,2065.43,0.231
Canada,North America,2010,121410,Lucerne (alfalfa) meal and pellets,439.99,1606.09,0.274
Philippines,Southeast Asia,2010,121410,Lucerne (alfalfa) meal and pellets,403.06,893.575,0.4511
Venezuela,South America,2010,121410,Lucerne (alfalfa) meal and pellets,370.69,767.27,0.4831
Lebanon,Middle East,2010,121410,Lucerne (alfalfa) meal and pellets,325.04,2434.66,0.1335
Latvia,Eastern Europe,2010,121410,Lucerne (alfalfa) meal and pellets,301.27,1039.57,0.2898
Dominican Republic,Central America and Caribbean,2010,121410,Lucerne (alfalfa) meal and pellets,287.53,1039.43,0.2766
Finland,Western Europe,2010,121410,Lucerne (alfalfa) meal and pellets,218.61,709.473,0.3081
Israel,Middle East,2010,121410,Lucerne (alfalfa) meal and pellets,212.0,585.912,0.3618
Bahrain,Middle East,2010,121410,Lucerne (alfalfa) meal and pellets,203.9,662.075,0.308
Luxembourg,Western Europe,2010,121410,Lucerne (alfalfa) meal and pellets,175.05,615.882,0.2842
Mexico,North America,2010,121410,Lucerne (alfalfa) meal and pellets,155.6,611.535,0.2544
Bermuda,North America,2010,121410,Lucerne (alfalfa) meal and pellets,151.23,546.712,0.2766
Pakistan,Central Asia,2010,121410,Lucerne (alfalfa) meal and pellets,144.36,25.0,5.7744
Denmark,Western Europe,2010,121410,Lucerne (alfalfa) meal and pellets,141.79,204.762,0.6925
South Africa,Sub-Saharan Africa,2010,121410,Lucerne (alfalfa) meal and pellets,132.87,804.557,0.1651
Brazil,South America,2010,121410,Lucerne (alfalfa) meal and pellets,121.42,421.0,0.2884
Peru,South America,2010,121410,Lucerne (alfalfa) meal and pellets,120.43,415.72,0.2897
New Caledonia,Oceania,2010,121410,Lucerne (alfalfa) meal and pellets,116.59,171.521,0.6797
Indonesia,Southeast Asia,2010,121410,Lucerne (alfalfa) meal and pellets,107.11,425.616,0.2517
Panama,Central America and Caribbean,2010,121410,Lucerne (alfalfa) meal and pellets,103.19,307.204,0.3359
Barbados,Central America and Caribbean,2010,121410,Lucerne (alfalfa) meal and pellets,100.77,135.204,0.7453
Lesotho,Sub-Saharan Africa,2010,121410,Lucerne (alfalfa) meal and pellets,95.6,364.378,0.2624
Thailand,Southeast Asia,2010,121410,Lucerne (alfalfa) meal and pellets,92.43,295.641,0.3126
Iceland,Western Europe,2010,121410,Lucerne (alfalfa) meal and pellets,89.44,216.42,0.4133
Mauritius,Sub-Saharan Africa,2010,121410,Lucerne (alfalfa) meal and pellets,89.05,149.954,0.5938
Palestine,Middle East,2010,121410,Lucerne (alfalfa) meal and pellets,70.0,272.927,0.2565
Cambodia,Southeast Asia,2010,121410,Lucerne (alfalfa) meal and pellets,64.72,3.317,19.5116
Serbia,Eastern Europe,2010,121410,Lucerne (alfalfa) meal and pellets,62.41,281.288,0.2219
Guatemala,Central America and Caribbean,2010,121410,Lucerne (alfalfa) meal and pellets,58.65,109.507,0.5356
Hungary,Eastern Europe,2010,121410,Lucerne (alfalfa) meal and pellets,53.0,208.2,0.2546
Paraguay,South America,2010,121410,Lucerne (alfalfa) meal and pellets,51.45,185.09,0.278
New Zealand,Oceania,2010,121410,Lucerne (alfalfa) meal and pellets,50.11,78.513,0.6382
Ukraine,Eastern Europe,2010,121410,Lucerne (alfalfa) meal and pellets,45.8,196.79,0.2327
Eswatini,Sub-Saharan Africa,2010,121410,Lucerne (alfalfa) meal and pellets,44.73,194.21,0.2303
Jamaica,Central America and Caribbean,2010,121410,Lucerne (alfalfa) meal and pellets,42.16,56.828,0.7419
Spain,Western Europe,2010,121410,Lucerne (alfalfa) meal and pellets,41.39,239.57,0.1728
Trinidad and Tobago,Central America and Caribbean,2010,121410,Lucerne (alfalfa) meal and pellets,41.08,55.043,0.7463
French Polynesia,Oceania,2010,121410,Lucerne (alfalfa) meal and pellets,37.19,74.675,0.498
Vanuatu,Oceania,2010,121410,Lucerne (alfalfa) meal and pellets,27.75,48.0,0.5781
Australia,Oceania,2010,121410,Lucerne (alfalfa) meal and pellets,25.57,11.173,2.2886
Slovakia,Eastern Europe,2010,121410,Lucerne (alfalfa) meal and pellets,21.77,7.932,2.7446
Czech Republic,Eastern Europe,2010,121410,Lucerne (alfalfa) meal and pellets,20.38,101.19,0.2014
Honduras,Central America and Caribbean,2010,121410,Lucerne (alfalfa) meal and pellets,19.5,37.983,0.5134
India,Central Asia,2010,121410,Lucerne (alfalfa) meal and pellets,18.71,1.488,12.5739
Greenland,North America,2010,121410,Lucerne (alfalfa) meal and pellets,13.43,37.1,0.362
Costa Rica,Central America and Caribbean,2010,121410,Lucerne (alfalfa) meal and pellets,9.65,20.53,0.47
Chile,South America,2010,121410,Lucerne (alfalfa) meal and pellets,6.51,28.02,0.2323
Gabon,Sub-Saharan Africa,2010,121410,Lucerne (alfalfa) meal and pellets,5.05,8.0,0.6312
Angola,Sub-Saharan Africa,2010,121410,Lucerne (alfalfa) meal and pellets,4.75,62.035,0.0766
Laos,Southeast Asia,2010,121410,Lucerne (alfalfa) meal and pellets,3.82,13.803,0.2768
Belize,Central America and Caribbean,2010,121410,Lucerne (alfalfa) meal and pellets,3.36,10.9001,0.3083
St. Lucia,Central America and Caribbean,2010,121410,Lucerne (alfalfa) meal and pellets,3.21,0.01,321.0
Lithuania,Eastern Europe,2010,121410,Lucerne (alfalfa) meal and pellets,3.2,11.69,0.2737
Grenada,Central America and Caribbean,2010,121410,Lucerne (alfalfa) meal and pellets,1.95,1.004,1.9422
Mauritania,Sub-Saharan Africa,2010,121410,Lucerne (alfalfa) meal and pellets,1.74,12.5,0.1392
Albania,Eastern Europe,2010,121410,Lucerne (alfalfa) meal and pellets,1.71,7.035,0.2431
Zimbabwe,Sub-Saharan Africa,2010,121410,Lucerne (alfalfa) meal and pellets,1.63,0.709,2.299
Antigua and Barbuda,Central America and Caribbean,2010,121410,Lucerne (alfalfa) meal and pellets,1.15,2.249,0.5113
Burkina Faso,Sub-Saharan Africa,2010,121410,Lucerne (alfalfa) meal and pellets,0.88,2.358,0.3732
Nicaragua,Central America and Caribbean,2010,121410,Lucerne (alfalfa) meal and pellets,0.81,0.089,9.1011
Zambia,Sub-Saharan Africa,2010,121410,Lucerne (alfalfa) meal and pellets,0.62,2.4320399999999998,0.2549
Cape Verde,Sub-Saharan Africa,2010,121410,Lucerne (alfalfa) meal and pellets,0.54,1.007,0.5362
Argentina,South America,2010,121410,Lucerne (alfalfa) meal and pellets,0.4,1.39,0.2878
Aruba,Central America and Caribbean,2010,121410,Lucerne (alfalfa) meal and pellets,0.33,1.0,0.33
Seychelles,Sub-Saharan Africa,2010,121410,Lucerne (alfalfa) meal and pellets,0.04,0.00185,21.6216
Kenya,Sub-Saharan Africa,2010,121410,Lucerne (alfalfa) meal and pellets,0.03,0.003,10.0
Japan,East Asia,2009,121410,Lucerne (alfalfa) meal and pellets,33681.65,100198.0,0.3362
Belgium,Western Europe,2009,121410,Lucerne (alfalfa) meal and pellets,22549.92,110123.0,0.2048
Saudi Arabia,Middle East,2009,121410,Lucerne (alfalfa) meal and pellets,19689.14,51629.0,0.3814
United States,North America,2009,121410,Lucerne (alfalfa) meal and pellets,12000.77,37891.0,0.3167
Germany,Western Europe,2009,121410,Lucerne (alfalfa) meal and pellets,11228.81,49332.7,0.2276
United Kingdom,Western Europe,2009,121410,Lucerne (alfalfa) meal and pellets,9747.83,24201.8,0.4028
Oman,Middle East,2009,121410,Lucerne (alfalfa) meal and pellets,8829.08,36706.8,0.2405
Other Asia,Other Asia,2009,121410,Lucerne (alfalfa) meal and pellets,6587.61,42225.2,0.156
Morocco,North Africa,2009,121410,Lucerne (alfalfa) meal and pellets,6314.95,35612.8,0.1773
Jordan,Middle East,2009,121410,Lucerne (alfalfa) meal and pellets,5478.04,16762.2,0.3268
Portugal,Western Europe,2009,121410,Lucerne (alfalfa) meal and pellets,5086.92,23238.9,0.2189
France,Western Europe,2009,121410,Lucerne (alfalfa) meal and pellets,5056.33,21871.1,0.2312
South Korea,East Asia,2009,121410,Lucerne (alfalfa) meal and pellets,5003.71,21534.1,0.2324
Greece,Western Europe,2009,121410,Lucerne (alfalfa) meal and pellets,4017.08,19326.2,0.2079
Tunisia,North Africa,2009,121410,Lucerne (alfalfa) meal and pellets,3752.11,22674.6,0.1655
Italy,Western Europe,2009,121410,Lucerne (alfalfa) meal and pellets,2829.77,13076.3,0.2164
Cyprus,Western Europe,2009,121410,Lucerne (alfalfa) meal and pellets,2770.09,11725.1,0.2363
Netherlands,Western Europe,2009,121410,Lucerne (alfalfa) meal and pellets,2535.88,7759.52,0.3268
European Union,Western Europe,2009,121410,Lucerne (alfalfa) meal and pellets,1985.35,4262.71,0.4657
Sweden,Western Europe,2009,121410,Lucerne (alfalfa) meal and pellets,1778.46,5949.0,0.299
Uruguay,South America,2009,121410,Lucerne (alfalfa) meal and pellets,1758.12,8184.39,0.2148
Austria,Western Europe,2009,121410,Lucerne (alfalfa) meal and pellets,1449.81,5148.4,0.2816
Hong Kong (China),East Asia,2009,121410,Lucerne (alfalfa) meal and pellets,1307.7,2724.24,0.48
Croatia,Eastern Europe,2009,121410,Lucerne (alfalfa) meal and pellets,1300.81,5262.06,0.2472
Ireland,Western Europe,2009,121410,Lucerne (alfalfa) meal and pellets,1255.78,5820.13,0.2158
China,East Asia,2009,121410,Lucerne (alfalfa) meal and pellets,1219.4,133.585,9.1283
Switzerland,Western Europe,2009,121410,Lucerne (alfalfa) meal and pellets,1187.13,4684.08,0.2534
Malta,Western Europe,2009,121410,Lucerne (alfalfa) meal and pellets,1117.41,3849.76,0.2903
Libya,North Africa,2009,121410,Lucerne (alfalfa) meal and pellets,799.49,998.442,0.8007
Venezuela,South America,2009,121410,Lucerne (alfalfa) meal and pellets,780.97,1354.93,0.5764
Singapore,Southeast Asia,2009,121410,Lucerne (alfalfa) meal and pellets,769.23,1563.51,0.492
Israel,Middle East,2009,121410,Lucerne (alfalfa) meal and pellets,677.0,2137.66,0.3167
Poland,Eastern Europe,2009,121410,Lucerne (alfalfa) meal and pellets,606.23,2891.71,0.2096
Botswana,Sub-Saharan Africa,2009,121410,Lucerne (alfalfa) meal and pellets,561.07,2710.14,0.207
Lebanon,Middle East,2009,121410,Lucerne (alfalfa) meal and pellets,525.42,3243.54,0.162
Bosnia and Herzegovina,Eastern Europe,2009,121410,Lucerne (alfalfa) meal and pellets,525.23,2082.05,0.2523
Slovenia,Eastern Europe,2009,121410,Lucerne (alfalfa) meal and pellets,484.84,1788.77,0.271
Romania,Eastern Europe,2009,121410,Lucerne (alfalfa) meal and pellets,422.74,1463.46,0.2889
Malaysia,Southeast Asia,2009,121410,Lucerne (alfalfa) meal and pellets,412.41,2444.36,0.1687
Namibia,Sub-Saharan Africa,2009,121410,Lucerne (alfalfa) meal and pellets,369.64,1175.84,0.3144
Philippines,Southeast Asia,2009,121410,Lucerne (alfalfa) meal and pellets,345.04,993.859,0.3472
Dominican Republic,Central America and Caribbean,2009,121410,Lucerne (alfalfa) meal and pellets,344.74,572.83,0.6018
Norway,Western Europe,2009,121410,Lucerne (alfalfa) meal and pellets,321.72,716.761,0.4489
Bahamas,Central America and Caribbean,2009,121410,Lucerne (alfalfa) meal and pellets,305.11,67.188,4.5411
Spain,Western Europe,2009,121410,Lucerne (alfalfa) meal and pellets,261.97,1380.61,0.1897
Latvia,Eastern Europe,2009,121410,Lucerne (alfalfa) meal and pellets,253.13,780.16,0.3245
Lesotho,Sub-Saharan Africa,2009,121410,Lucerne (alfalfa) meal and pellets,231.19,791.9714799999999,0.2919
Finland,Western Europe,2009,121410,Lucerne (alfalfa) meal and pellets,199.75,654.723,0.3051
Bahrain,Middle East,2009,121410,Lucerne (alfalfa) meal and pellets,187.78,491.182,0.3823
Mexico,North America,2009,121410,Lucerne (alfalfa) meal and pellets,184.22,516.708,0.3565
Hungary,Eastern Europe,2009,121410,Lucerne (alfalfa) meal and pellets,173.0,660.5,0.2619
Luxembourg,Western Europe,2009,121410,Lucerne (alfalfa) meal and pellets,144.05,454.446,0.317
New Zealand,Oceania,2009,121410,Lucerne (alfalfa) meal and pellets,132.9,204.45,0.65
Denmark,Western Europe,2009,121410,Lucerne (alfalfa) meal and pellets,114.0,358.24,0.3182
Brazil,South America,2009,121410,Lucerne (alfalfa) meal and pellets,113.93,415.949,0.2739
Cambodia,Southeast Asia,2009,121410,Lucerne (alfalfa) meal and pellets,109.58,9.79,11.1931
Slovakia,Eastern Europe,2009,121410,Lucerne (alfalfa) meal and pellets,102.71,154.053,0.6667
Panama,Central America and Caribbean,2009,121410,Lucerne (alfalfa) meal and pellets,100.06,300.292,0.3332
Barbados,Central America and Caribbean,2009,121410,Lucerne (alfalfa) meal and pellets,94.41,131.098,0.7201
Thailand,Southeast Asia,2009,121410,Lucerne (alfalfa) meal and pellets,93.2,273.614,0.3406
Ecuador,South America,2009,121410,Lucerne (alfalfa) meal and pellets,81.15,260.0,0.3121
Mauritius,Sub-Saharan Africa,2009,121410,Lucerne (alfalfa) meal and pellets,80.25,138.444,0.5797
Guatemala,Central America and Caribbean,2009,121410,Lucerne (alfalfa) meal and pellets,79.19,148.677,0.5326
New Caledonia,Oceania,2009,121410,Lucerne (alfalfa) meal and pellets,75.27,111.37,0.6759
Canada,North America,2009,121410,Lucerne (alfalfa) meal and pellets,52.74,235.739,0.2237
India,Central Asia,2009,121410,Lucerne (alfalfa) meal and pellets,45.81,3.691,12.4113
Trinidad and Tobago,Central America and Caribbean,2009,121410,Lucerne (alfalfa) meal and pellets,44.61,94.849,0.4703
French Polynesia,Oceania,2009,121410,Lucerne (alfalfa) meal and pellets,43.82,76.877,0.57
Colombia,South America,2009,121410,Lucerne (alfalfa) meal and pellets,41.2,130.0,0.3169
Peru,South America,2009,121410,Lucerne (alfalfa) meal and pellets,39.76,129.91,0.3061
Iceland,Western Europe,2009,121410,Lucerne (alfalfa) meal and pellets,37.12,116.04,0.3199
Australia,Oceania,2009,121410,Lucerne (alfalfa) meal and pellets,34.98,19.115,1.83
Chile,South America,2009,121410,Lucerne (alfalfa) meal and pellets,33.96,140.98,0.2409
Jamaica,Central America and Caribbean,2009,121410,Lucerne (alfalfa) meal and pellets,30.0,50.074,0.5991
Indonesia,Southeast Asia,2009,121410,Lucerne (alfalfa) meal and pellets,22.78,118.181,0.1928
Honduras,Central America and Caribbean,2009,121410,Lucerne (alfalfa) meal and pellets,20.37,37.487,0.5434
Greenland,North America,2009,121410,Lucerne (alfalfa) meal and pellets,20.03,60.0,0.3338
South Africa,Sub-Saharan Africa,2009,121410,Lucerne (alfalfa) meal and pellets,19.0,1.258,15.1033
St. Kitts and Nevis,Central America and Caribbean,2009,121410,Lucerne (alfalfa) meal and pellets,18.88,25.841,0.7306
Egypt,North Africa,2009,121410,Lucerne (alfalfa) meal and pellets,18.63,70.0942,0.2658
Eswatini,Sub-Saharan Africa,2009,121410,Lucerne (alfalfa) meal and pellets,17.4,65.4647,0.2658
Algeria,North Africa,2009,121410,Lucerne (alfalfa) meal and pellets,13.12,49.02,0.2676
Faroe Islands,Western Europe,2009,121410,Lucerne (alfalfa) meal and pellets,11.63,33.516,0.347
Grenada,Central America and Caribbean,2009,121410,Lucerne (alfalfa) meal and pellets,9.83,6.792,1.4473
Brunei,Southeast Asia,2009,121410,Lucerne (alfalfa) meal and pellets,7.64,23.371,0.3269
Paraguay,South America,2009,121410,Lucerne (alfalfa) meal and pellets,7.41,28.5,0.26
Vietnam,Southeast Asia,2009,121410,Lucerne (alfalfa) meal and pellets,4.44,13.575,0.3271
Ukraine,Eastern Europe,2009,121410,Lucerne (alfalfa) meal and pellets,3.31,16.8,0.197
Czech Republic,Eastern Europe,2009,121410,Lucerne (alfalfa) meal and pellets,2.42,1.28,1.8906
Belize,Central America and Caribbean,2009,121410,Lucerne (alfalfa) meal and pellets,2.06,8.53688,0.2413
Gabon,Sub-Saharan Africa,2009,121410,Lucerne (alfalfa) meal and pellets,1.71,2.0,0.855
Cape Verde,Sub-Saharan Africa,2009,121410,Lucerne (alfalfa) meal and pellets,1.47,3.4,0.4324
Tanzania,Sub-Saharan Africa,2009,121410,Lucerne (alfalfa) meal and pellets,1.34,2.512,0.5334
Zambia,Sub-Saharan Africa,2009,121410,Lucerne (alfalfa) meal and pellets,1.22,4.59134,0.2657
Palestine,Middle East,2009,121410,Lucerne (alfalfa) meal and pellets,0.99,3.7355500000000004,0.265
Andorra,Western Europe,2009,121410,Lucerne (alfalfa) meal and pellets,0.8,4.478,0.1787
Lithuania,Eastern Europe,2009,121410,Lucerne (alfalfa) meal and pellets,0.56,0.234,2.3932
Mozambique,Sub-Saharan Africa,2009,121410,Lucerne (alfalfa) meal and pellets,0.42,1.299,0.3233
Zimbabwe,Sub-Saharan Africa,2009,121410,Lucerne (alfalfa) meal and pellets,0.32,0.038,8.4211
Fiji,Oceania,2009,121410,Lucerne (alfalfa) meal and pellets,0.26,0.119,2.1849
Antigua and Barbuda,Central America and Caribbean,2009,121410,Lucerne (alfalfa) meal and pellets,0.23,0.079,2.9114
El Salvador,Central America and Caribbean,2009,121410,Lucerne (alfalfa) meal and pellets,0.21,0.567,0.3704
Nicaragua,Central America and Caribbean,2009,121410,Lucerne (alfalfa) meal and pellets,0.12,0.052,2.3077
Djibouti,Sub-Saharan Africa,2009,121410,Lucerne (alfalfa) meal and pellets,0.09,0.083,1.0843
Seychelles,Sub-Saharan Africa,2009,121410,Lucerne (alfalfa) meal and pellets,0.05,0.00281,17.7936
Gambia,Sub-Saharan Africa,2009,121410,Lucerne (alfalfa) meal and pellets,0.05,0.167,0.2994
Yemen,Middle East,2009,121410,Lucerne (alfalfa) meal and pellets,0.05,0.005,10.0
United Arab Emirates,Middle East,2008,121410,Lucerne (alfalfa) meal and pellets,97798.4,302531.0,0.3233
Japan,East Asia,2008,121410,Lucerne (alfalfa) meal and pellets,49005.31,136890.0,0.358
Belgium,Western Europe,2008,121410,Lucerne (alfalfa) meal and pellets,25650.67,99334.9,0.2582
Saudi Arabia,Middle East,2008,121410,Lucerne (alfalfa) meal and pellets,20866.16,59656.0,0.3498
Germany,Western Europe,2008,121410,Lucerne (alfalfa) meal and pellets,16070.87,60704.3,0.2647
United States,North America,2008,121410,Lucerne (alfalfa) meal and pellets,14672.02,43975.0,0.3336
Cyprus,Western Europe,2008,121410,Lucerne (alfalfa) meal and pellets,10952.08,35029.6,0.3127
United Kingdom,Western Europe,2008,121410,Lucerne (alfalfa) meal and pellets,10521.41,29071.4,0.3619
Greece,Western Europe,2008,121410,Lucerne (alfalfa) meal and pellets,10450.74,33786.7,0.3093
Portugal,Western Europe,2008,121410,Lucerne (alfalfa) meal and pellets,9884.99,36318.1,0.2722
Oman,Middle East,2008,121410,Lucerne (alfalfa) meal and pellets,9726.1,30095.3,0.3232
Tunisia,North Africa,2008,121410,Lucerne (alfalfa) meal and pellets,9558.11,33584.9,0.2846
Other Asia,Other Asia,2008,121410,Lucerne (alfalfa) meal and pellets,8243.99,54911.5,0.1501
France,Western Europe,2008,121410,Lucerne (alfalfa) meal and pellets,7650.36,27030.1,0.283
Morocco,North Africa,2008,121410,Lucerne (alfalfa) meal and pellets,7474.96,25474.8,0.2934
South Korea,East Asia,2008,121410,Lucerne (alfalfa) meal and pellets,5659.18,23157.5,0.2444
Netherlands,Western Europe,2008,121410,Lucerne (alfalfa) meal and pellets,4463.19,17307.9,0.2579
Denmark,Western Europe,2008,121410,Lucerne (alfalfa) meal and pellets,4209.56,13954.6,0.3017
Sweden,Western Europe,2008,121410,Lucerne (alfalfa) meal and pellets,3827.77,12475.0,0.3068
European Union,Western Europe,2008,121410,Lucerne (alfalfa) meal and pellets,2710.93,5055.39,0.5362
Croatia,Eastern Europe,2008,121410,Lucerne (alfalfa) meal and pellets,2464.13,7885.55,0.3125
Austria,Western Europe,2008,121410,Lucerne (alfalfa) meal and pellets,2421.45,7685.7,0.3151
Italy,Western Europe,2008,121410,Lucerne (alfalfa) meal and pellets,2381.39,7353.26,0.3239
Kuwait,Middle East,2008,121410,Lucerne (alfalfa) meal and pellets,2338.2,9063.74,0.258
Malta,Western Europe,2008,121410,Lucerne (alfalfa) meal and pellets,2247.98,8385.89,0.2681
Qatar,Middle East,2008,121410,Lucerne (alfalfa) meal and pellets,2197.79,8536.0,0.2575
Ireland,Western Europe,2008,121410,Lucerne (alfalfa) meal and pellets,1721.06,6428.05,0.2677
Switzerland,Western Europe,2008,121410,Lucerne (alfalfa) meal and pellets,1489.75,4879.29,0.3053
Spain,Western Europe,2008,121410,Lucerne (alfalfa) meal and pellets,1270.07,5135.18,0.2473
Poland,Eastern Europe,2008,121410,Lucerne (alfalfa) meal and pellets,1233.46,4198.34,0.2938
Hong Kong (China),East Asia,2008,121410,Lucerne (alfalfa) meal and pellets,1049.47,2192.46,0.4787
Venezuela,South America,2008,121410,Lucerne (alfalfa) meal and pellets,1039.76,2243.93,0.4634
Slovenia,Eastern Europe,2008,121410,Lucerne (alfalfa) meal and pellets,1022.68,3302.53,0.3097
Romania,Eastern Europe,2008,121410,Lucerne (alfalfa) meal and pellets,969.23,2362.53,0.4103
Uruguay,South America,2008,121410,Lucerne (alfalfa) meal and pellets,951.65,4249.47,0.2239
Hungary,Eastern Europe,2008,121410,Lucerne (alfalfa) meal and pellets,937.0,3305.4,0.2835
Jordan,Middle East,2008,121410,Lucerne (alfalfa) meal and pellets,907.26,3770.49,0.2406
Mexico,North America,2008,121410,Lucerne (alfalfa) meal and pellets,781.16,2517.06,0.3103
Singapore,Southeast Asia,2008,121410,Lucerne (alfalfa) meal and pellets,710.4,1682.38,0.4223
Bosnia and Herzegovina,Eastern Europe,2008,121410,Lucerne (alfalfa) meal and pellets,615.65,1953.61,0.3151
Chile,South America,2008,121410,Lucerne (alfalfa) meal and pellets,545.64,2115.45,0.2579
Slovakia,Eastern Europe,2008,121410,Lucerne (alfalfa) meal and pellets,543.75,1333.68,0.4077
Namibia,Sub-Saharan Africa,2008,121410,Lucerne (alfalfa) meal and pellets,466.67,1766.26,0.2642
Israel,Middle East,2008,121410,Lucerne (alfalfa) meal and pellets,443.0,1060.96,0.4175
Philippines,Southeast Asia,2008,121410,Lucerne (alfalfa) meal and pellets,423.44,993.07,0.4264
Dominican Republic,Central America and Caribbean,2008,121410,Lucerne (alfalfa) meal and pellets,411.76,925.1408,0.4451
Lebanon,Middle East,2008,121410,Lucerne (alfalfa) meal and pellets,407.73,1600.7,0.2547
Botswana,Sub-Saharan Africa,2008,121410,Lucerne (alfalfa) meal and pellets,337.65,2220.4,0.1521
Bahamas,Central America and Caribbean,2008,121410,Lucerne (alfalfa) meal and pellets,330.51,264.837,1.248
Tanzania,Sub-Saharan Africa,2008,121410,Lucerne (alfalfa) meal and pellets,329.56,20.45,16.1154
Lesotho,Sub-Saharan Africa,2008,121410,Lucerne (alfalfa) meal and pellets,293.86,969.768,0.303
Serbia,Eastern Europe,2008,121410,Lucerne (alfalfa) meal and pellets,273.75,866.975,0.3158
Norway,Western Europe,2008,121410,Lucerne (alfalfa) meal and pellets,272.53,538.127,0.5064
China,East Asia,2008,121410,Lucerne (alfalfa) meal and pellets,262.6,197.622,1.3288
Malaysia,Southeast Asia,2008,121410,Lucerne (alfalfa) meal and pellets,245.8,1437.84,0.171
New Zealand,Oceania,2008,121410,Lucerne (alfalfa) meal and pellets,206.21,296.608,0.6952
Bahrain,Middle East,2008,121410,Lucerne (alfalfa) meal and pellets,205.01,562.726,0.3643
Luxembourg,Western Europe,2008,121410,Lucerne (alfalfa) meal and pellets,197.55,517.096,0.382
Brazil,South America,2008,121410,Lucerne (alfalfa) meal and pellets,180.83,689.0,0.2625
Latvia,Eastern Europe,2008,121410,Lucerne (alfalfa) meal and pellets,170.41,423.9,0.402
Czech Republic,Eastern Europe,2008,121410,Lucerne (alfalfa) meal and pellets,160.63,499.176,0.3218
Finland,Western Europe,2008,121410,Lucerne (alfalfa) meal and pellets,141.89,641.225,0.2213
Canada,North America,2008,121410,Lucerne (alfalfa) meal and pellets,140.18,567.533,0.247
Panama,Central America and Caribbean,2008,121410,Lucerne (alfalfa) meal and pellets,128.26,355.413,0.3609
New Caledonia,Oceania,2008,121410,Lucerne (alfalfa) meal and pellets,119.13,177.324,0.6718
Barbados,Central America and Caribbean,2008,121410,Lucerne (alfalfa) meal and pellets,99.9,148.369,0.6733
Thailand,Southeast Asia,2008,121410,Lucerne (alfalfa) meal and pellets,82.15,128.553,0.639
Ecuador,South America,2008,121410,Lucerne (alfalfa) meal and pellets,70.71,149.11,0.4742
Guatemala,Central America and Caribbean,2008,121410,Lucerne (alfalfa) meal and pellets,70.55,151.109,0.4669
Mauritius,Sub-Saharan Africa,2008,121410,Lucerne (alfalfa) meal and pellets,64.34,290.748,0.2213
French Polynesia,Oceania,2008,121410,Lucerne (alfalfa) meal and pellets,55.32,97.053,0.57
Albania,Eastern Europe,2008,121410,Lucerne (alfalfa) meal and pellets,51.28,231.737,0.2213
India,Central Asia,2008,121410,Lucerne (alfalfa) meal and pellets,46.01,3.466,13.2747
Trinidad and Tobago,Central America and Caribbean,2008,121410,Lucerne (alfalfa) meal and pellets,44.46,89.091,0.499
South Africa,Sub-Saharan Africa,2008,121410,Lucerne (alfalfa) meal and pellets,41.68,4.446,9.3747
St. Vincent and the Grenadines,Central America and Caribbean,2008,121410,Lucerne (alfalfa) meal and pellets,40.99,57.988,0.7069
Peru,South America,2008,121410,Lucerne (alfalfa) meal and pellets,38.53,104.0,0.3705
Greenland,North America,2008,121410,Lucerne (alfalfa) meal and pellets,36.87,69.8,0.5282
North Macedonia,Eastern Europe,2008,121410,Lucerne (alfalfa) meal and pellets,27.36,75.34,0.3632
Colombia,South America,2008,121410,Lucerne (alfalfa) meal and pellets,27.2,72.0,0.3778
Australia,Oceania,2008,121410,Lucerne (alfalfa) meal and pellets,24.65,20.15,1.2233
Ukraine,Eastern Europe,2008,121410,Lucerne (alfalfa) meal and pellets,24.52,38.5,0.6369
Indonesia,Southeast Asia,2008,121410,Lucerne (alfalfa) meal and pellets,21.28,139.837,0.1522
Iceland,Western Europe,2008,121410,Lucerne (alfalfa) meal and pellets,18.76,38.28,0.4901
Mayotte,Sub-Saharan Africa,2008,121410,Lucerne (alfalfa) meal and pellets,15.07,21.6,0.6977
Brunei,Southeast Asia,2008,121410,Lucerne (alfalfa) meal and pellets,14.63,66.097,0.2213
Estonia,Eastern Europe,2008,121410,Lucerne (alfalfa) meal and pellets,12.81,30.0,0.427
Eswatini,Sub-Saharan Africa,2008,121410,Lucerne (alfalfa) meal and pellets,12.67,12.827399999999999,0.9877
Costa Rica,Central America and Caribbean,2008,121410,Lucerne (alfalfa) meal and pellets,12.16,18.144,0.6702
Netherlands Antilles,Central America and Caribbean,2008,121410,Lucerne (alfalfa) meal and pellets,11.9,23.873,0.4985
Jamaica,Central America and Caribbean,2008,121410,Lucerne (alfalfa) meal and pellets,11.62,14.849,0.7825
Algeria,North Africa,2008,121410,Lucerne (alfalfa) meal and pellets,9.03,20.82,0.4337
Belize,Central America and Caribbean,2008,121410,Lucerne (alfalfa) meal and pellets,5.52,12.811,0.4309
Lithuania,Eastern Europe,2008,121410,Lucerne (alfalfa) meal and pellets,5.03,1.033,4.8693
Mozambique,Sub-Saharan Africa,2008,121410,Lucerne (alfalfa) meal and pellets,4.84,21.864,0.2214
Bulgaria,Eastern Europe,2008,121410,Lucerne (alfalfa) meal and pellets,3.93,14.9,0.2638
Gambia,Sub-Saharan Africa,2008,121410,Lucerne (alfalfa) meal and pellets,3.48,12.4,0.2806
Faroe Islands,Western Europe,2008,121410,Lucerne (alfalfa) meal and pellets,2.55,10.989,0.2321
Cape Verde,Sub-Saharan Africa,2008,121410,Lucerne (alfalfa) meal and pellets,1.97,4.884,0.4034
Malawi,Sub-Saharan Africa,2008,121410,Lucerne (alfalfa) meal and pellets,1.59,36.848,0.0432
St. Kitts and Nevis,Central America and Caribbean,2008,121410,Lucerne (alfalfa) meal and pellets,1.49,7.482,0.1991
Madagascar,Sub-Saharan Africa,2008,121410,Lucerne (alfalfa) meal and pellets,0.28,0.00571,49.0368
Seychelles,Sub-Saharan Africa,2008,121410,Lucerne (alfalfa) meal and pellets,0.24,0.016,15.0
Grenada,Central America and Caribbean,2008,121410,Lucerne (alfalfa) meal and pellets,0.2,0.066,3.0303
Fiji,Oceania,2008,121410,Lucerne (alfalfa) meal and pellets,0.15,0.041,3.6585
El Salvador,Central America and Caribbean,2008,121410,Lucerne (alfalfa) meal and pellets,0.12,0.43088,0.2785
Nicaragua,Central America and Caribbean,2008,121410,Lucerne (alfalfa) meal and pellets,0.0,0.0,
United Arab Emirates,Middle East,2007,121410,Lucerne (alfalfa) meal and pellets,119171.39,331305.0,0.3597
Japan,East Asia,2007,121410,Lucerne (alfalfa) meal and pellets,37799.22,146697.0,0.2577
Belgium,Western Europe,2007,121410,Lucerne (alfalfa) meal and pellets,24002.29,149498.0,0.1606
United States,North America,2007,121410,Lucerne (alfalfa) meal and pellets,17234.1,68553.0,0.2514
Morocco,North Africa,2007,121410,Lucerne (alfalfa) meal and pellets,16225.31,83615.5,0.194
United Kingdom,Western Europe,2007,121410,Lucerne (alfalfa) meal and pellets,11061.55,34640.3,0.3193
Portugal,Western Europe,2007,121410,Lucerne (alfalfa) meal and pellets,10926.76,59663.2,0.1831
Greece,Western Europe,2007,121410,Lucerne (alfalfa) meal and pellets,10440.96,48020.3,0.2174
Germany,Western Europe,2007,121410,Lucerne (alfalfa) meal and pellets,8988.0,57066.3,0.1575
Other Asia,Other Asia,2007,121410,Lucerne (alfalfa) meal and pellets,8131.74,69108.1,0.1177
France,Western Europe,2007,121410,Lucerne (alfalfa) meal and pellets,6541.45,35108.8,0.1863
Tunisia,North Africa,2007,121410,Lucerne (alfalfa) meal and pellets,5171.84,30216.2,0.1712
Oman,Middle East,2007,121410,Lucerne (alfalfa) meal and pellets,4788.67,17483.8,0.2739
South Korea,East Asia,2007,121410,Lucerne (alfalfa) meal and pellets,4778.29,26836.1,0.1781
Cyprus,Western Europe,2007,121410,Lucerne (alfalfa) meal and pellets,4058.17,19568.9,0.2074
Ireland,Western Europe,2007,121410,Lucerne (alfalfa) meal and pellets,3705.66,17335.8,0.2138
Sweden,Western Europe,2007,121410,Lucerne (alfalfa) meal and pellets,3272.2,18898.0,0.1732
Netherlands,Western Europe,2007,121410,Lucerne (alfalfa) meal and pellets,2716.22,17364.9,0.1564
Croatia,Eastern Europe,2007,121410,Lucerne (alfalfa) meal and pellets,2191.9,10240.6,0.214
Kuwait,Middle East,2007,121410,Lucerne (alfalfa) meal and pellets,1901.4,6448.62,0.2949
European Union,Western Europe,2007,121410,Lucerne (alfalfa) meal and pellets,1844.68,4019.84,0.4589
Malta,Western Europe,2007,121410,Lucerne (alfalfa) meal and pellets,1768.66,8917.11,0.1983
Austria,Western Europe,2007,121410,Lucerne (alfalfa) meal and pellets,1522.35,8396.6,0.1813
Saudi Arabia,Middle East,2007,121410,Lucerne (alfalfa) meal and pellets,1404.09,6787.0,0.2069
Italy,Western Europe,2007,121410,Lucerne (alfalfa) meal and pellets,1331.96,6860.29,0.1942
Denmark,Western Europe,2007,121410,Lucerne (alfalfa) meal and pellets,1249.36,4224.14,0.2958
Jordan,Middle East,2007,121410,Lucerne (alfalfa) meal and pellets,994.9,5005.06,0.1988
Poland,Eastern Europe,2007,121410,Lucerne (alfalfa) meal and pellets,854.76,4191.74,0.2039
Hong Kong (China),East Asia,2007,121410,Lucerne (alfalfa) meal and pellets,816.78,2170.72,0.3763
Namibia,Sub-Saharan Africa,2007,121410,Lucerne (alfalfa) meal and pellets,781.19,2883.13,0.271
Singapore,Southeast Asia,2007,121410,Lucerne (alfalfa) meal and pellets,778.48,2018.58,0.3857
Lesotho,Sub-Saharan Africa,2007,121410,Lucerne (alfalfa) meal and pellets,713.89,3303.52,0.2161
Switzerland,Western Europe,2007,121410,Lucerne (alfalfa) meal and pellets,647.09,3335.3,0.194
Slovenia,Eastern Europe,2007,121410,Lucerne (alfalfa) meal and pellets,643.76,3152.04,0.2042
Malaysia,Southeast Asia,2007,121410,Lucerne (alfalfa) meal and pellets,600.76,3694.7,0.1626
Bosnia and Herzegovina,Eastern Europe,2007,121410,Lucerne (alfalfa) meal and pellets,567.81,2423.32,0.2343
Mexico,North America,2007,121410,Lucerne (alfalfa) meal and pellets,564.95,2256.87,0.2503
Hungary,Eastern Europe,2007,121410,Lucerne (alfalfa) meal and pellets,555.0,2713.6,0.2045
Qatar,Middle East,2007,121410,Lucerne (alfalfa) meal and pellets,532.33,2030.88,0.2621
Slovakia,Eastern Europe,2007,121410,Lucerne (alfalfa) meal and pellets,483.76,2914.15,0.166
Lebanon,Middle East,2007,121410,Lucerne (alfalfa) meal and pellets,443.38,1633.93,0.2714
Israel,Middle East,2007,121410,Lucerne (alfalfa) meal and pellets,411.0,1930.63,0.2129
Venezuela,South America,2007,121410,Lucerne (alfalfa) meal and pellets,408.9,1097.08,0.3727
Turkey,Eastern Europe,2007,121410,Lucerne (alfalfa) meal and pellets,400.0,2000.0,0.2
Botswana,Sub-Saharan Africa,2007,121410,Lucerne (alfalfa) meal and pellets,396.19,2288.04,0.1732
Spain,Western Europe,2007,121410,Lucerne (alfalfa) meal and pellets,380.62,2060.54,0.1847
Bahamas,Central America and Caribbean,2007,121410,Lucerne (alfalfa) meal and pellets,365.26,474.721,0.7694
Bahrain,Middle East,2007,121410,Lucerne (alfalfa) meal and pellets,321.75,1060.72,0.3033
Philippines,Southeast Asia,2007,121410,Lucerne (alfalfa) meal and pellets,302.89,740.258,0.4092
Norway,Western Europe,2007,121410,Lucerne (alfalfa) meal and pellets,263.49,587.012,0.4489
Luxembourg,Western Europe,2007,121410,Lucerne (alfalfa) meal and pellets,234.18,1031.19,0.2271
Serbia,Eastern Europe,2007,121410,Lucerne (alfalfa) meal and pellets,230.23,1082.28,0.2127
Colombia,South America,2007,121410,Lucerne (alfalfa) meal and pellets,217.4,712.8,0.305
Dominican Republic,Central America and Caribbean,2007,121410,Lucerne (alfalfa) meal and pellets,196.12,472.85877,0.4148
Honduras,Central America and Caribbean,2007,121410,Lucerne (alfalfa) meal and pellets,148.04,327.194,0.4525
New Caledonia,Oceania,2007,121410,Lucerne (alfalfa) meal and pellets,133.58,253.502,0.5269
Panama,Central America and Caribbean,2007,121410,Lucerne (alfalfa) meal and pellets,124.78,452.735,0.2756
Romania,Eastern Europe,2007,121410,Lucerne (alfalfa) meal and pellets,103.94,355.46,0.2924
Uruguay,South America,2007,121410,Lucerne (alfalfa) meal and pellets,100.71,611.6,0.1647
Brazil,South America,2007,121410,Lucerne (alfalfa) meal and pellets,84.59,435.0,0.1945
Finland,Western Europe,2007,121410,Lucerne (alfalfa) meal and pellets,73.03,343.05,0.2129
New Zealand,Oceania,2007,121410,Lucerne (alfalfa) meal and pellets,71.03,179.754,0.3952
Guatemala,Central America and Caribbean,2007,121410,Lucerne (alfalfa) meal and pellets,69.95,170.283,0.4108
Lithuania,Eastern Europe,2007,121410,Lucerne (alfalfa) meal and pellets,68.98,20.337,3.3918
Barbados,Central America and Caribbean,2007,121410,Lucerne (alfalfa) meal and pellets,65.52,111.968,0.5852
Ecuador,South America,2007,121410,Lucerne (alfalfa) meal and pellets,60.74,205.0,0.2963
Chile,South America,2007,121410,Lucerne (alfalfa) meal and pellets,59.26,277.4,0.2136
Canada,North America,2007,121410,Lucerne (alfalfa) meal and pellets,58.36,215.347,0.271
Brunei,Southeast Asia,2007,121410,Lucerne (alfalfa) meal and pellets,52.92,248.599,0.2129
Peru,South America,2007,121410,Lucerne (alfalfa) meal and pellets,50.59,207.57,0.2437
Faroe Islands,Western Europe,2007,121410,Lucerne (alfalfa) meal and pellets,44.58,122.735,0.3632
Iceland,Western Europe,2007,121410,Lucerne (alfalfa) meal and pellets,44.23,170.0,0.2602
Seychelles,Sub-Saharan Africa,2007,121410,Lucerne (alfalfa) meal and pellets,37.91,29.6167,1.28
Libya,North Africa,2007,121410,Lucerne (alfalfa) meal and pellets,33.11,137.881,0.2401
Thailand,Southeast Asia,2007,121410,Lucerne (alfalfa) meal and pellets,32.74,85.178,0.3844
French Polynesia,Oceania,2007,121410,Lucerne (alfalfa) meal and pellets,31.3,84.024,0.3725
St. Vincent and the Grenadines,Central America and Caribbean,2007,121410,Lucerne (alfalfa) meal and pellets,30.71,208.304,0.1474
Trinidad and Tobago,Central America and Caribbean,2007,121410,Lucerne (alfalfa) meal and pellets,29.33,42.211,0.6948
Mauritius,Sub-Saharan Africa,2007,121410,Lucerne (alfalfa) meal and pellets,29.27,52.62,0.5563
Greenland,North America,2007,121410,Lucerne (alfalfa) meal and pellets,25.94,74.4,0.3487
Jamaica,Central America and Caribbean,2007,121410,Lucerne (alfalfa) meal and pellets,25.67,66.722,0.3847
Costa Rica,Central America and Caribbean,2007,121410,Lucerne (alfalfa) meal and pellets,21.54,51.296,0.4199
Latvia,Eastern Europe,2007,121410,Lucerne (alfalfa) meal and pellets,20.17,81.892,0.2463
Australia,Oceania,2007,121410,Lucerne (alfalfa) meal and pellets,19.7,8.605,2.2894
Indonesia,Southeast Asia,2007,121410,Lucerne (alfalfa) meal and pellets,19.45,117.736,0.1652
St. Kitts and Nevis,Central America and Caribbean,2007,121410,Lucerne (alfalfa) meal and pellets,18.16,21.374,0.8496
China,East Asia,2007,121410,Lucerne (alfalfa) meal and pellets,16.68,72.076,0.2314
North Macedonia,Eastern Europe,2007,121410,Lucerne (alfalfa) meal and pellets,16.2,61.7,0.2626
Eswatini,Sub-Saharan Africa,2007,121410,Lucerne (alfalfa) meal and pellets,15.32,48.23,0.3176
Grenada,Central America and Caribbean,2007,121410,Lucerne (alfalfa) meal and pellets,10.36,5.803,1.7853
Netherlands Antilles,Central America and Caribbean,2007,121410,Lucerne (alfalfa) meal and pellets,10.08,20.872,0.4829
India,Central Asia,2007,121410,Lucerne (alfalfa) meal and pellets,9.35,0.75,12.4667
Nicaragua,Central America and Caribbean,2007,121410,Lucerne (alfalfa) meal and pellets,8.31,20.533,0.4047
South Africa,Sub-Saharan Africa,2007,121410,Lucerne (alfalfa) meal and pellets,7.94,1.62,4.9012
Suriname,South America,2007,121410,Lucerne (alfalfa) meal and pellets,3.34,5.1,0.6549
Tanzania,Sub-Saharan Africa,2007,121410,Lucerne (alfalfa) meal and pellets,3.18,14.0,0.2271
Belize,Central America and Caribbean,2007,121410,Lucerne (alfalfa) meal and pellets,3.13,8.456,0.3702
Gambia,Sub-Saharan Africa,2007,121410,Lucerne (alfalfa) meal and pellets,3.1,29.9,0.1037
Montenegro,Eastern Europe,2007,121410,Lucerne (alfalfa) meal and pellets,2.8,13.22,0.2118
Palestine,Middle East,2007,121410,Lucerne (alfalfa) meal and pellets,0.83,3.85735,0.2152
El Salvador,Central America and Caribbean,2007,121410,Lucerne (alfalfa) meal and pellets,0.6,0.97501,0.6154
Zimbabwe,Sub-Saharan Africa,2007,121410,Lucerne (alfalfa) meal and pellets,0.43,0.025,17.2
Fiji,Oceania,2007,121410,Lucerne (alfalfa) meal and pellets,0.3,0.081,3.7037
Czech Republic,Eastern Europe,2007,121410,Lucerne (alfalfa) meal and pellets,0.11,0.001,110.0
Antigua and Barbuda,Central America and Caribbean,2007,121410,Lucerne (alfalfa) meal and pellets,0.09,0.073,1.2329
Rwanda,Sub-Saharan Africa,2007,121410,Lucerne (alfalfa) meal and pellets,0.04,0.13,0.3077
Burkina Faso,Sub-Saharan Africa,2007,121410,Lucerne (alfalfa) meal and pellets,0.01,0.05,0.2
Cape Verde,Sub-Saharan Africa,2007,121410,Lucerne (alfalfa) meal and pellets,0.01,0.009,1.1111
Japan,East Asia,2006,121410,Lucerne (alfalfa) meal and pellets,36383.8,159175.0,0.2286
Belgium,Western Europe,2006,121410,Lucerne (alfalfa) meal and pellets,21478.38,172930.0,0.1242
United States,North America,2006,121410,Lucerne (alfalfa) meal and pellets,13046.43,60028.0,0.2173
Morocco,North Africa,2006,121410,Lucerne (alfalfa) meal and pellets,9685.79,65467.0,0.1479
Other Asia,Other Asia,2006,121410,Lucerne (alfalfa) meal and pellets,7823.41,68554.2,0.1141
Portugal,Western Europe,2006,121410,Lucerne (alfalfa) meal and pellets,7636.71,48032.7,0.159
Germany,Western Europe,2006,121410,Lucerne (alfalfa) meal and pellets,6806.0,53983.0,0.1261
Greece,Western Europe,2006,121410,Lucerne (alfalfa) meal and pellets,5695.38,35511.6,0.1604
France,Western Europe,2006,121410,Lucerne (alfalfa) meal and pellets,4182.23,25777.7,0.1622
South Korea,East Asia,2006,121410,Lucerne (alfalfa) meal and pellets,4132.6,25970.8,0.1591
United Kingdom,Western Europe,2006,121410,Lucerne (alfalfa) meal and pellets,4112.35,13046.5,0.3152
Tunisia,North Africa,2006,121410,Lucerne (alfalfa) meal and pellets,3973.18,28751.2,0.1382
Oman,Middle East,2006,121410,Lucerne (alfalfa) meal and pellets,3914.34,9226.63,0.4242
Netherlands,Western Europe,2006,121410,Lucerne (alfalfa) meal and pellets,3388.24,23566.6,0.1438
Spain,Western Europe,2006,121410,Lucerne (alfalfa) meal and pellets,3109.01,20947.6,0.1484
Sweden,Western Europe,2006,121410,Lucerne (alfalfa) meal and pellets,2739.22,16072.1,0.1704
Cyprus,Western Europe,2006,121410,Lucerne (alfalfa) meal and pellets,2601.53,15614.8,0.1666
Italy,Western Europe,2006,121410,Lucerne (alfalfa) meal and pellets,2410.59,14855.5,0.1623
Croatia,Eastern Europe,2006,121410,Lucerne (alfalfa) meal and pellets,1949.41,12686.8,0.1537
Kuwait,Middle East,2006,121410,Lucerne (alfalfa) meal and pellets,1359.7,7450.4,0.1825
European Union,Western Europe,2006,121410,Lucerne (alfalfa) meal and pellets,1330.01,2528.32,0.526
Saudi Arabia,Middle East,2006,121410,Lucerne (alfalfa) meal and pellets,1268.89,6400.0,0.1983
Malta,Western Europe,2006,121410,Lucerne (alfalfa) meal and pellets,1256.1,7089.27,0.1772
Qatar,Middle East,2006,121410,Lucerne (alfalfa) meal and pellets,1140.96,7509.61,0.1519
Finland,Western Europe,2006,121410,Lucerne (alfalfa) meal and pellets,1098.74,6609.67,0.1662
Ireland,Western Europe,2006,121410,Lucerne (alfalfa) meal and pellets,930.33,6911.59,0.1346
Austria,Western Europe,2006,121410,Lucerne (alfalfa) meal and pellets,854.88,4942.9,0.173
Jordan,Middle East,2006,121410,Lucerne (alfalfa) meal and pellets,834.58,5417.68,0.154
Hong Kong (China),East Asia,2006,121410,Lucerne (alfalfa) meal and pellets,745.35,2027.46,0.3676
Singapore,Southeast Asia,2006,121410,Lucerne (alfalfa) meal and pellets,671.57,1710.15,0.3927
Lesotho,Sub-Saharan Africa,2006,121410,Lucerne (alfalfa) meal and pellets,664.39,3351.09,0.1983
Slovenia,Eastern Europe,2006,121410,Lucerne (alfalfa) meal and pellets,659.9,4010.7,0.1645
Serbia,Eastern Europe,2006,121410,Lucerne (alfalfa) meal and pellets,659.11,4385.35,0.1503
Malaysia,Southeast Asia,2006,121410,Lucerne (alfalfa) meal and pellets,638.23,2134.21,0.299
Mexico,North America,2006,121410,Lucerne (alfalfa) meal and pellets,604.14,2792.41,0.2164
Switzerland,Western Europe,2006,121410,Lucerne (alfalfa) meal and pellets,549.73,3437.44,0.1599
Bosnia and Herzegovina,Eastern Europe,2006,121410,Lucerne (alfalfa) meal and pellets,466.42,2810.11,0.166
Bahamas,Central America and Caribbean,2006,121410,Lucerne (alfalfa) meal and pellets,442.66,638.433,0.6934
Denmark,Western Europe,2006,121410,Lucerne (alfalfa) meal and pellets,430.74,1885.06,0.2285
Poland,Eastern Europe,2006,121410,Lucerne (alfalfa) meal and pellets,425.94,2473.96,0.1722
Algeria,North Africa,2006,121410,Lucerne (alfalfa) meal and pellets,387.66,2198.0,0.1764
Venezuela,South America,2006,121410,Lucerne (alfalfa) meal and pellets,282.28,874.026,0.323
Seychelles,Sub-Saharan Africa,2006,121410,Lucerne (alfalfa) meal and pellets,252.23,29.029,8.6889
Dominican Republic,Central America and Caribbean,2006,121410,Lucerne (alfalfa) meal and pellets,245.24,869.222,0.2821
Slovakia,Eastern Europe,2006,121410,Lucerne (alfalfa) meal and pellets,244.29,1716.81,0.1423
Luxembourg,Western Europe,2006,121410,Lucerne (alfalfa) meal and pellets,220.37,1066.54,0.2066
Botswana,Sub-Saharan Africa,2006,121410,Lucerne (alfalfa) meal and pellets,210.95,1836.44,0.1149
Israel,Middle East,2006,121410,Lucerne (alfalfa) meal and pellets,198.0,1045.15,0.1894
Namibia,Sub-Saharan Africa,2006,121410,Lucerne (alfalfa) meal and pellets,195.88,1586.3,0.1235
Cuba,Central America and Caribbean,2006,121410,Lucerne (alfalfa) meal and pellets,180.69,598.4,0.302
Uruguay,South America,2006,121410,Lucerne (alfalfa) meal and pellets,173.93,1166.78,0.1491
Panama,Central America and Caribbean,2006,121410,Lucerne (alfalfa) meal and pellets,130.17,473.033,0.2752
Romania,Eastern Europe,2006,121410,Lucerne (alfalfa) meal and pellets,120.54,482.12,0.25
Bahrain,Middle East,2006,121410,Lucerne (alfalfa) meal and pellets,111.23,558.62,0.1991
Guatemala,Central America and Caribbean,2006,121410,Lucerne (alfalfa) meal and pellets,100.6,251.501,0.4
Philippines,Southeast Asia,2006,121410,Lucerne (alfalfa) meal and pellets,96.95,252.343,0.3842
Norway,Western Europe,2006,121410,Lucerne (alfalfa) meal and pellets,87.37,244.02,0.358
Brazil,South America,2006,121410,Lucerne (alfalfa) meal and pellets,72.14,418.09,0.1725
Barbados,Central America and Caribbean,2006,121410,Lucerne (alfalfa) meal and pellets,60.39,100.394,0.6015
New Caledonia,Oceania,2006,121410,Lucerne (alfalfa) meal and pellets,58.26,122.722,0.4747
Canada,North America,2006,121410,Lucerne (alfalfa) meal and pellets,56.83,223.415,0.2544
Ecuador,South America,2006,121410,Lucerne (alfalfa) meal and pellets,53.27,204.8,0.2601
Mauritius,Sub-Saharan Africa,2006,121410,Lucerne (alfalfa) meal and pellets,48.56,95.925,0.5062
Honduras,Central America and Caribbean,2006,121410,Lucerne (alfalfa) meal and pellets,38.93,101.664,0.3829
Chile,South America,2006,121410,Lucerne (alfalfa) meal and pellets,37.98,224.38,0.1693
Peru,South America,2006,121410,Lucerne (alfalfa) meal and pellets,30.91,129.0,0.2396
Czech Republic,Eastern Europe,2006,121410,Lucerne (alfalfa) meal and pellets,27.49,28.904,0.9511
Hungary,Eastern Europe,2006,121410,Lucerne (alfalfa) meal and pellets,27.0,155.1,0.1741
China,East Asia,2006,121410,Lucerne (alfalfa) meal and pellets,25.93,124.238,0.2087
French Polynesia,Oceania,2006,121410,Lucerne (alfalfa) meal and pellets,25.2,65.228,0.3863
Latvia,Eastern Europe,2006,121410,Lucerne (alfalfa) meal and pellets,25.01,102.355,0.2443
Faroe Islands,Western Europe,2006,121410,Lucerne (alfalfa) meal and pellets,24.58,73.154,0.336
Greenland,North America,2006,121410,Lucerne (alfalfa) meal and pellets,23.82,78.905,0.3019
Thailand,Southeast Asia,2006,121410,Lucerne (alfalfa) meal and pellets,23.77,78.905,0.3012
Lebanon,Middle East,2006,121410,Lucerne (alfalfa) meal and pellets,21.1,99.68,0.2117
Jamaica,Central America and Caribbean,2006,121410,Lucerne (alfalfa) meal and pellets,21.02,24.846,0.846
Australia,Oceania,2006,121410,Lucerne (alfalfa) meal and pellets,20.13,12.083,1.666
Ethiopia,Sub-Saharan Africa,2006,121410,Lucerne (alfalfa) meal and pellets,19.36,27.0,0.717
Indonesia,Southeast Asia,2006,121410,Lucerne (alfalfa) meal and pellets,19.03,83.188,0.2288
Andorra,Western Europe,2006,121410,Lucerne (alfalfa) meal and pellets,18.79,127.84,0.147
North Macedonia,Eastern Europe,2006,121410,Lucerne (alfalfa) meal and pellets,18.08,109.86,0.1646
Costa Rica,Central America and Caribbean,2006,121410,Lucerne (alfalfa) meal and pellets,17.58,48.976,0.359
Eswatini,Sub-Saharan Africa,2006,121410,Lucerne (alfalfa) meal and pellets,15.2,61.512,0.2471
Brunei,Southeast Asia,2006,121410,Lucerne (alfalfa) meal and pellets,10.48,24.503,0.4277
Nicaragua,Central America and Caribbean,2006,121410,Lucerne (alfalfa) meal and pellets,8.71,10.92,0.7976
Vietnam,Southeast Asia,2006,121410,Lucerne (alfalfa) meal and pellets,8.25,43.548,0.1894
Gambia,Sub-Saharan Africa,2006,121410,Lucerne (alfalfa) meal and pellets,8.25,71.0,0.1162
St. Vincent and the Grenadines,Central America and Caribbean,2006,121410,Lucerne (alfalfa) meal and pellets,8.22,19.0,0.4326
St. Kitts and Nevis,Central America and Caribbean,2006,121410,Lucerne (alfalfa) meal and pellets,8.12,9.75,0.8328
Netherlands Antilles,Central America and Caribbean,2006,121410,Lucerne (alfalfa) meal and pellets,7.99,18.758,0.426
El Salvador,Central America and Caribbean,2006,121410,Lucerne (alfalfa) meal and pellets,7.06,10.016399999999999,0.7048
Montenegro,Eastern Europe,2006,121410,Lucerne (alfalfa) meal and pellets,6.88,19.7,0.3492
Belize,Central America and Caribbean,2006,121410,Lucerne (alfalfa) meal and pellets,6.72,12.34,0.5446
Cambodia,Southeast Asia,2006,121410,Lucerne (alfalfa) meal and pellets,6.33,6.321,1.0014
Paraguay,South America,2006,121410,Lucerne (alfalfa) meal and pellets,4.74,28.0,0.1693
Fiji,Oceania,2006,121410,Lucerne (alfalfa) meal and pellets,3.24,1.507,2.15
Albania,Eastern Europe,2006,121410,Lucerne (alfalfa) meal and pellets,3.09,13.1,0.2359
Mozambique,Sub-Saharan Africa,2006,121410,Lucerne (alfalfa) meal and pellets,2.51,13.23,0.1897
South Africa,Sub-Saharan Africa,2006,121410,Lucerne (alfalfa) meal and pellets,1.68,0.14,12.0
Gabon,Sub-Saharan Africa,2006,121410,Lucerne (alfalfa) meal and pellets,1.05,2.0,0.525
Yemen,Middle East,2006,121410,Lucerne (alfalfa) meal and pellets,0.64,5.2,0.1231
Ghana,Sub-Saharan Africa,2006,121410,Lucerne (alfalfa) meal and pellets,0.18,0.022,8.1818
Trinidad and Tobago,Central America and Caribbean,2006,121410,Lucerne (alfalfa) meal and pellets,0.17,0.1,1.7
Anguila,Central America and Caribbean,2006,121410,Lucerne (alfalfa) meal and pellets,0.13,0.005,26.0
Suriname,South America,2006,121410,Lucerne (alfalfa) meal and pellets,0.09,0.134,0.6716
Estonia,Eastern Europe,2006,121410,Lucerne (alfalfa) meal and pellets,0.04,0.08,0.5
Samoa,Oceania,2006,121410,Lucerne (alfalfa) meal and pellets,0.02,0.052,0.3846
Japan,East Asia,2005,121410,Lucerne (alfalfa) meal and pellets,34261.88,158067.0,0.2168
Belgium,Western Europe,2005,121410,Lucerne (alfalfa) meal and pellets,18799.79,134511.0,0.1398
Morocco,North Africa,2005,121410,Lucerne (alfalfa) meal and pellets,11907.95,80092.0,0.1487
Spain,Western Europe,2005,121410,Lucerne (alfalfa) meal and pellets,11127.83,83042.9,0.134
United States,North America,2005,121410,Lucerne (alfalfa) meal and pellets,9819.33,46.256,212.2823
Portugal,Western Europe,2005,121410,Lucerne (alfalfa) meal and pellets,9397.75,63043.2,0.1491
Other Asia,Other Asia,2005,121410,Lucerne (alfalfa) meal and pellets,8801.2,77088.4,0.1142
United Arab Emirates,Middle East,2005,121410,Lucerne (alfalfa) meal and pellets,8165.54,49713.5,0.1643
Germany,Western Europe,2005,121410,Lucerne (alfalfa) meal and pellets,7017.0,53040.4,0.1323
Greece,Western Europe,2005,121410,Lucerne (alfalfa) meal and pellets,6178.61,35161.5,0.1757
Tunisia,North Africa,2005,121410,Lucerne (alfalfa) meal and pellets,5184.06,36694.1,0.1413
Oman,Middle East,2005,121410,Lucerne (alfalfa) meal and pellets,4771.44,13034.9,0.3661
France,Western Europe,2005,121410,Lucerne (alfalfa) meal and pellets,4353.71,26997.0,0.1613
United Kingdom,Western Europe,2005,121410,Lucerne (alfalfa) meal and pellets,4011.02,7095.11,0.5653
South Korea,East Asia,2005,121410,Lucerne (alfalfa) meal and pellets,4002.0,27550.4,0.1453
Italy,Western Europe,2005,121410,Lucerne (alfalfa) meal and pellets,2417.46,14066.8,0.1719
Sweden,Western Europe,2005,121410,Lucerne (alfalfa) meal and pellets,2379.9,11403.2,0.2087
Cyprus,Western Europe,2005,121410,Lucerne (alfalfa) meal and pellets,2323.73,13891.0,0.1673
Netherlands,Western Europe,2005,121410,Lucerne (alfalfa) meal and pellets,2245.17,18821.2,0.1193
Croatia,Eastern Europe,2005,121410,Lucerne (alfalfa) meal and pellets,1892.93,12447.1,0.1521
Malta,Western Europe,2005,121410,Lucerne (alfalfa) meal and pellets,1609.4,8845.36,0.1819
Ireland,Western Europe,2005,121410,Lucerne (alfalfa) meal and pellets,1488.53,9060.82,0.1643
European Union,Western Europe,2005,121410,Lucerne (alfalfa) meal and pellets,1062.78,2112.37,0.5031
Saudi Arabia,Middle East,2005,121410,Lucerne (alfalfa) meal and pellets,889.24,4539.0,0.1959
Qatar,Middle East,2005,121410,Lucerne (alfalfa) meal and pellets,807.34,6285.36,0.1284
Austria,Western Europe,2005,121410,Lucerne (alfalfa) meal and pellets,760.53,4814.29,0.158
Hong Kong (China),East Asia,2005,121410,Lucerne (alfalfa) meal and pellets,698.44,2046.93,0.3412
Malaysia,Southeast Asia,2005,121410,Lucerne (alfalfa) meal and pellets,690.14,2766.5,0.2495
Poland,Eastern Europe,2005,121410,Lucerne (alfalfa) meal and pellets,443.79,2702.09,0.1642
Singapore,Southeast Asia,2005,121410,Lucerne (alfalfa) meal and pellets,443.31,1159.73,0.3823
Lesotho,Sub-Saharan Africa,2005,121410,Lucerne (alfalfa) meal and pellets,426.31,2363.84,0.1803
Cuba,Central America and Caribbean,2005,121410,Lucerne (alfalfa) meal and pellets,422.69,1139.5,0.3709
Switzerland,Western Europe,2005,121410,Lucerne (alfalfa) meal and pellets,412.8,2501.35,0.165
Bosnia and Herzegovina,Eastern Europe,2005,121410,Lucerne (alfalfa) meal and pellets,361.52,2477.95,0.1459
Slovenia,Eastern Europe,2005,121410,Lucerne (alfalfa) meal and pellets,341.36,2405.48,0.1419
Bahamas,Central America and Caribbean,2005,121410,Lucerne (alfalfa) meal and pellets,329.28,455.55,0.7228
Bahrain,Middle East,2005,121410,Lucerne (alfalfa) meal and pellets,309.22,1072.12,0.2884
Mexico,North America,2005,121410,Lucerne (alfalfa) meal and pellets,308.9,1621.37,0.1905
Denmark,Western Europe,2005,121410,Lucerne (alfalfa) meal and pellets,300.81,1476.53,0.2037
Luxembourg,Western Europe,2005,121410,Lucerne (alfalfa) meal and pellets,253.6,1524.21,0.1664
Botswana,Sub-Saharan Africa,2005,121410,Lucerne (alfalfa) meal and pellets,247.43,2127.28,0.1163
Namibia,Sub-Saharan Africa,2005,121410,Lucerne (alfalfa) meal and pellets,239.99,1266.8,0.1894
Dominican Republic,Central America and Caribbean,2005,121410,Lucerne (alfalfa) meal and pellets,226.33,588.733,0.3844
Venezuela,South America,2005,121410,Lucerne (alfalfa) meal and pellets,183.22,660.742,0.2773
Panama,Central America and Caribbean,2005,121410,Lucerne (alfalfa) meal and pellets,95.74,370.428,0.2585
Brazil,South America,2005,121410,Lucerne (alfalfa) meal and pellets,88.01,487.065,0.1807
Canada,North America,2005,121410,Lucerne (alfalfa) meal and pellets,76.83,320.87,0.2394
Guatemala,Central America and Caribbean,2005,121410,Lucerne (alfalfa) meal and pellets,75.12,248.195,0.3027
Philippines,Southeast Asia,2005,121410,Lucerne (alfalfa) meal and pellets,69.77,244.794,0.285
Ecuador,South America,2005,121410,Lucerne (alfalfa) meal and pellets,59.47,224.409,0.265
Romania,Eastern Europe,2005,121410,Lucerne (alfalfa) meal and pellets,59.07,361.25,0.1635
China,East Asia,2005,121410,Lucerne (alfalfa) meal and pellets,53.9,78.147,0.6897
French Polynesia,Oceania,2005,121410,Lucerne (alfalfa) meal and pellets,46.08,115.56,0.3988
Mauritius,Sub-Saharan Africa,2005,121410,Lucerne (alfalfa) meal and pellets,44.25,105.1,0.421
Barbados,Central America and Caribbean,2005,121410,Lucerne (alfalfa) meal and pellets,41.7,88.221,0.4727
Thailand,Southeast Asia,2005,121410,Lucerne (alfalfa) meal and pellets,38.86,148.795,0.2612
New Caledonia,Oceania,2005,121410,Lucerne (alfalfa) meal and pellets,38.84,83.775,0.4636
North Macedonia,Eastern Europe,2005,121410,Lucerne (alfalfa) meal and pellets,33.99,178.46,0.1905
Norway,Western Europe,2005,121410,Lucerne (alfalfa) meal and pellets,33.74,105.075,0.3211
Faroe Islands,Western Europe,2005,121410,Lucerne (alfalfa) meal and pellets,29.37,103.85,0.2828
Czech Republic,Eastern Europe,2005,121410,Lucerne (alfalfa) meal and pellets,27.12,26.35,1.0292
Chile,South America,2005,121410,Lucerne (alfalfa) meal and pellets,25.95,147.85,0.1755
Grenada,Central America and Caribbean,2005,121410,Lucerne (alfalfa) meal and pellets,24.49,51.344,0.477
Seychelles,Sub-Saharan Africa,2005,121410,Lucerne (alfalfa) meal and pellets,23.01,25.65,0.8971
Australia,Oceania,2005,121410,Lucerne (alfalfa) meal and pellets,22.54,16.518,1.3646
Honduras,Central America and Caribbean,2005,121410,Lucerne (alfalfa) meal and pellets,22.44,79.743,0.2814
St. Vincent and the Grenadines,Central America and Caribbean,2005,121410,Lucerne (alfalfa) meal and pellets,21.48,51.765,0.415
Israel,Middle East,2005,121410,Lucerne (alfalfa) meal and pellets,20.0,105.571,0.1894
Vietnam,Southeast Asia,2005,121410,Lucerne (alfalfa) meal and pellets,19.25,101.591,0.1895
Algeria,North Africa,2005,121410,Lucerne (alfalfa) meal and pellets,18.9,44.0,0.4295
Uruguay,South America,2005,121410,Lucerne (alfalfa) meal and pellets,17.89,85.0,0.2105
Netherlands Antilles,Central America and Caribbean,2005,121410,Lucerne (alfalfa) meal and pellets,16.31,57.685,0.2827
Finland,Western Europe,2005,121410,Lucerne (alfalfa) meal and pellets,16.0,8.304,1.9268
Eswatini,Sub-Saharan Africa,2005,121410,Lucerne (alfalfa) meal and pellets,15.92,46.767,0.3404
Peru,South America,2005,121410,Lucerne (alfalfa) meal and pellets,12.8,51.6,0.2481
St. Kitts and Nevis,Central America and Caribbean,2005,121410,Lucerne (alfalfa) meal and pellets,12.72,7.966,1.5968
Costa Rica,Central America and Caribbean,2005,121410,Lucerne (alfalfa) meal and pellets,11.14,41.342,0.2695
Gabon,Sub-Saharan Africa,2005,121410,Lucerne (alfalfa) meal and pellets,10.18,16.0,0.6362
East Timor,Southeast Asia,2005,121410,Lucerne (alfalfa) meal and pellets,8.76,46.245,0.1894
Nicaragua,Central America and Caribbean,2005,121410,Lucerne (alfalfa) meal and pellets,8.3,26.47,0.3136
Hungary,Eastern Europe,2005,121410,Lucerne (alfalfa) meal and pellets,8.0,26.3,0.3042
Colombia,South America,2005,121410,Lucerne (alfalfa) meal and pellets,7.73,28.68,0.2695
Indonesia,Southeast Asia,2005,121410,Lucerne (alfalfa) meal and pellets,7.22,46.771,0.1544
Jamaica,Central America and Caribbean,2005,121410,Lucerne (alfalfa) meal and pellets,6.74,11.904,0.5662
Albania,Eastern Europe,2005,121410,Lucerne (alfalfa) meal and pellets,6.71,29.0,0.2314
Ethiopia,Sub-Saharan Africa,2005,121410,Lucerne (alfalfa) meal and pellets,6.63,0.88,7.5341
Lebanon,Middle East,2005,121410,Lucerne (alfalfa) meal and pellets,6.0,29.0,0.2069
Latvia,Eastern Europe,2005,121410,Lucerne (alfalfa) meal and pellets,4.36,24.24,0.1799
Mozambique,Sub-Saharan Africa,2005,121410,Lucerne (alfalfa) meal and pellets,2.9,15.284,0.1897
Trinidad and Tobago,Central America and Caribbean,2005,121410,Lucerne (alfalfa) meal and pellets,2.0,3.927,0.5093
Niger,Sub-Saharan Africa,2005,121410,Lucerne (alfalfa) meal and pellets,1.99,2.0,0.995
Gambia,Sub-Saharan Africa,2005,121410,Lucerne (alfalfa) meal and pellets,1.79,10.39,0.1723
Belize,Central America and Caribbean,2005,121410,Lucerne (alfalfa) meal and pellets,1.73,5.95,0.2908
El Salvador,Central America and Caribbean,2005,121410,Lucerne (alfalfa) meal and pellets,1.16,4.223,0.2747
Suriname,South America,2005,121410,Lucerne (alfalfa) meal and pellets,0.39,1.251,0.3118
Iceland,Western Europe,2005,121410,Lucerne (alfalfa) meal and pellets,0.37,0.196,1.8878
Samoa,Oceania,2005,121410,Lucerne (alfalfa) meal and pellets,0.37,0.16,2.3125
Yemen,Middle East,2005,121410,Lucerne (alfalfa) meal and pellets,0.33,4.571,0.0722
Fiji,Oceania,2005,121410,Lucerne (alfalfa) meal and pellets,0.16,0.12,1.3333
Antigua and Barbuda,Central America and Caribbean,2005,121410,Lucerne (alfalfa) meal and pellets,0.01,0.004,2.5
Uganda,Sub-Saharan Africa,2005,121410,Lucerne (alfalfa) meal and pellets,0.01,0.04,0.25
Japan,East Asia,2004,121410,Lucerne (alfalfa) meal and pellets,38558.22,178650.0,0.2158
Belgium,Western Europe,2004,121410,Lucerne (alfalfa) meal and pellets,11269.42,77825.5,0.1448
Greece,Western Europe,2004,121410,Lucerne (alfalfa) meal and pellets,9256.13,58444.8,0.1584
United States,North America,2004,121410,Lucerne (alfalfa) meal and pellets,9180.53,37.42,245.3375
France,Western Europe,2004,121410,Lucerne (alfalfa) meal and pellets,7580.57,50300.5,0.1507
Germany,Western Europe,2004,121410,Lucerne (alfalfa) meal and pellets,7561.0,53856.3,0.1404
Other Asia,Other Asia,2004,121410,Lucerne (alfalfa) meal and pellets,7332.85,65105.9,0.1126
Portugal,Western Europe,2004,121410,Lucerne (alfalfa) meal and pellets,6001.29,40474.3,0.1483
Italy,Western Europe,2004,121410,Lucerne (alfalfa) meal and pellets,5421.62,34526.4,0.157
Oman,Middle East,2004,121410,Lucerne (alfalfa) meal and pellets,5014.57,11819.1,0.4243
South Korea,East Asia,2004,121410,Lucerne (alfalfa) meal and pellets,4235.9,28760.9,0.1473
Morocco,North Africa,2004,121410,Lucerne (alfalfa) meal and pellets,3573.71,23765.7,0.1504
Cyprus,Western Europe,2004,121410,Lucerne (alfalfa) meal and pellets,3298.0,18913.3,0.1744
United Kingdom,Western Europe,2004,121410,Lucerne (alfalfa) meal and pellets,3174.81,6400.25,0.496
Sweden,Western Europe,2004,121410,Lucerne (alfalfa) meal and pellets,2858.16,20045.0,0.1426
Tunisia,North Africa,2004,121410,Lucerne (alfalfa) meal and pellets,2765.36,19207.3,0.144
Netherlands,Western Europe,2004,121410,Lucerne (alfalfa) meal and pellets,2241.08,15511.0,0.1445
Croatia,Eastern Europe,2004,121410,Lucerne (alfalfa) meal and pellets,2123.45,11295.1,0.188
Malta,Western Europe,2004,121410,Lucerne (alfalfa) meal and pellets,1508.45,8057.89,0.1872
Qatar,Middle East,2004,121410,Lucerne (alfalfa) meal and pellets,1205.64,36693.6,0.0329
European Union,Western Europe,2004,121410,Lucerne (alfalfa) meal and pellets,1179.16,2827.26,0.4171
Austria,Western Europe,2004,121410,Lucerne (alfalfa) meal and pellets,1100.18,6476.86,0.1699
Hungary,Eastern Europe,2004,121410,Lucerne (alfalfa) meal and pellets,811.0,1922.4,0.4219
Slovenia,Eastern Europe,2004,121410,Lucerne (alfalfa) meal and pellets,806.23,4679.82,0.1723
Malaysia,Southeast Asia,2004,121410,Lucerne (alfalfa) meal and pellets,767.57,4580.5,0.1676
Ireland,Western Europe,2004,121410,Lucerne (alfalfa) meal and pellets,652.3,2963.68,0.2201
Hong Kong (China),East Asia,2004,121410,Lucerne (alfalfa) meal and pellets,596.98,1872.71,0.3188
Switzerland,Western Europe,2004,121410,Lucerne (alfalfa) meal and pellets,592.45,3398.03,0.1744
Lesotho,Sub-Saharan Africa,2004,121410,Lucerne (alfalfa) meal and pellets,565.69,2945.83,0.192
Jordan,Middle East,2004,121410,Lucerne (alfalfa) meal and pellets,504.16,2792.01,0.1806
Kuwait,Middle East,2004,121410,Lucerne (alfalfa) meal and pellets,460.94,2706.79,0.1703
Mexico,North America,2004,121410,Lucerne (alfalfa) meal and pellets,398.01,2363.43,0.1684
Luxembourg,Western Europe,2004,121410,Lucerne (alfalfa) meal and pellets,366.52,2367.36,0.1548
Singapore,Southeast Asia,2004,121410,Lucerne (alfalfa) meal and pellets,327.78,977.44,0.3353
Bosnia and Herzegovina,Eastern Europe,2004,121410,Lucerne (alfalfa) meal and pellets,314.21,2022.0,0.1554
Israel,Middle East,2004,121410,Lucerne (alfalfa) meal and pellets,312.0,1646.91,0.1894
Serbia,Eastern Europe,2004,121410,Lucerne (alfalfa) meal and pellets,295.69,1386.15,0.2133
Cuba,Central America and Caribbean,2004,121410,Lucerne (alfalfa) meal and pellets,274.84,842.73,0.3261
Poland,Eastern Europe,2004,121410,Lucerne (alfalfa) meal and pellets,264.13,1571.19,0.1681
Bahamas,Central America and Caribbean,2004,121410,Lucerne (alfalfa) meal and pellets,207.59,287.759,0.7214
Romania,Eastern Europe,2004,121410,Lucerne (alfalfa) meal and pellets,183.3,888.359,0.2063
Philippines,Southeast Asia,2004,121410,Lucerne (alfalfa) meal and pellets,131.9,860.804,0.1532
Spain,Western Europe,2004,121410,Lucerne (alfalfa) meal and pellets,128.72,251.681,0.5114
Botswana,Sub-Saharan Africa,2004,121410,Lucerne (alfalfa) meal and pellets,125.95,664.836,0.1894
Bahrain,Middle East,2004,121410,Lucerne (alfalfa) meal and pellets,118.41,423.06,0.2799
Panama,Central America and Caribbean,2004,121410,Lucerne (alfalfa) meal and pellets,86.77,340.83,0.2546
Denmark,Western Europe,2004,121410,Lucerne (alfalfa) meal and pellets,71.54,333.61,0.2144
Venezuela,South America,2004,121410,Lucerne (alfalfa) meal and pellets,70.71,253.168,0.2793
Norway,Western Europe,2004,121410,Lucerne (alfalfa) meal and pellets,70.09,251.11,0.2791
Canada,North America,2004,121410,Lucerne (alfalfa) meal and pellets,66.33,376.669,0.1761
Guatemala,Central America and Caribbean,2004,121410,Lucerne (alfalfa) meal and pellets,65.91,238.314,0.2766
Costa Rica,Central America and Caribbean,2004,121410,Lucerne (alfalfa) meal and pellets,57.91,158.668,0.365
Dominican Republic,Central America and Caribbean,2004,121410,Lucerne (alfalfa) meal and pellets,57.79,192.366,0.3004
Mauritius,Sub-Saharan Africa,2004,121410,Lucerne (alfalfa) meal and pellets,53.68,108.447,0.495
Namibia,Sub-Saharan Africa,2004,121410,Lucerne (alfalfa) meal and pellets,52.62,277.778,0.1894
Finland,Western Europe,2004,121410,Lucerne (alfalfa) meal and pellets,39.6,19.865,1.9935
Slovakia,Eastern Europe,2004,121410,Lucerne (alfalfa) meal and pellets,37.91,245.42,0.1545
French Polynesia,Oceania,2004,121410,Lucerne (alfalfa) meal and pellets,37.0,84.5,0.4379
Brazil,South America,2004,121410,Lucerne (alfalfa) meal and pellets,33.68,175.0,0.1925
North Macedonia,Eastern Europe,2004,121410,Lucerne (alfalfa) meal and pellets,29.95,154.43,0.1939
Thailand,Southeast Asia,2004,121410,Lucerne (alfalfa) meal and pellets,29.73,163.267,0.1821
Barbados,Central America and Caribbean,2004,121410,Lucerne (alfalfa) meal and pellets,29.66,55.431,0.5351
Honduras,Central America and Caribbean,2004,121410,Lucerne (alfalfa) meal and pellets,26.98,87.118,0.3097
Faroe Islands,Western Europe,2004,121410,Lucerne (alfalfa) meal and pellets,25.86,87.76,0.2947
Greenland,North America,2004,121410,Lucerne (alfalfa) meal and pellets,23.96,83.6,0.2866
Brunei,Southeast Asia,2004,121410,Lucerne (alfalfa) meal and pellets,20.38,48.28,0.4221
Bulgaria,Eastern Europe,2004,121410,Lucerne (alfalfa) meal and pellets,20.17,86.52,0.2331
St. Kitts and Nevis,Central America and Caribbean,2004,121410,Lucerne (alfalfa) meal and pellets,17.84,25.616,0.6964
New Caledonia,Oceania,2004,121410,Lucerne (alfalfa) meal and pellets,15.75,34.4,0.4578
Eswatini,Sub-Saharan Africa,2004,121410,Lucerne (alfalfa) meal and pellets,15.07,42.53,0.3543
Grenada,Central America and Caribbean,2004,121410,Lucerne (alfalfa) meal and pellets,14.78,26.335,0.5612
Ecuador,South America,2004,121410,Lucerne (alfalfa) meal and pellets,14.63,75.2,0.1945
Seychelles,Sub-Saharan Africa,2004,121410,Lucerne (alfalfa) meal and pellets,13.84,19.9,0.6955
Jamaica,Central America and Caribbean,2004,121410,Lucerne (alfalfa) meal and pellets,13.11,20.677,0.634
St. Vincent and the Grenadines,Central America and Caribbean,2004,121410,Lucerne (alfalfa) meal and pellets,13.07,22.327,0.5854
Trinidad and Tobago,Central America and Caribbean,2004,121410,Lucerne (alfalfa) meal and pellets,12.86,31.703,0.4056
Colombia,South America,2004,121410,Lucerne (alfalfa) meal and pellets,11.52,45.8,0.2515
Cote d'Ivoire,Sub-Saharan Africa,2004,121410,Lucerne (alfalfa) meal and pellets,8.96,20.0,0.448
East Timor,Southeast Asia,2004,121410,Lucerne (alfalfa) meal and pellets,8.64,45.607,0.1894
Lithuania,Eastern Europe,2004,121410,Lucerne (alfalfa) meal and pellets,8.01,19.075,0.4199
Albania,Eastern Europe,2004,121410,Lucerne (alfalfa) meal and pellets,7.3,71.61,0.1019
Indonesia,Southeast Asia,2004,121410,Lucerne (alfalfa) meal and pellets,6.24,28.493,0.219
Peru,South America,2004,121410,Lucerne (alfalfa) meal and pellets,6.2,25.75,0.2408
Argentina,South America,2004,121410,Lucerne (alfalfa) meal and pellets,5.89,28.0,0.2104
Uruguay,South America,2004,121410,Lucerne (alfalfa) meal and pellets,5.45,30.0,0.1817
Estonia,Eastern Europe,2004,121410,Lucerne (alfalfa) meal and pellets,5.22,19.0,0.2747
Andorra,Western Europe,2004,121410,Lucerne (alfalfa) meal and pellets,4.0,29.23,0.1368
Gambia,Sub-Saharan Africa,2004,121410,Lucerne (alfalfa) meal and pellets,3.21,29.15,0.1101
El Salvador,Central America and Caribbean,2004,121410,Lucerne (alfalfa) meal and pellets,3.05,0.99683,3.0597
Mozambique,Sub-Saharan Africa,2004,121410,Lucerne (alfalfa) meal and pellets,2.9,10.0,0.29
Australia,Oceania,2004,121410,Lucerne (alfalfa) meal and pellets,2.84,0.4,7.1
Russia,Eastern Europe,2004,121410,Lucerne (alfalfa) meal and pellets,2.44,10.0,0.244
Gabon,Sub-Saharan Africa,2004,121410,Lucerne (alfalfa) meal and pellets,1.72,4.83,0.3561
Czech Republic,Eastern Europe,2004,121410,Lucerne (alfalfa) meal and pellets,1.64,0.418,3.9234
Uganda,Sub-Saharan Africa,2004,121410,Lucerne (alfalfa) meal and pellets,1.2,4.5,0.2667
Nicaragua,Central America and Caribbean,2004,121410,Lucerne (alfalfa) meal and pellets,1.11,2.36,0.4703
Latvia,Eastern Europe,2004,121410,Lucerne (alfalfa) meal and pellets,0.99,0.34,2.9118
South Africa,Sub-Saharan Africa,2004,121410,Lucerne (alfalfa) meal and pellets,0.31,0.184,1.6848
Yemen,Middle East,2004,121410,Lucerne (alfalfa) meal and pellets,0.26,2.55,0.102
Zambia,Sub-Saharan Africa,2004,121410,Lucerne (alfalfa) meal and pellets,0.21,0.05,4.2
St. Lucia,Central America and Caribbean,2004,121410,Lucerne (alfalfa) meal and pellets,0.02,0.004,5.0
Papua New Guinea,Oceania,2004,121410,Lucerne (alfalfa) meal and pellets,0.01,0.002,5.0
Anguila,Central America and Caribbean,2004,121410,Lucerne (alfalfa) meal and pellets,0.01,0.065,0.1538
China,East Asia,2004,121410,Lucerne (alfalfa) meal and pellets,0.0,0.0,
Japan,East Asia,2003,121410,Lucerne (alfalfa) meal and pellets,41125.35,193755.0,0.2123
Belgium,Western Europe,2003,121410,Lucerne (alfalfa) meal and pellets,11701.13,92053.6,0.1271
United States,North America,2003,121410,Lucerne (alfalfa) meal and pellets,8734.96,41.254,211.7361
France,Western Europe,2003,121410,Lucerne (alfalfa) meal and pellets,7652.15,56839.7,0.1346
Other Asia,Other Asia,2003,121410,Lucerne (alfalfa) meal and pellets,7626.7,66156.3,0.1153
Germany,Western Europe,2003,121410,Lucerne (alfalfa) meal and pellets,7134.0,57907.0,0.1232
Italy,Western Europe,2003,121410,Lucerne (alfalfa) meal and pellets,6947.88,47360.4,0.1467
Portugal,Western Europe,2003,121410,Lucerne (alfalfa) meal and pellets,4485.79,33955.5,0.1321
Greece,Western Europe,2003,121410,Lucerne (alfalfa) meal and pellets,4039.73,29893.2,0.1351
South Korea,East Asia,2003,121410,Lucerne (alfalfa) meal and pellets,4034.16,26439.1,0.1526
Morocco,North Africa,2003,121410,Lucerne (alfalfa) meal and pellets,3248.65,24583.6,0.1321
Tunisia,North Africa,2003,121410,Lucerne (alfalfa) meal and pellets,3063.83,22336.9,0.1372
Croatia,Eastern Europe,2003,121410,Lucerne (alfalfa) meal and pellets,2628.08,13175.7,0.1995
Sweden,Western Europe,2003,121410,Lucerne (alfalfa) meal and pellets,2533.47,21290.0,0.119
Netherlands,Western Europe,2003,121410,Lucerne (alfalfa) meal and pellets,2460.42,18348.3,0.1341
Qatar,Middle East,2003,121410,Lucerne (alfalfa) meal and pellets,1894.07,12409.1,0.1526
United Kingdom,Western Europe,2003,121410,Lucerne (alfalfa) meal and pellets,1439.3,5122.89,0.281
Saudi Arabia,Middle East,2003,121410,Lucerne (alfalfa) meal and pellets,1381.34,7580.0,0.1822
Cyprus,Western Europe,2003,121410,Lucerne (alfalfa) meal and pellets,1310.54,8158.18,0.1606
Malta,Western Europe,2003,121410,Lucerne (alfalfa) meal and pellets,1094.47,6854.61,0.1597
Lesotho,Sub-Saharan Africa,2003,121410,Lucerne (alfalfa) meal and pellets,991.12,4683.25,0.2116
Austria,Western Europe,2003,121410,Lucerne (alfalfa) meal and pellets,972.24,6770.7,0.1436
Slovenia,Eastern Europe,2003,121410,Lucerne (alfalfa) meal and pellets,742.25,4571.84,0.1624
Oman,Middle East,2003,121410,Lucerne (alfalfa) meal and pellets,720.36,1719.96,0.4188
Kuwait,Middle East,2003,121410,Lucerne (alfalfa) meal and pellets,720.08,3299.64,0.2182
Switzerland,Western Europe,2003,121410,Lucerne (alfalfa) meal and pellets,719.94,4653.62,0.1547
Malaysia,Southeast Asia,2003,121410,Lucerne (alfalfa) meal and pellets,652.79,3459.66,0.1887
Hong Kong (China),East Asia,2003,121410,Lucerne (alfalfa) meal and pellets,597.42,1709.44,0.3495
European Union,Western Europe,2003,121410,Lucerne (alfalfa) meal and pellets,580.02,1195.72,0.4851
Ireland,Western Europe,2003,121410,Lucerne (alfalfa) meal and pellets,567.29,4143.71,0.1369
Luxembourg,Western Europe,2003,121410,Lucerne (alfalfa) meal and pellets,483.38,2980.97,0.1622
Singapore,Southeast Asia,2003,121410,Lucerne (alfalfa) meal and pellets,326.77,1012.62,0.3227
Philippines,Southeast Asia,2003,121410,Lucerne (alfalfa) meal and pellets,281.14,1006.89,0.2792
Botswana,Sub-Saharan Africa,2003,121410,Lucerne (alfalfa) meal and pellets,273.55,878.56,0.3114
Mexico,North America,2003,121410,Lucerne (alfalfa) meal and pellets,245.88,1295.59,0.1898
Poland,Eastern Europe,2003,121410,Lucerne (alfalfa) meal and pellets,231.0,1727.3,0.1337
Dominican Republic,Central America and Caribbean,2003,121410,Lucerne (alfalfa) meal and pellets,215.1,494.17,0.4353
Finland,Western Europe,2003,121410,Lucerne (alfalfa) meal and pellets,172.29,1328.83,0.1297
Bahamas,Central America and Caribbean,2003,121410,Lucerne (alfalfa) meal and pellets,163.76,253.233,0.6467
Canada,North America,2003,121410,Lucerne (alfalfa) meal and pellets,152.84,1084.14,0.141
Romania,Eastern Europe,2003,121410,Lucerne (alfalfa) meal and pellets,142.61,660.72,0.2158
Australia,Oceania,2003,121410,Lucerne (alfalfa) meal and pellets,136.25,15.2,8.9638
Denmark,Western Europe,2003,121410,Lucerne (alfalfa) meal and pellets,134.07,714.429,0.1877
Cuba,Central America and Caribbean,2003,121410,Lucerne (alfalfa) meal and pellets,125.98,411.675,0.306
Venezuela,South America,2003,121410,Lucerne (alfalfa) meal and pellets,88.08,344.461,0.2557
Panama,Central America and Caribbean,2003,121410,Lucerne (alfalfa) meal and pellets,76.43,312.209,0.2448
Mauritius,Sub-Saharan Africa,2003,121410,Lucerne (alfalfa) meal and pellets,72.75,412.761,0.1763
Namibia,Sub-Saharan Africa,2003,121410,Lucerne (alfalfa) meal and pellets,69.8,399.331,0.1748
Thailand,Southeast Asia,2003,121410,Lucerne (alfalfa) meal and pellets,63.89,237.045,0.2695
Guatemala,Central America and Caribbean,2003,121410,Lucerne (alfalfa) meal and pellets,59.95,246.99,0.2427
Norway,Western Europe,2003,121410,Lucerne (alfalfa) meal and pellets,52.46,163.76,0.3203
New Caledonia,Oceania,2003,121410,Lucerne (alfalfa) meal and pellets,51.4,119.1,0.4316
Brazil,South America,2003,121410,Lucerne (alfalfa) meal and pellets,41.57,245.11,0.1696
French Polynesia,Oceania,2003,121410,Lucerne (alfalfa) meal and pellets,39.33,103.65,0.3795
Bosnia and Herzegovina,Eastern Europe,2003,121410,Lucerne (alfalfa) meal and pellets,36.86,181.7,0.2029
China,East Asia,2003,121410,Lucerne (alfalfa) meal and pellets,35.76,3.427,10.4348
Colombia,South America,2003,121410,Lucerne (alfalfa) meal and pellets,35.27,142.68,0.2472
Honduras,Central America and Caribbean,2003,121410,Lucerne (alfalfa) meal and pellets,32.35,123.546,0.2618
Spain,Western Europe,2003,121410,Lucerne (alfalfa) meal and pellets,31.37,102.228,0.3069
St. Kitts and Nevis,Central America and Caribbean,2003,121410,Lucerne (alfalfa) meal and pellets,30.43,61.87,0.4918
Barbados,Central America and Caribbean,2003,121410,Lucerne (alfalfa) meal and pellets,25.19,41.963,0.6003
Greenland,North America,2003,121410,Lucerne (alfalfa) meal and pellets,18.16,72.84,0.2493
Ecuador,South America,2003,121410,Lucerne (alfalfa) meal and pellets,17.82,100.3,0.1777
Jamaica,Central America and Caribbean,2003,121410,Lucerne (alfalfa) meal and pellets,16.46,36.291,0.4536
Trinidad and Tobago,Central America and Caribbean,2003,121410,Lucerne (alfalfa) meal and pellets,16.35,55.567,0.2942
St. Vincent and the Grenadines,Central America and Caribbean,2003,121410,Lucerne (alfalfa) meal and pellets,16.09,36.83,0.4369
Argentina,South America,2003,121410,Lucerne (alfalfa) meal and pellets,15.0,75.0,0.2
Nicaragua,Central America and Caribbean,2003,121410,Lucerne (alfalfa) meal and pellets,13.63,44.409,0.3069
Faroe Islands,Western Europe,2003,121410,Lucerne (alfalfa) meal and pellets,12.83,39.405,0.3256
Seychelles,Sub-Saharan Africa,2003,121410,Lucerne (alfalfa) meal and pellets,12.54,22.35,0.5611
Lithuania,Eastern Europe,2003,121410,Lucerne (alfalfa) meal and pellets,11.71,32.3,0.3625
Andorra,Western Europe,2003,121410,Lucerne (alfalfa) meal and pellets,11.28,81.53,0.1384
North Macedonia,Eastern Europe,2003,121410,Lucerne (alfalfa) meal and pellets,11.08,49.24,0.225
Bahrain,Middle East,2003,121410,Lucerne (alfalfa) meal and pellets,10.87,26.6,0.4086
Eswatini,Sub-Saharan Africa,2003,121410,Lucerne (alfalfa) meal and pellets,10.38,102.277,0.1015
Jordan,Middle East,2003,121410,Lucerne (alfalfa) meal and pellets,8.41,44.63,0.1884
Estonia,Eastern Europe,2003,121410,Lucerne (alfalfa) meal and pellets,8.32,28.0,0.2971
Uruguay,South America,2003,121410,Lucerne (alfalfa) meal and pellets,5.0,30.0,0.1667
Eritrea,Sub-Saharan Africa,2003,121410,Lucerne (alfalfa) meal and pellets,4.79,99.72,0.048
Peru,South America,2003,121410,Lucerne (alfalfa) meal and pellets,4.53,25.92,0.1748
South Africa,Sub-Saharan Africa,2003,121410,Lucerne (alfalfa) meal and pellets,3.77,0.95,3.9684
Costa Rica,Central America and Caribbean,2003,121410,Lucerne (alfalfa) meal and pellets,2.56,9.522,0.2689
Gabon,Sub-Saharan Africa,2003,121410,Lucerne (alfalfa) meal and pellets,2.45,5.0,0.49
Lebanon,Middle East,2003,121410,Lucerne (alfalfa) meal and pellets,2.06,20.0,0.103
Slovakia,Eastern Europe,2003,121410,Lucerne (alfalfa) meal and pellets,1.75,12.42,0.1409
Russia,Eastern Europe,2003,121410,Lucerne (alfalfa) meal and pellets,1.74,7.0,0.2486
Kazakhstan,Eastern Europe,2003,121410,Lucerne (alfalfa) meal and pellets,1.1,108.3,0.0102
Gambia,Sub-Saharan Africa,2003,121410,Lucerne (alfalfa) meal and pellets,1.06,0.02,53.0
Mozambique,Sub-Saharan Africa,2003,121410,Lucerne (alfalfa) meal and pellets,0.84,0.07,12.0
Chile,South America,2003,121410,Lucerne (alfalfa) meal and pellets,0.66,0.221425,2.9807
Zimbabwe,Sub-Saharan Africa,2003,121410,Lucerne (alfalfa) meal and pellets,0.63,5.0,0.126
India,Central Asia,2003,121410,Lucerne (alfalfa) meal and pellets,0.4,0.6,0.6667
New Zealand,Oceania,2003,121410,Lucerne (alfalfa) meal and pellets,0.27,0.051,5.2941
Fiji,Oceania,2003,121410,Lucerne (alfalfa) meal and pellets,0.2,0.029,6.8966
Wallis and Futura Isl.,Oceania,2003,121410,Lucerne (alfalfa) meal and pellets,0.12,0.02,6.0
Albania,Eastern Europe,2003,121410,Lucerne (alfalfa) meal and pellets,0.08,1.5,0.0533
Iceland,Western Europe,2003,121410,Lucerne (alfalfa) meal and pellets,0.05,0.003,16.6667
Indonesia,Southeast Asia,2003,121410,Lucerne (alfalfa) meal and pellets,0.01,0.017,0.5882
Kenya,Sub-Saharan Africa,2023,121490,"Other forage products, nes",0.11,0.001,110.0
Belize,Central America and Caribbean,2023,121490,"Other forage products, nes",0.08,0.001,80.0
Honduras,Central America and Caribbean,2023,121490,"Other forage products, nes",0.02,0.001,20.0
Barbados,Central America and Caribbean,2023,121490,"Other forage products, nes",0.46,0.026,17.6923
Ghana,Sub-Saharan Africa,2023,121490,"Other forage products, nes",25.35,2.74,9.2518
Eswatini,Sub-Saharan Africa,2023,121490,"Other forage products, nes",0.07,0.011,6.3636
Fiji,Oceania,2023,121490,"Other forage products, nes",0.28,0.05,5.6
Tajikistan,Central Asia,2023,121490,"Other forage products, nes",0.02,0.004,5.0
Mexico,North America,2023,121490,"Other forage products, nes",72.32,16.852,4.2915
Gabon,Sub-Saharan Africa,2023,121490,"Other forage products, nes",0.02,0.005,4.0
Hong Kong (China),East Asia,2023,121490,"Other forage products, nes",33300.38,9636.16,3.4558
Guyana,South America,2023,121490,"Other forage products, nes",0.66,0.269,2.4535
Antigua and Barbuda,Central America and Caribbean,2023,121490,"Other forage products, nes",4.34,1.84,2.3587
Uzbekistan,Central Asia,2023,121490,"Other forage products, nes",7.83,3.62,2.163
St. Vincent and the Grenadines,Central America and Caribbean,2023,121490,"Other forage products, nes",14.45,6.841,2.1123
Sao Tome and Principe,Sub-Saharan Africa,2023,121490,"Other forage products, nes",0.55,0.271,2.0295
Montserrat,Central America and Caribbean,2023,121490,"Other forage products, nes",0.05,0.025,2.0
Panama,Central America and Caribbean,2023,121490,"Other forage products, nes",11.44,5.8,1.9724
Gambia,Sub-Saharan Africa,2023,121490,"Other forage products, nes",8.03,4.1,1.9585
Bosnia and Herzegovina,Eastern Europe,2023,121490,"Other forage products, nes",12.86,6.734,1.9097
Zambia,Sub-Saharan Africa,2023,121490,"Other forage products, nes",0.03,0.018,1.6667
Trinidad and Tobago,Central America and Caribbean,2023,121490,"Other forage products, nes",19.15,11.561,1.6564
Grenada,Central America and Caribbean,2023,121490,"Other forage products, nes",228.62,139.564,1.6381
Chile,South America,2023,121490,"Other forage products, nes",49.02,30.415,1.6117
South Africa,Sub-Saharan Africa,2023,121490,"Other forage products, nes",356.93,235.472,1.5158
Ireland,Western Europe,2023,121490,"Other forage products, nes",4436.43,3116.9,1.4233
Bahamas,Central America and Caribbean,2023,121490,"Other forage products, nes",156.53,112.561,1.3906
Maldives,Central Asia,2023,121490,"Other forage products, nes",15.03,10.831,1.3877
Czech Republic,Eastern Europe,2023,121490,"Other forage products, nes",2897.82,2166.25,1.3377
Ecuador,South America,2023,121490,"Other forage products, nes",286.0,217.6904132312046,1.3138
Ukraine,Eastern Europe,2023,121490,"Other forage products, nes",49.83,39.383,1.2653
Senegal,Sub-Saharan Africa,2023,121490,"Other forage products, nes",8.97,7.728,1.1607
Azerbaijan,Eastern Europe,2023,121490,"Other forage products, nes",0.87,0.75,1.16
Moldova,Eastern Europe,2023,121490,"Other forage products, nes",8.08,7.179,1.1255
Dominican Republic,Central America and Caribbean,2023,121490,"Other forage products, nes",63.94,58.197,1.0987
Brunei,Southeast Asia,2023,121490,"Other forage products, nes",936.87,870.577,1.0761
Seychelles,Sub-Saharan Africa,2023,121490,"Other forage products, nes",14.29,13.505,1.0581
Slovakia,Eastern Europe,2023,121490,"Other forage products, nes",1322.76,1361.63,0.9715
Cape Verde,Sub-Saharan Africa,2023,121490,"Other forage products, nes",17.41,18.165,0.9584
Poland,Eastern Europe,2023,121490,"Other forage products, nes",14362.58,16094.3,0.8924
Sweden,Western Europe,2023,121490,"Other forage products, nes",1147.77,1296.63,0.8852
Singapore,Southeast Asia,2023,121490,"Other forage products, nes",1819.62,2070.96,0.8786
Cote d'Ivoire,Sub-Saharan Africa,2023,121490,"Other forage products, nes",0.32,0.392,0.8163
Austria,Western Europe,2023,121490,"Other forage products, nes",13292.89,16776.2,0.7924
Argentina,South America,2023,121490,"Other forage products, nes",24.36,31.003,0.7857
Romania,Eastern Europe,2023,121490,"Other forage products, nes",5534.07,7230.29,0.7654
Armenia,Eastern Europe,2023,121490,"Other forage products, nes",34.19,45.444,0.7524
Aruba,Central America and Caribbean,2023,121490,"Other forage products, nes",331.93,441.395,0.752
Serbia,Eastern Europe,2023,121490,"Other forage products, nes",179.11,243.644,0.7351
Lithuania,Eastern Europe,2023,121490,"Other forage products, nes",1557.57,2203.52,0.7069
Bulgaria,Eastern Europe,2023,121490,"Other forage products, nes",731.93,1075.47,0.6806
European Union,Western Europe,2023,121490,"Other forage products, nes",38339.6,58946.7,0.6504
Macao (China),East Asia,2023,121490,"Other forage products, nes",163.72,258.537,0.6333
Kuwait,Middle East,2023,121490,"Other forage products, nes",19602.97,32637.3,0.6006
United Kingdom,Western Europe,2023,121490,"Other forage products, nes",10581.88,17768.5,0.5955
Mozambique,Sub-Saharan Africa,2023,121490,"Other forage products, nes",28.0,47.882,0.5848
Mauritania,Sub-Saharan Africa,2023,121490,"Other forage products, nes",3.06,5.3,0.5774
North Macedonia,Eastern Europe,2023,121490,"Other forage products, nes",24.64,44.238,0.557
Costa Rica,Central America and Caribbean,2023,121490,"Other forage products, nes",54.99,99.03,0.5553
Portugal,Western Europe,2023,121490,"Other forage products, nes",4718.63,8540.53,0.5525
Turkey,Eastern Europe,2023,121490,"Other forage products, nes",53.96,98.298,0.5489
Mauritius,Sub-Saharan Africa,2023,121490,"Other forage products, nes",462.95,846.058,0.5472
Denmark,Western Europe,2023,121490,"Other forage products, nes",10935.82,20967.8,0.5216
Australia,Oceania,2023,121490,"Other forage products, nes",1562.91,3019.86,0.5175
Sri Lanka,Central Asia,2023,121490,"Other forage products, nes",575.34,1129.25,0.5095
China,East Asia,2023,121490,"Other forage products, nes",537850.79,1071270.0,0.5021
Germany,Western Europe,2023,121490,"Other forage products, nes",29966.35,59807.2,0.501
Kazakhstan,Eastern Europe,2023,121490,"Other forage products, nes",156.52,313.253,0.4997
Colombia,South America,2023,121490,"Other forage products, nes",29.94,60.0,0.499
Malaysia,Southeast Asia,2023,121490,"Other forage products, nes",3001.9,6020.15,0.4986
Thailand,Southeast Asia,2023,121490,"Other forage products, nes",2458.33,4963.0,0.4953
France,Western Europe,2023,121490,"Other forage products, nes",21042.77,42668.9,0.4932
Bahrain,Middle East,2023,121490,"Other forage products, nes",347.78,709.061,0.4905
Jordan,Middle East,2023,121490,"Other forage products, nes",6744.55,13751.0,0.4905
Israel,Middle East,2023,121490,"Other forage products, nes",344.0,701.358,0.4905
Qatar,Middle East,2023,121490,"Other forage products, nes",18376.06,37465.7,0.4905
Oman,Middle East,2023,121490,"Other forage products, nes",2105.13,4292.01,0.4905
Lebanon,Middle East,2023,121490,"Other forage products, nes",313.57,639.323,0.4905
Bolivia,South America,2023,121490,"Other forage products, nes",102.57,209.127,0.4905
Palestine,Middle East,2023,121490,"Other forage products, nes",525.42,1078.12,0.4873
Saudi Arabia,Middle East,2023,121490,"Other forage products, nes",445834.83,914821.0,0.4873
East Timor,Southeast Asia,2023,121490,"Other forage products, nes",29.11,62.033,0.4693
New Zealand,Oceania,2023,121490,"Other forage products, nes",192.72,412.32,0.4674
Vietnam,Southeast Asia,2023,121490,"Other forage products, nes",65146.81,139381.0,0.4674
Philippines,Southeast Asia,2023,121490,"Other forage products, nes",2957.74,6328.06,0.4674
Cayman Islands,North America,2023,121490,"Other forage products, nes",77.83,166.52,0.4674
Iceland,Western Europe,2023,121490,"Other forage products, nes",449.1,963.324,0.4662
Finland,Western Europe,2023,121490,"Other forage products, nes",804.08,1811.11,0.444
Japan,East Asia,2023,121490,"Other forage products, nes",756015.17,1727330.0,0.4377
Indonesia,Southeast Asia,2023,121490,"Other forage products, nes",4517.44,10322.2,0.4376
Italy,Western Europe,2023,121490,"Other forage products, nes",12242.21,28360.0,0.4317
Croatia,Eastern Europe,2023,121490,"Other forage products, nes",2933.7,6852.07,0.4281
Cambodia,Southeast Asia,2023,121490,"Other forage products, nes",2347.47,5647.54,0.4157
Lesotho,Sub-Saharan Africa,2023,121490,"Other forage products, nes",3459.99,8416.09,0.4111
Other Asia,Other Asia,2023,121490,"Other forage products, nes",104098.73,261696.0,0.3978
Malta,Western Europe,2023,121490,"Other forage products, nes",5064.32,12741.7,0.3975
India,Central Asia,2023,121490,"Other forage products, nes",588.39,1482.52,0.3969
Cyprus,Western Europe,2023,121490,"Other forage products, nes",367.93,931.849,0.3948
Egypt,North Africa,2023,121490,"Other forage products, nes",0.01,0.026,0.3846
Laos,Southeast Asia,2023,121490,"Other forage products, nes",232.56,606.36,0.3835
Djibouti,Sub-Saharan Africa,2023,121490,"Other forage products, nes",1913.5,4996.58,0.383
El Salvador,Central America and Caribbean,2023,121490,"Other forage products, nes",17.0,44.593,0.3812
Georgia,Eastern Europe,2023,121490,"Other forage products, nes",76.07,199.551,0.3812
Luxembourg,Western Europe,2023,121490,"Other forage products, nes",1714.2,4513.34,0.3798
Spain,Western Europe,2023,121490,"Other forage products, nes",18031.57,47671.68793429777,0.3782
Estonia,Eastern Europe,2023,121490,"Other forage products, nes",431.52,1190.89,0.3624
South Korea,East Asia,2023,121490,"Other forage products, nes",364190.04,1007410.0,0.3615
Liberia,Sub-Saharan Africa,2023,121490,"Other forage products, nes",0.07,0.2,0.35
Greece,Western Europe,2023,121490,"Other forage products, nes",3832.54,10973.678105736302,0.3492
Belgium,Western Europe,2023,121490,"Other forage products, nes",17391.73,49880.5,0.3487
United States,North America,2023,121490,"Other forage products, nes",140871.71,409428.0,0.3441
Morocco,North Africa,2023,121490,"Other forage products, nes",427.43,1267.1,0.3373
Latvia,Eastern Europe,2023,121490,"Other forage products, nes",369.34,1103.84,0.3346
Malawi,Sub-Saharan Africa,2023,121490,"Other forage products, nes",0.22,0.7,0.3143
Switzerland,Western Europe,2023,121490,"Other forage products, nes",76134.07,257161.0,0.2961
Norway,Western Europe,2023,121490,"Other forage products, nes",6934.33,24913.3,0.2783
United Arab Emirates,Middle East,2023,121490,"Other forage products, nes",245529.36,922930.075,0.266
Bermuda,North America,2023,121490,"Other forage products, nes",402.92,1531.96,0.263
Uruguay,South America,2023,121490,"Other forage products, nes",559.89,2219.38,0.2523
Kyrgyzstan,Eastern Europe,2023,121490,"Other forage products, nes",116.78,473.0,0.2469
Slovenia,Eastern Europe,2023,121490,"Other forage products, nes",648.01,2790.01,0.2323
Brazil,South America,2023,121490,"Other forage products, nes",270.11,1231.67,0.2193
Netherlands,Western Europe,2023,121490,"Other forage products, nes",50511.9,236768.0,0.2133
Andorra,Western Europe,2023,121490,"Other forage products, nes",202.41,949.35,0.2132
Jamaica,Central America and Caribbean,2023,121490,"Other forage products, nes",10.47,49.135,0.2131
Uganda,Sub-Saharan Africa,2023,121490,"Other forage products, nes",0.6,3.001,0.1999
Benin,Sub-Saharan Africa,2023,121490,"Other forage products, nes",0.22,1.193,0.1844
Paraguay,South America,2023,121490,"Other forage products, nes",17.89,107.24,0.1668
Namibia,Sub-Saharan Africa,2023,121490,"Other forage products, nes",61.38,368.871,0.1664
Montenegro,Eastern Europe,2023,121490,"Other forage products, nes",143.36,955.651,0.15
Botswana,Sub-Saharan Africa,2023,121490,"Other forage products, nes",377.97,3098.4,0.122
Hungary,Eastern Europe,2023,121490,"Other forage products, nes",856.39,10681.8,0.0802
Angola,Sub-Saharan Africa,2023,121490,"Other forage products, nes",12.8,195.567,0.0655
Canada,North America,2023,121490,"Other forage products, nes",34205.81,652372.0,0.0524
Guatemala,Central America and Caribbean,2023,121490,"Other forage products, nes",1.04,50.009,0.0208
Nicaragua,Central America and Caribbean,2023,121490,"Other forage products, nes",0.0,0.0,
Gabon,Sub-Saharan Africa,2022,121490,"Other forage products, nes",0.04,0.003,13.3333
Chile,South America,2022,121490,"Other forage products, nes",116.72,18.63,6.2652
Maldives,Central Asia,2022,121490,"Other forage products, nes",13.68,2.233,6.1263
Fiji,Oceania,2022,121490,"Other forage products, nes",0.2,0.035,5.7143
Mexico,North America,2022,121490,"Other forage products, nes",200.69,54.097,3.7098
Peru,South America,2022,121490,"Other forage products, nes",27.13,8.699,3.1187
Kenya,Sub-Saharan Africa,2022,121490,"Other forage products, nes",1.11,0.368,3.0163
Trinidad and Tobago,Central America and Caribbean,2022,121490,"Other forage products, nes",11.47,3.882,2.9547
Cote d'Ivoire,Sub-Saharan Africa,2022,121490,"Other forage products, nes",0.25,0.094,2.6596
Ukraine,Eastern Europe,2022,121490,"Other forage products, nes",98.93,41.135,2.405
Montserrat,Central America and Caribbean,2022,121490,"Other forage products, nes",0.17,0.075,2.2667
Nicaragua,Central America and Caribbean,2022,121490,"Other forage products, nes",0.22,0.1,2.2
Georgia,Eastern Europe,2022,121490,"Other forage products, nes",9.78,4.668,2.0951
Guyana,South America,2022,121490,"Other forage products, nes",1.34,0.672,1.994
Panama,Central America and Caribbean,2022,121490,"Other forage products, nes",13.86,7.08,1.9576
Antigua and Barbuda,Central America and Caribbean,2022,121490,"Other forage products, nes",41.87,21.770316333894637,1.9233
Bosnia and Herzegovina,Eastern Europe,2022,121490,"Other forage products, nes",23.11,12.641,1.8282
Bahamas,Central America and Caribbean,2022,121490,"Other forage products, nes",192.78,118.808,1.6226
Sao Tome and Principe,Sub-Saharan Africa,2022,121490,"Other forage products, nes",0.83,0.514,1.6148
Ireland,Western Europe,2022,121490,"Other forage products, nes",4878.07,3319.21,1.4696
"Congo, Rep.",Sub-Saharan Africa,2022,121490,"Other forage products, nes",0.87,0.602,1.4452
Tunisia,North Africa,2022,121490,"Other forage products, nes",23.49,17.5,1.3423
Hong Kong (China),East Asia,2022,121490,"Other forage products, nes",5819.32,4682.48,1.2428
Grenada,Central America and Caribbean,2022,121490,"Other forage products, nes",177.93,143.541,1.2396
Czech Republic,Eastern Europe,2022,121490,"Other forage products, nes",3961.66,3216.64,1.2316
Dominican Republic,Central America and Caribbean,2022,121490,"Other forage products, nes",68.0,56.482,1.2039
Mozambique,Sub-Saharan Africa,2022,121490,"Other forage products, nes",15.16,12.62,1.2013
Moldova,Eastern Europe,2022,121490,"Other forage products, nes",9.24,7.763,1.1903
Poland,Eastern Europe,2022,121490,"Other forage products, nes",4052.81,3470.89,1.1677
Argentina,South America,2022,121490,"Other forage products, nes",20.77,18.69,1.1113
French Polynesia,Oceania,2022,121490,"Other forage products, nes",62.98,61.753,1.0199
Slovakia,Eastern Europe,2022,121490,"Other forage products, nes",2083.95,2097.75,0.9934
Cuba,Central America and Caribbean,2022,121490,"Other forage products, nes",95.49,98.78,0.9667
Brunei,Southeast Asia,2022,121490,"Other forage products, nes",554.34,607.513,0.9125
Sweden,Western Europe,2022,121490,"Other forage products, nes",1036.26,1200.32,0.8633
Uruguay,South America,2022,121490,"Other forage products, nes",4.65,5.5,0.8455
Singapore,Southeast Asia,2022,121490,"Other forage products, nes",1843.4,2255.74,0.8172
Cape Verde,Sub-Saharan Africa,2022,121490,"Other forage products, nes",12.1,14.975,0.808
Aruba,Central America and Caribbean,2022,121490,"Other forage products, nes",350.99,440.394,0.797
Serbia,Eastern Europe,2022,121490,"Other forage products, nes",237.19,308.883,0.7679
Burundi,Sub-Saharan Africa,2022,121490,"Other forage products, nes",0.03,0.04,0.75
Djibouti,Sub-Saharan Africa,2022,121490,"Other forage products, nes",2268.63,3088.34,0.7346
Liberia,Sub-Saharan Africa,2022,121490,"Other forage products, nes",0.07,0.1,0.7
Denmark,Western Europe,2022,121490,"Other forage products, nes",5164.79,7435.64,0.6946
Kyrgyzstan,Eastern Europe,2022,121490,"Other forage products, nes",537.15,775.679,0.6925
Seychelles,Sub-Saharan Africa,2022,121490,"Other forage products, nes",11.08,16.3,0.6798
Lebanon,Middle East,2022,121490,"Other forage products, nes",242.62,358.854,0.6761
Hungary,Eastern Europe,2022,121490,"Other forage products, nes",656.28,986.659,0.6652
Costa Rica,Central America and Caribbean,2022,121490,"Other forage products, nes",41.09,62.708,0.6553
Thailand,Southeast Asia,2022,121490,"Other forage products, nes",1350.67,2070.61,0.6523
European Union,Western Europe,2022,121490,"Other forage products, nes",21585.66,33132.7,0.6515
Australia,Oceania,2022,121490,"Other forage products, nes",1909.81,2959.33,0.6454
Sri Lanka,Central Asia,2022,121490,"Other forage products, nes",746.22,1168.94,0.6384
Lithuania,Eastern Europe,2022,121490,"Other forage products, nes",1495.22,2437.69,0.6134
Austria,Western Europe,2022,121490,"Other forage products, nes",12808.33,21131.3,0.6061
Romania,Eastern Europe,2022,121490,"Other forage products, nes",4588.3,7641.61,0.6004
"Congo, Dem. Rep.",Sub-Saharan Africa,2022,121490,"Other forage products, nes",4.03,6.75,0.597
Macao (China),East Asia,2022,121490,"Other forage products, nes",179.62,326.0,0.551
South Africa,Sub-Saharan Africa,2022,121490,"Other forage products, nes",265.21,500.875,0.5295
Mauritius,Sub-Saharan Africa,2022,121490,"Other forage products, nes",286.9,543.63,0.5277
Mauritania,Sub-Saharan Africa,2022,121490,"Other forage products, nes",1.98,3.776,0.5244
China,East Asia,2022,121490,"Other forage products, nes",991174.04,1940030.0,0.5109
Malaysia,Southeast Asia,2022,121490,"Other forage products, nes",2503.07,4963.69,0.5043
Saudi Arabia,Middle East,2022,121490,"Other forage products, nes",239563.01,478677.0,0.5005
United Kingdom,Western Europe,2022,121490,"Other forage products, nes",9777.99,19690.1,0.4966
Indonesia,Southeast Asia,2022,121490,"Other forage products, nes",3935.35,8079.79,0.4871
Germany,Western Europe,2022,121490,"Other forage products, nes",33120.0,68689.2,0.4822
Cyprus,Western Europe,2022,121490,"Other forage products, nes",153.48,322.669,0.4757
India,Central Asia,2022,121490,"Other forage products, nes",1687.19,3552.91,0.4749
Iceland,Western Europe,2022,121490,"Other forage products, nes",573.22,1207.9,0.4746
East Timor,Southeast Asia,2022,121490,"Other forage products, nes",28.38,60.158,0.4718
Italy,Western Europe,2022,121490,"Other forage products, nes",11634.16,24704.7,0.4709
Jordan,Middle East,2022,121490,"Other forage products, nes",6195.22,13174.8,0.4702
Vietnam,Southeast Asia,2022,121490,"Other forage products, nes",27418.01,58307.4,0.4702
Philippines,Southeast Asia,2022,121490,"Other forage products, nes",3572.26,7596.81,0.4702
Israel,Middle East,2022,121490,"Other forage products, nes",214.0,455.095,0.4702
Kuwait,Middle East,2022,121490,"Other forage products, nes",18853.32,40093.7,0.4702
Oman,Middle East,2022,121490,"Other forage products, nes",1722.17,3662.39,0.4702
Palestine,Middle East,2022,121490,"Other forage products, nes",370.71,788.358,0.4702
Bolivia,South America,2022,121490,"Other forage products, nes",53.45,113.669,0.4702
Cayman Islands,North America,2022,121490,"Other forage products, nes",56.33,119.799,0.4702
Senegal,Sub-Saharan Africa,2022,121490,"Other forage products, nes",21.03,44.815,0.4693
New Zealand,Oceania,2022,121490,"Other forage products, nes",71.08,157.532,0.4512
Bermuda,North America,2022,121490,"Other forage products, nes",289.08,646.65,0.447
Japan,East Asia,2022,121490,"Other forage products, nes",986655.35,2224310.0,0.4436
Ecuador,South America,2022,121490,"Other forage products, nes",375.1,908.083,0.4131
Qatar,Middle East,2022,121490,"Other forage products, nes",11924.21,29033.0,0.4107
South Korea,East Asia,2022,121490,"Other forage products, nes",443775.76,1088570.0,0.4077
Lesotho,Sub-Saharan Africa,2022,121490,"Other forage products, nes",2485.94,6109.93,0.4069
Other Asia,Other Asia,2022,121490,"Other forage products, nes",111636.51,280421.0,0.3981
France,Western Europe,2022,121490,"Other forage products, nes",19401.38,48795.3,0.3976
Laos,Southeast Asia,2022,121490,"Other forage products, nes",219.24,558.77,0.3924
Turkey,Eastern Europe,2022,121490,"Other forage products, nes",81.76,216.0,0.3785
Croatia,Eastern Europe,2022,121490,"Other forage products, nes",2000.92,5287.52,0.3784
Greece,Western Europe,2022,121490,"Other forage products, nes",4673.97,12548.7,0.3725
Armenia,Eastern Europe,2022,121490,"Other forage products, nes",41.67,116.699,0.3571
Suriname,South America,2022,121490,"Other forage products, nes",8.35,23.54,0.3547
Tanzania,Sub-Saharan Africa,2022,121490,"Other forage products, nes",8.66,24.75,0.3499
El Salvador,Central America and Caribbean,2022,121490,"Other forage products, nes",14.71,43.904,0.335
Morocco,North Africa,2022,121490,"Other forage products, nes",573.08,1713.35,0.3345
Finland,Western Europe,2022,121490,"Other forage products, nes",979.82,2967.65,0.3302
Malta,Western Europe,2022,121490,"Other forage products, nes",4597.41,14099.8,0.3261
United States,North America,2022,121490,"Other forage products, nes",153463.19,476889.0,0.3218
Uzbekistan,Central Asia,2022,121490,"Other forage products, nes",102.61,319.598,0.3211
Belgium,Western Europe,2022,121490,"Other forage products, nes",16767.49,52814.2,0.3175
Estonia,Eastern Europe,2022,121490,"Other forage products, nes",642.83,2035.74,0.3158
Benin,Sub-Saharan Africa,2022,121490,"Other forage products, nes",0.43,1.38,0.3116
Bahrain,Middle East,2022,121490,"Other forage products, nes",508.65,1671.19,0.3044
Angola,Sub-Saharan Africa,2022,121490,"Other forage products, nes",10.72,35.852,0.299
United Arab Emirates,Middle East,2022,121490,"Other forage products, nes",275645.31,929534.0,0.2965
Portugal,Western Europe,2022,121490,"Other forage products, nes",5730.82,19689.5,0.2911
Niger,Sub-Saharan Africa,2022,121490,"Other forage products, nes",8.07,29.44,0.2741
Switzerland,Western Europe,2022,121490,"Other forage products, nes",70830.19,263870.0,0.2684
Luxembourg,Western Europe,2022,121490,"Other forage products, nes",2050.54,7681.18,0.267
Bulgaria,Eastern Europe,2022,121490,"Other forage products, nes",503.83,1933.58,0.2606
Spain,Western Europe,2022,121490,"Other forage products, nes",14913.99,57958.56234932378,0.2573
Norway,Western Europe,2022,121490,"Other forage products, nes",4699.77,18975.1,0.2477
North Macedonia,Eastern Europe,2022,121490,"Other forage products, nes",22.52,93.71,0.2403
Azerbaijan,Eastern Europe,2022,121490,"Other forage products, nes",16.96,72.6,0.2336
Netherlands,Western Europe,2022,121490,"Other forage products, nes",41239.22,180328.0,0.2287
Canada,North America,2022,121490,"Other forage products, nes",19851.2,88414.1,0.2245
Montenegro,Eastern Europe,2022,121490,"Other forage products, nes",262.22,1248.69,0.21
Uganda,Sub-Saharan Africa,2022,121490,"Other forage products, nes",0.9,4.5,0.2
Andorra,Western Europe,2022,121490,"Other forage products, nes",87.81,446.485,0.1967
Brazil,South America,2022,121490,"Other forage products, nes",331.64,1814.1,0.1828
Paraguay,South America,2022,121490,"Other forage products, nes",45.14,283.03,0.1595
Kazakhstan,Eastern Europe,2022,121490,"Other forage products, nes",108.47,771.937,0.1405
Botswana,Sub-Saharan Africa,2022,121490,"Other forage products, nes",360.52,2613.43,0.1379
Slovenia,Eastern Europe,2022,121490,"Other forage products, nes",1544.42,11449.0,0.1349
Eswatini,Sub-Saharan Africa,2022,121490,"Other forage products, nes",38.85,313.53,0.1239
Namibia,Sub-Saharan Africa,2022,121490,"Other forage products, nes",81.19,836.96,0.097
Latvia,Eastern Europe,2022,121490,"Other forage products, nes",732.52,8943.71,0.0819
Guatemala,Central America and Caribbean,2022,121490,"Other forage products, nes",6.05,147.409,0.041
Zambia,Sub-Saharan Africa,2022,121490,"Other forage products, nes",0.44,15.0,0.0293
Uruguay,South America,2021,121490,"Other forage products, nes",0.0,0.0,
Ethiopia,Sub-Saharan Africa,2021,121490,"Other forage products, nes",396.42,3.334,118.9022
Uganda,Sub-Saharan Africa,2021,121490,"Other forage products, nes",0.12,0.01,12.0
Chile,South America,2021,121490,"Other forage products, nes",129.54,24.431,5.3023
Burundi,Sub-Saharan Africa,2021,121490,"Other forage products, nes",1.91,0.376,5.0798
Mexico,North America,2021,121490,"Other forage products, nes",40.15,9.671,4.1516
El Salvador,Central America and Caribbean,2021,121490,"Other forage products, nes",0.41,0.101,4.0594
Nigeria,Sub-Saharan Africa,2021,121490,"Other forage products, nes",3.97,1.0,3.97
Argentina,South America,2021,121490,"Other forage products, nes",13.71,3.805,3.6032
Cameroon,Sub-Saharan Africa,2021,121490,"Other forage products, nes",9.02,2.932,3.0764
Peru,South America,2021,121490,"Other forage products, nes",43.35,15.59,2.7806
Panama,Central America and Caribbean,2021,121490,"Other forage products, nes",48.38,20.231,2.3914
Guyana,South America,2021,121490,"Other forage products, nes",0.42,0.2,2.1
Russia,Eastern Europe,2021,121490,"Other forage products, nes",690.77,378.973,1.8227
Czech Republic,Eastern Europe,2021,121490,"Other forage products, nes",2627.59,1510.34,1.7397
Ukraine,Eastern Europe,2021,121490,"Other forage products, nes",82.26,48.531,1.695
Sao Tome and Principe,Sub-Saharan Africa,2021,121490,"Other forage products, nes",1.01,0.662,1.5257
Bahamas,Central America and Caribbean,2021,121490,"Other forage products, nes",148.78,103.611,1.4359
Papua New Guinea,Oceania,2021,121490,"Other forage products, nes",21.74,15.15,1.435
Ireland,Western Europe,2021,121490,"Other forage products, nes",4788.09,3415.42,1.4019
Grenada,Central America and Caribbean,2021,121490,"Other forage products, nes",152.23,112.24,1.3563
St. Vincent and the Grenadines,Central America and Caribbean,2021,121490,"Other forage products, nes",1.36,1.022,1.3307
Azerbaijan,Eastern Europe,2021,121490,"Other forage products, nes",1.66,1.26,1.3175
United Kingdom,Western Europe,2021,121490,"Other forage products, nes",4892.42,4539.59,1.0777
Slovakia,Eastern Europe,2021,121490,"Other forage products, nes",1562.0,1505.24,1.0377
Sweden,Western Europe,2021,121490,"Other forage products, nes",944.67,911.019,1.0369
Poland,Eastern Europe,2021,121490,"Other forage products, nes",3547.4,3498.6,1.0139
Antigua and Barbuda,Central America and Caribbean,2021,121490,"Other forage products, nes",11.49,12.257,0.9374
Gabon,Sub-Saharan Africa,2021,121490,"Other forage products, nes",30.67,33.322,0.9204
Belarus,Eastern Europe,2021,121490,"Other forage products, nes",132.1,145.861,0.9057
Mozambique,Sub-Saharan Africa,2021,121490,"Other forage products, nes",7.74,8.688143968871595,0.8909
Denmark,Western Europe,2021,121490,"Other forage products, nes",6258.4,7329.05,0.8539
Maldives,Central Asia,2021,121490,"Other forage products, nes",18.91,22.636,0.8354
Barbados,Central America and Caribbean,2021,121490,"Other forage products, nes",59.04,76.451,0.7723
Niger,Sub-Saharan Africa,2021,121490,"Other forage products, nes",9.96,13.08,0.7615
Bermuda,North America,2021,121490,"Other forage products, nes",215.2,282.65,0.7614
Nepal,Central Asia,2021,121490,"Other forage products, nes",2.65,3.49,0.7593
Brunei,Southeast Asia,2021,121490,"Other forage products, nes",406.14,540.432,0.7515
Trinidad and Tobago,Central America and Caribbean,2021,121490,"Other forage products, nes",10.92,14.852,0.7353
French Polynesia,Oceania,2021,121490,"Other forage products, nes",87.96,123.398,0.7128
Singapore,Southeast Asia,2021,121490,"Other forage products, nes",1571.65,2216.84,0.709
European Union,Western Europe,2021,121490,"Other forage products, nes",14835.99,20950.8,0.7081
Cuba,Central America and Caribbean,2021,121490,"Other forage products, nes",201.17,296.25,0.6791
Serbia,Eastern Europe,2021,121490,"Other forage products, nes",103.43,154.054,0.6714
Hong Kong (China),East Asia,2021,121490,"Other forage products, nes",2990.85,4501.44,0.6644
Lebanon,Middle East,2021,121490,"Other forage products, nes",107.58,162.93,0.6603
Seychelles,Sub-Saharan Africa,2021,121490,"Other forage products, nes",8.21,12.807,0.6411
Dominican Republic,Central America and Caribbean,2021,121490,"Other forage products, nes",21.37,33.762,0.633
Aruba,Central America and Caribbean,2021,121490,"Other forage products, nes",281.1,470.419,0.5976
North Macedonia,Eastern Europe,2021,121490,"Other forage products, nes",21.53,36.767,0.5856
Austria,Western Europe,2021,121490,"Other forage products, nes",13260.6,24321.8,0.5452
Lesotho,Sub-Saharan Africa,2021,121490,"Other forage products, nes",1298.47,2457.16,0.5284
Thailand,Southeast Asia,2021,121490,"Other forage products, nes",1555.13,3011.13,0.5165
Australia,Oceania,2021,121490,"Other forage products, nes",1728.16,3352.44,0.5155
Macao (China),East Asia,2021,121490,"Other forage products, nes",116.08,229.148,0.5066
Costa Rica,Central America and Caribbean,2021,121490,"Other forage products, nes",23.26,46.34,0.5019
Hungary,Eastern Europe,2021,121490,"Other forage products, nes",763.03,1533.57,0.4976
Lithuania,Eastern Europe,2021,121490,"Other forage products, nes",1198.76,2462.89,0.4867
Moldova,Eastern Europe,2021,121490,"Other forage products, nes",15.2,31.846,0.4773
South Africa,Sub-Saharan Africa,2021,121490,"Other forage products, nes",147.3,316.614,0.4652
Greece,Western Europe,2021,121490,"Other forage products, nes",1026.06,2236.37,0.4588
Georgia,Eastern Europe,2021,121490,"Other forage products, nes",54.04,118.055,0.4578
Malaysia,Southeast Asia,2021,121490,"Other forage products, nes",2607.15,5743.35,0.4539
Liberia,Sub-Saharan Africa,2021,121490,"Other forage products, nes",0.54,1.206,0.4478
Italy,Western Europe,2021,121490,"Other forage products, nes",6401.78,14507.4,0.4413
Iceland,Western Europe,2021,121490,"Other forage products, nes",748.49,1712.38,0.4371
Cayman Islands,North America,2021,121490,"Other forage products, nes",19.96,45.672,0.437
Uzbekistan,Central Asia,2021,121490,"Other forage products, nes",1.4,3.21,0.4361
Germany,Western Europe,2021,121490,"Other forage products, nes",34447.5,79855.3,0.4314
India,Central Asia,2021,121490,"Other forage products, nes",561.24,1302.77,0.4308
Oman,Middle East,2021,121490,"Other forage products, nes",5050.56,11743.9,0.4301
Djibouti,Sub-Saharan Africa,2021,121490,"Other forage products, nes",2033.05,4822.12,0.4216
Mauritius,Sub-Saharan Africa,2021,121490,"Other forage products, nes",508.05,1218.98,0.4168
Cape Verde,Sub-Saharan Africa,2021,121490,"Other forage products, nes",4.75,11.611,0.4091
Sri Lanka,Central Asia,2021,121490,"Other forage products, nes",248.28,609.78,0.4072
Colombia,South America,2021,121490,"Other forage products, nes",21.04,52.0,0.4046
New Zealand,Oceania,2021,121490,"Other forage products, nes",102.54,257.813,0.3977
Israel,Middle East,2021,121490,"Other forage products, nes",194.0,487.792,0.3977
Vietnam,Southeast Asia,2021,121490,"Other forage products, nes",15305.05,38482.9,0.3977
Jordan,Middle East,2021,121490,"Other forage products, nes",2242.51,5638.55,0.3977
Philippines,Southeast Asia,2021,121490,"Other forage products, nes",3233.69,8130.77,0.3977
Palestine,Middle East,2021,121490,"Other forage products, nes",450.41,1132.52,0.3977
Indonesia,Southeast Asia,2021,121490,"Other forage products, nes",4071.61,10253.5,0.3971
Saudi Arabia,Middle East,2021,121490,"Other forage products, nes",214751.5,546344.505009325,0.3931
Bosnia and Herzegovina,Eastern Europe,2021,121490,"Other forage products, nes",25.57,65.784,0.3887
Cyprus,Western Europe,2021,121490,"Other forage products, nes",266.18,685.4,0.3884
Romania,Eastern Europe,2021,121490,"Other forage products, nes",5068.0,13090.6,0.3871
Kuwait,Middle East,2021,121490,"Other forage products, nes",8517.01,22504.2,0.3785
China,East Asia,2021,121490,"Other forage products, nes",752527.83,1992070.0,0.3778
France,Western Europe,2021,121490,"Other forage products, nes",21311.85,56527.2,0.377
Japan,East Asia,2021,121490,"Other forage products, nes",811313.27,2154090.0,0.3766
Senegal,Sub-Saharan Africa,2021,121490,"Other forage products, nes",5.54,14.946,0.3707
Finland,Western Europe,2021,121490,"Other forage products, nes",824.09,2396.73,0.3438
Morocco,North Africa,2021,121490,"Other forage products, nes",1018.45,3004.88,0.3389
South Korea,East Asia,2021,121490,"Other forage products, nes",333051.0,983064.0,0.3388
United States,North America,2021,121490,"Other forage products, nes",109261.44,329535.0,0.3316
Honduras,Central America and Caribbean,2021,121490,"Other forage products, nes",6.76,20.5,0.3298
Other Asia,Other Asia,2021,121490,"Other forage products, nes",84513.45,271005.0,0.3119
Ecuador,South America,2021,121490,"Other forage products, nes",79.17,256.02,0.3092
Armenia,Eastern Europe,2021,121490,"Other forage products, nes",159.89,526.085,0.3039
Suriname,South America,2021,121490,"Other forage products, nes",7.04,23.38,0.3011
Luxembourg,Western Europe,2021,121490,"Other forage products, nes",2188.18,7370.18,0.2969
Malta,Western Europe,2021,121490,"Other forage products, nes",4255.71,14345.6,0.2967
Qatar,Middle East,2021,121490,"Other forage products, nes",9682.51,32644.8,0.2966
Angola,Sub-Saharan Africa,2021,121490,"Other forage products, nes",28.57,101.182,0.2824
Netherlands,Western Europe,2021,121490,"Other forage products, nes",56457.35,199960.0,0.2823
Benin,Sub-Saharan Africa,2021,121490,"Other forage products, nes",0.39,1.392,0.2802
Kazakhstan,Eastern Europe,2021,121490,"Other forage products, nes",99.77,358.942,0.278
Spain,Western Europe,2021,121490,"Other forage products, nes",7903.47,28545.3,0.2769
Switzerland,Western Europe,2021,121490,"Other forage products, nes",56946.56,205874.0,0.2766
Norway,Western Europe,2021,121490,"Other forage products, nes",3665.82,13832.4,0.265
Bahrain,Middle East,2021,121490,"Other forage products, nes",546.51,2083.08,0.2624
Laos,Southeast Asia,2021,121490,"Other forage products, nes",107.37,431.105,0.2491
Portugal,Western Europe,2021,121490,"Other forage products, nes",8463.33,35552.0,0.2381
United Arab Emirates,Middle East,2021,121490,"Other forage products, nes",181439.3,808094.0,0.2245
Slovenia,Eastern Europe,2021,121490,"Other forage products, nes",443.0,1974.68,0.2243
East Timor,Southeast Asia,2021,121490,"Other forage products, nes",11.33,50.565,0.2241
Croatia,Eastern Europe,2021,121490,"Other forage products, nes",713.95,3202.67,0.2229
Belgium,Western Europe,2021,121490,"Other forage products, nes",20736.57,97264.0,0.2132
Rwanda,Sub-Saharan Africa,2021,121490,"Other forage products, nes",4.6,22.5,0.2044
Brazil,South America,2021,121490,"Other forage products, nes",212.89,1051.68,0.2024
Andorra,Western Europe,2021,121490,"Other forage products, nes",81.58,458.023,0.1781
Montenegro,Eastern Europe,2021,121490,"Other forage products, nes",176.02,992.576,0.1773
Namibia,Sub-Saharan Africa,2021,121490,"Other forage products, nes",79.75,474.122,0.1682
Bulgaria,Eastern Europe,2021,121490,"Other forage products, nes",1437.17,8984.65,0.16
Latvia,Eastern Europe,2021,121490,"Other forage products, nes",684.37,4416.12,0.155
Bolivia,South America,2021,121490,"Other forage products, nes",64.82,425.792,0.1522
Canada,North America,2021,121490,"Other forage products, nes",18006.51,118311.0,0.1522
Albania,Eastern Europe,2021,121490,"Other forage products, nes",9.87,66.8,0.1478
Turkey,Eastern Europe,2021,121490,"Other forage products, nes",126.14,872.684,0.1445
Tunisia,North Africa,2021,121490,"Other forage products, nes",3.75,26.007,0.1442
Eswatini,Sub-Saharan Africa,2021,121490,"Other forage products, nes",101.92,751.254,0.1357
Estonia,Eastern Europe,2021,121490,"Other forage products, nes",546.13,4213.51,0.1296
Paraguay,South America,2021,121490,"Other forage products, nes",47.31,404.35,0.117
Botswana,Sub-Saharan Africa,2021,121490,"Other forage products, nes",332.08,2856.87,0.1162
Mauritania,Sub-Saharan Africa,2021,121490,"Other forage products, nes",18.6,222.84,0.0835
Guatemala,Central America and Caribbean,2021,121490,"Other forage products, nes",0.73,12.001,0.0608
Kyrgyzstan,Eastern Europe,2021,121490,"Other forage products, nes",149.34,4264.57,0.035
"Congo, Dem. Rep.",Sub-Saharan Africa,2021,121490,"Other forage products, nes",0.79,30.0,0.0263
Malawi,Sub-Saharan Africa,2021,121490,"Other forage products, nes",0.29,30.0,0.0097
El Salvador,Central America and Caribbean,2020,121490,"Other forage products, nes",0.04,0.003,13.3333
Nicaragua,Central America and Caribbean,2020,121490,"Other forage products, nes",0.86,0.135,6.3704
Maldives,Central Asia,2020,121490,"Other forage products, nes",4.89,0.777,6.2934
Madagascar,Sub-Saharan Africa,2020,121490,"Other forage products, nes",2.15,0.364,5.9066
Chile,South America,2020,121490,"Other forage products, nes",42.16,8.181,5.1534
Seychelles,Sub-Saharan Africa,2020,121490,"Other forage products, nes",0.22,0.056,3.9286
Cote d'Ivoire,Sub-Saharan Africa,2020,121490,"Other forage products, nes",0.07,0.022,3.1818
Fiji,Oceania,2020,121490,"Other forage products, nes",0.21,0.07,3.0
Panama,Central America and Caribbean,2020,121490,"Other forage products, nes",49.66,20.316,2.4444
Peru,South America,2020,121490,"Other forage products, nes",30.09,14.239,2.1132
Czech Republic,Eastern Europe,2020,121490,"Other forage products, nes",1535.87,878.922,1.7474
St. Vincent and the Grenadines,Central America and Caribbean,2020,121490,"Other forage products, nes",0.64,0.414,1.5459
North Macedonia,Eastern Europe,2020,121490,"Other forage products, nes",5.39,3.56,1.514
Ireland,Western Europe,2020,121490,"Other forage products, nes",4191.76,2829.17,1.4816
Sao Tome and Principe,Sub-Saharan Africa,2020,121490,"Other forage products, nes",0.92,0.68,1.3529
South Africa,Sub-Saharan Africa,2020,121490,"Other forage products, nes",308.83,229.418,1.3461
Kyrgyzstan,Eastern Europe,2020,121490,"Other forage products, nes",168.35,131.5,1.2802
St. Lucia,Central America and Caribbean,2020,121490,"Other forage products, nes",72.29,57.413,1.2591
United Kingdom,Western Europe,2020,121490,"Other forage products, nes",9145.07,7304.75,1.2519
Bahamas,Central America and Caribbean,2020,121490,"Other forage products, nes",123.2,98.764,1.2474
Russia,Eastern Europe,2020,121490,"Other forage products, nes",628.93,520.597,1.2081
Angola,Sub-Saharan Africa,2020,121490,"Other forage products, nes",9.86,8.278,1.1911
Azerbaijan,Eastern Europe,2020,121490,"Other forage products, nes",1.37,1.17,1.1709
Cameroon,Sub-Saharan Africa,2020,121490,"Other forage products, nes",0.7,0.6,1.1667
Moldova,Eastern Europe,2020,121490,"Other forage products, nes",6.79,6.01,1.1298
Tunisia,North Africa,2020,121490,"Other forage products, nes",40.67,36.0,1.1297
Ukraine,Eastern Europe,2020,121490,"Other forage products, nes",33.87,31.196,1.0857
Mozambique,Sub-Saharan Africa,2020,121490,"Other forage products, nes",17.93,16.731,1.0717
Georgia,Eastern Europe,2020,121490,"Other forage products, nes",8.96,8.704,1.0294
Trinidad and Tobago,Central America and Caribbean,2020,121490,"Other forage products, nes",2.6,2.531,1.0273
Grenada,Central America and Caribbean,2020,121490,"Other forage products, nes",122.15,118.914,1.0272
Sweden,Western Europe,2020,121490,"Other forage products, nes",1260.22,1285.89,0.98
Antigua and Barbuda,Central America and Caribbean,2020,121490,"Other forage products, nes",22.12,22.648,0.9767
Brunei,Southeast Asia,2020,121490,"Other forage products, nes",578.76,621.408,0.9314
Kazakhstan,Eastern Europe,2020,121490,"Other forage products, nes",47.37,53.972,0.8777
Mauritania,Sub-Saharan Africa,2020,121490,"Other forage products, nes",0.2,0.25,0.8
Nepal,Central Asia,2020,121490,"Other forage products, nes",3.26,4.434,0.7352
Ethiopia,Sub-Saharan Africa,2020,121490,"Other forage products, nes",0.04,0.057,0.7018
French Polynesia,Oceania,2020,121490,"Other forage products, nes",77.85,111.674,0.6971
Bermuda,North America,2020,121490,"Other forage products, nes",218.64,318.951,0.6855
Barbados,Central America and Caribbean,2020,121490,"Other forage products, nes",8.57,13.32,0.6434
Malawi,Sub-Saharan Africa,2020,121490,"Other forage products, nes",0.05,0.08,0.625
Dominican Republic,Central America and Caribbean,2020,121490,"Other forage products, nes",41.16,66.104,0.6227
Poland,Eastern Europe,2020,121490,"Other forage products, nes",4528.34,7347.46,0.6163
Aruba,Central America and Caribbean,2020,121490,"Other forage products, nes",279.45,460.94,0.6063
Denmark,Western Europe,2020,121490,"Other forage products, nes",2602.02,4309.04,0.6039
Hong Kong (China),East Asia,2020,121490,"Other forage products, nes",2538.8,4387.59,0.5786
Curaçao,Central America and Caribbean,2020,121490,"Other forage products, nes",377.71,681.9,0.5539
Singapore,Southeast Asia,2020,121490,"Other forage products, nes",1444.29,2627.44,0.5497
Uzbekistan,Central Asia,2020,121490,"Other forage products, nes",0.07,0.13,0.5385
Rwanda,Sub-Saharan Africa,2020,121490,"Other forage products, nes",0.16,0.3,0.5333
Cape Verde,Sub-Saharan Africa,2020,121490,"Other forage products, nes",6.72,13.157,0.5108
Bulgaria,Eastern Europe,2020,121490,"Other forage products, nes",256.2,502.908,0.5094
European Union,Western Europe,2020,121490,"Other forage products, nes",14169.61,28017.2,0.5057
Slovakia,Eastern Europe,2020,121490,"Other forage products, nes",3353.34,6754.17,0.4965
Costa Rica,Central America and Caribbean,2020,121490,"Other forage products, nes",34.65,70.329,0.4927
Cuba,Central America and Caribbean,2020,121490,"Other forage products, nes",94.0,194.55,0.4832
Australia,Oceania,2020,121490,"Other forage products, nes",1757.29,3642.09,0.4825
Thailand,Southeast Asia,2020,121490,"Other forage products, nes",703.48,1464.12,0.4805
Serbia,Eastern Europe,2020,121490,"Other forage products, nes",133.86,279.298,0.4793
Guatemala,Central America and Caribbean,2020,121490,"Other forage products, nes",28.13,60.001,0.4688
Oman,Middle East,2020,121490,"Other forage products, nes",13554.29,29634.8,0.4574
Greece,Western Europe,2020,121490,"Other forage products, nes",573.34,1309.75,0.4377
Mauritius,Sub-Saharan Africa,2020,121490,"Other forage products, nes",588.53,1388.7,0.4238
Malaysia,Southeast Asia,2020,121490,"Other forage products, nes",1903.04,4528.46,0.4202
Belarus,Eastern Europe,2020,121490,"Other forage products, nes",357.8,857.265,0.4174
Bosnia and Herzegovina,Eastern Europe,2020,121490,"Other forage products, nes",21.05,50.557,0.4164
Austria,Western Europe,2020,121490,"Other forage products, nes",12853.06,31259.7,0.4112
Zambia,Sub-Saharan Africa,2020,121490,"Other forage products, nes",0.06,0.146,0.411
Saudi Arabia,Middle East,2020,121490,"Other forage products, nes",245754.19,602873.0,0.4076
Bahrain,Middle East,2020,121490,"Other forage products, nes",521.14,1294.97,0.4024
Indonesia,Southeast Asia,2020,121490,"Other forage products, nes",3297.78,8266.11,0.399
Latvia,Eastern Europe,2020,121490,"Other forage products, nes",4312.48,11095.1,0.3887
Armenia,Eastern Europe,2020,121490,"Other forage products, nes",18.4,47.717,0.3856
Papua New Guinea,Oceania,2020,121490,"Other forage products, nes",2.91,7.65,0.3804
Egypt,North Africa,2020,121490,"Other forage products, nes",12.45,32.751,0.3801
Palestine,Middle East,2020,121490,"Other forage products, nes",453.71,1193.74,0.3801
Philippines,Southeast Asia,2020,121490,"Other forage products, nes",2679.28,7049.41,0.3801
New Zealand,Oceania,2020,121490,"Other forage products, nes",57.22,150.556,0.3801
Cayman Islands,North America,2020,121490,"Other forage products, nes",55.02,144.775,0.38
Colombia,South America,2020,121490,"Other forage products, nes",118.68,314.0,0.378
Jordan,Middle East,2020,121490,"Other forage products, nes",2154.07,5832.04,0.3694
Israel,Middle East,2020,121490,"Other forage products, nes",247.0,668.742,0.3694
Vietnam,Southeast Asia,2020,121490,"Other forage products, nes",3193.03,8645.0,0.3693
Senegal,Sub-Saharan Africa,2020,121490,"Other forage products, nes",19.87,54.719,0.3631
Japan,East Asia,2020,121490,"Other forage products, nes",782752.49,2157300.0,0.3628
Italy,Western Europe,2020,121490,"Other forage products, nes",3248.16,9023.89,0.36
France,Western Europe,2020,121490,"Other forage products, nes",12745.35,35474.0,0.3593
China,East Asia,2020,121490,"Other forage products, nes",606812.75,1693630.0,0.3583
Estonia,Eastern Europe,2020,121490,"Other forage products, nes",421.39,1178.13,0.3577
Netherlands,Western Europe,2020,121490,"Other forage products, nes",52466.36,147553.0,0.3556
Kuwait,Middle East,2020,121490,"Other forage products, nes",11191.43,32013.9,0.3496
Germany,Western Europe,2020,121490,"Other forage products, nes",38675.07,111175.0,0.3479
United States,North America,2020,121490,"Other forage products, nes",85909.34,247458.0,0.3472
Iceland,Western Europe,2020,121490,"Other forage products, nes",763.82,2209.89,0.3456
Qatar,Middle East,2020,121490,"Other forage products, nes",14958.28,44232.2,0.3382
Finland,Western Europe,2020,121490,"Other forage products, nes",681.05,2020.01,0.3372
Norway,Western Europe,2020,121490,"Other forage products, nes",5064.72,15173.6,0.3338
Morocco,North Africa,2020,121490,"Other forage products, nes",1753.4,5286.83,0.3317
Ecuador,South America,2020,121490,"Other forage products, nes",130.38,394.935,0.3301
Sri Lanka,Central Asia,2020,121490,"Other forage products, nes",252.12,764.127,0.3299
South Korea,East Asia,2020,121490,"Other forage products, nes",316657.03,972166.0,0.3257
Hungary,Eastern Europe,2020,121490,"Other forage products, nes",1886.21,5862.44,0.3217
Romania,Eastern Europe,2020,121490,"Other forage products, nes",3286.18,10394.0,0.3162
Lithuania,Eastern Europe,2020,121490,"Other forage products, nes",1816.84,5815.7,0.3124
Lesotho,Sub-Saharan Africa,2020,121490,"Other forage products, nes",2648.82,8521.43,0.3108
India,Central Asia,2020,121490,"Other forage products, nes",65.0,215.12,0.3022
Cyprus,Western Europe,2020,121490,"Other forage products, nes",171.69,572.992,0.2996
Malta,Western Europe,2020,121490,"Other forage products, nes",3660.12,12287.3,0.2979
Suriname,South America,2020,121490,"Other forage products, nes",13.29,44.94,0.2957
Other Asia,Other Asia,2020,121490,"Other forage products, nes",80012.81,270945.0,0.2953
Benin,Sub-Saharan Africa,2020,121490,"Other forage products, nes",0.09,0.319,0.2821
Spain,Western Europe,2020,121490,"Other forage products, nes",6221.01,22781.9,0.2731
Turkey,Eastern Europe,2020,121490,"Other forage products, nes",734.62,2772.05,0.265
Switzerland,Western Europe,2020,121490,"Other forage products, nes",44854.79,172744.0,0.2597
Uruguay,South America,2020,121490,"Other forage products, nes",6.33,24.66,0.2567
Belgium,Western Europe,2020,121490,"Other forage products, nes",15135.31,61374.8,0.2466
Canada,North America,2020,121490,"Other forage products, nes",19323.52,79925.0,0.2418
Portugal,Western Europe,2020,121490,"Other forage products, nes",3637.32,15595.9,0.2332
Honduras,Central America and Caribbean,2020,121490,"Other forage products, nes",3.76,16.433,0.2288
United Arab Emirates,Middle East,2020,121490,"Other forage products, nes",107599.35,475614.0,0.2262
"Congo, Dem. Rep.",Sub-Saharan Africa,2020,121490,"Other forage products, nes",6.15,27.336,0.225
East Timor,Southeast Asia,2020,121490,"Other forage products, nes",19.04,86.087,0.2212
Laos,Southeast Asia,2020,121490,"Other forage products, nes",93.21,423.552,0.2201
Slovenia,Eastern Europe,2020,121490,"Other forage products, nes",304.08,1441.14,0.211
Croatia,Eastern Europe,2020,121490,"Other forage products, nes",564.03,2782.71,0.2027
Andorra,Western Europe,2020,121490,"Other forage products, nes",61.31,303.613,0.2019
Brazil,South America,2020,121490,"Other forage products, nes",189.18,952.17,0.1987
Lebanon,Middle East,2020,121490,"Other forage products, nes",1198.38,6344.2,0.1889
Luxembourg,Western Europe,2020,121490,"Other forage products, nes",2287.8,13090.0,0.1748
Bolivia,South America,2020,121490,"Other forage products, nes",48.33,303.56,0.1592
Botswana,Sub-Saharan Africa,2020,121490,"Other forage products, nes",291.52,1841.47,0.1583
Liberia,Sub-Saharan Africa,2020,121490,"Other forage products, nes",0.12,0.866,0.1386
Montenegro,Eastern Europe,2020,121490,"Other forage products, nes",74.67,581.119,0.1285
Paraguay,South America,2020,121490,"Other forage products, nes",20.97,184.312,0.1138
Eswatini,Sub-Saharan Africa,2020,121490,"Other forage products, nes",164.94,1513.91,0.1089
Namibia,Sub-Saharan Africa,2020,121490,"Other forage products, nes",301.09,2930.19,0.1028
Uganda,Sub-Saharan Africa,2020,121490,"Other forage products, nes",0.47,5.8,0.081
Mongolia,East Asia,2019,121490,"Other forage products, nes",7.05,0.04,176.25
Nicaragua,Central America and Caribbean,2019,121490,"Other forage products, nes",0.14,0.001,140.0
Cameroon,Sub-Saharan Africa,2019,121490,"Other forage products, nes",1.22,0.053,23.0189
Montserrat,Central America and Caribbean,2019,121490,"Other forage products, nes",0.09,0.005,18.0
El Salvador,Central America and Caribbean,2019,121490,"Other forage products, nes",0.14,0.009,15.5556
Ethiopia,Sub-Saharan Africa,2019,121490,"Other forage products, nes",2.02,0.2,10.1
Kenya,Sub-Saharan Africa,2019,121490,"Other forage products, nes",4.5,0.45,10.0
Maldives,Central Asia,2019,121490,"Other forage products, nes",6.31,0.718,8.7883
Chile,South America,2019,121490,"Other forage products, nes",25.93,3.673,7.0596
Uruguay,South America,2019,121490,"Other forage products, nes",13.15,2.0,6.575
Togo,Sub-Saharan Africa,2019,121490,"Other forage products, nes",0.47,0.1,4.7
Barbados,Central America and Caribbean,2019,121490,"Other forage products, nes",0.02,0.005,4.0
Argentina,South America,2019,121490,"Other forage products, nes",5.95,1.874,3.175
St. Lucia,Central America and Caribbean,2019,121490,"Other forage products, nes",26.85,9.426,2.8485
Moldova,Eastern Europe,2019,121490,"Other forage products, nes",12.94,4.948,2.6152
Panama,Central America and Caribbean,2019,121490,"Other forage products, nes",69.49,27.204,2.5544
Senegal,Sub-Saharan Africa,2019,121490,"Other forage products, nes",60.6,27.48,2.2052
Myanmar,Southeast Asia,2019,121490,"Other forage products, nes",1.72,0.81,2.1235
Bahamas,Central America and Caribbean,2019,121490,"Other forage products, nes",171.37,86.868,1.9728
Nepal,Central Asia,2019,121490,"Other forage products, nes",1.57,0.8,1.9625
Armenia,Eastern Europe,2019,121490,"Other forage products, nes",0.85,0.46,1.8478
Angola,Sub-Saharan Africa,2019,121490,"Other forage products, nes",17.87,10.077,1.7733
"Congo, Rep.",Sub-Saharan Africa,2019,121490,"Other forage products, nes",0.13,0.075,1.7333
Russia,Eastern Europe,2019,121490,"Other forage products, nes",533.36,315.72,1.6893
United Kingdom,Western Europe,2019,121490,"Other forage products, nes",5764.99,3845.806392546144,1.499
Brazil,South America,2019,121490,"Other forage products, nes",52.52,36.465,1.4403
Mauritania,Sub-Saharan Africa,2019,121490,"Other forage products, nes",4.77,3.422,1.3939
Antigua and Barbuda,Central America and Caribbean,2019,121490,"Other forage products, nes",17.68,13.59,1.301
Sao Tome and Principe,Sub-Saharan Africa,2019,121490,"Other forage products, nes",0.31,0.258,1.2016
Fiji,Oceania,2019,121490,"Other forage products, nes",0.05,0.043,1.1628
Cape Verde,Sub-Saharan Africa,2019,121490,"Other forage products, nes",14.08,12.915,1.0902
Tunisia,North Africa,2019,121490,"Other forage products, nes",22.52,21.0,1.0724
South Africa,Sub-Saharan Africa,2019,121490,"Other forage products, nes",290.87,290.416,1.0016
Grenada,Central America and Caribbean,2019,121490,"Other forage products, nes",120.14,121.438,0.9893
Ghana,Sub-Saharan Africa,2019,121490,"Other forage products, nes",0.31,0.318,0.9748
Nigeria,Sub-Saharan Africa,2019,121490,"Other forage products, nes",3.07,3.25,0.9446
Brunei,Southeast Asia,2019,121490,"Other forage products, nes",738.27,801.531,0.9211
French Polynesia,Oceania,2019,121490,"Other forage products, nes",48.33,60.216,0.8026
Sweden,Western Europe,2019,121490,"Other forage products, nes",855.12,1176.29,0.727
European Union,Western Europe,2019,121490,"Other forage products, nes",10519.85,14600.2,0.7205
Peru,South America,2019,121490,"Other forage products, nes",64.97,90.507,0.7178
Trinidad and Tobago,Central America and Caribbean,2019,121490,"Other forage products, nes",9.1,12.889,0.706
Singapore,Southeast Asia,2019,121490,"Other forage products, nes",1753.23,2819.94,0.6217
Australia,Oceania,2019,121490,"Other forage products, nes",376.91,606.515,0.6214
Aruba,Central America and Caribbean,2019,121490,"Other forage products, nes",336.31,545.002,0.6171
Hong Kong (China),East Asia,2019,121490,"Other forage products, nes",1383.31,2263.95,0.611
Bermuda,North America,2019,121490,"Other forage products, nes",188.0,331.861,0.5665
Seychelles,Sub-Saharan Africa,2019,121490,"Other forage products, nes",6.76,12.022,0.5623
Ukraine,Eastern Europe,2019,121490,"Other forage products, nes",46.1,84.098,0.5482
Curaçao,Central America and Caribbean,2019,121490,"Other forage products, nes",270.5,500.9,0.54
Slovakia,Eastern Europe,2019,121490,"Other forage products, nes",2498.51,4649.63,0.5374
Dominican Republic,Central America and Caribbean,2019,121490,"Other forage products, nes",65.96,124.935,0.528
Thailand,Southeast Asia,2019,121490,"Other forage products, nes",908.96,1833.94,0.4956
Costa Rica,Central America and Caribbean,2019,121490,"Other forage products, nes",45.24,93.43,0.4842
Poland,Eastern Europe,2019,121490,"Other forage products, nes",3962.67,8377.69,0.473
Papua New Guinea,Oceania,2019,121490,"Other forage products, nes",85.69,182.644,0.4692
Estonia,Eastern Europe,2019,121490,"Other forage products, nes",489.51,1066.0,0.4592
Kazakhstan,Eastern Europe,2019,121490,"Other forage products, nes",104.31,235.79,0.4424
Philippines,Southeast Asia,2019,121490,"Other forage products, nes",3724.6,8663.14,0.4299
Serbia,Eastern Europe,2019,121490,"Other forage products, nes",116.09,272.12,0.4266
Malaysia,Southeast Asia,2019,121490,"Other forage products, nes",2014.68,4889.77,0.412
Mauritius,Sub-Saharan Africa,2019,121490,"Other forage products, nes",422.16,1036.51,0.4073
Denmark,Western Europe,2019,121490,"Other forage products, nes",3381.9,8427.74,0.4013
Ireland,Western Europe,2019,121490,"Other forage products, nes",3484.12,8687.15,0.4011
Libya,North Africa,2019,121490,"Other forage products, nes",230.09,575.091,0.4001
Italy,Western Europe,2019,121490,"Other forage products, nes",5965.31,15093.5,0.3952
Colombia,South America,2019,121490,"Other forage products, nes",283.14,732.237,0.3867
Germany,Western Europe,2019,121490,"Other forage products, nes",34542.11,89523.5,0.3858
Indonesia,Southeast Asia,2019,121490,"Other forage products, nes",3279.41,8579.59,0.3822
Austria,Western Europe,2019,121490,"Other forage products, nes",14330.39,37972.2,0.3774
Lesotho,Sub-Saharan Africa,2019,121490,"Other forage products, nes",1299.13,3451.3,0.3764
France,Western Europe,2019,121490,"Other forage products, nes",10401.39,27654.9,0.3761
India,Central Asia,2019,121490,"Other forage products, nes",34.31,91.86,0.3735
Kyrgyzstan,Eastern Europe,2019,121490,"Other forage products, nes",8.71,23.35,0.373
Cote d'Ivoire,Sub-Saharan Africa,2019,121490,"Other forage products, nes",18.04,48.594,0.3712
Iceland,Western Europe,2019,121490,"Other forage products, nes",298.98,806.042,0.3709
Qatar,Middle East,2019,121490,"Other forage products, nes",12121.56,32818.6,0.3694
Japan,East Asia,2019,121490,"Other forage products, nes",808015.62,2188290.0,0.3692
Zambia,Sub-Saharan Africa,2019,121490,"Other forage products, nes",0.13,0.361,0.3601
Finland,Western Europe,2019,121490,"Other forage products, nes",543.14,1511.7245947441918,0.3593
Hungary,Eastern Europe,2019,121490,"Other forage products, nes",915.96,2549.8,0.3592
Latvia,Eastern Europe,2019,121490,"Other forage products, nes",7185.6,20104.7,0.3574
Afghanistan,Central Asia,2019,121490,"Other forage products, nes",374.28,1065.13,0.3514
United States,North America,2019,121490,"Other forage products, nes",74742.73,212869.0,0.3511
Saudi Arabia,Middle East,2019,121490,"Other forage products, nes",281764.68,804134.0,0.3504
Palestine,Middle East,2019,121490,"Other forage products, nes",539.68,1540.22,0.3504
New Zealand,Oceania,2019,121490,"Other forage products, nes",0.65,1.86,0.3495
Israel,Middle East,2019,121490,"Other forage products, nes",264.0,766.734,0.3443
Vietnam,Southeast Asia,2019,121490,"Other forage products, nes",2703.83,7852.73,0.3443
China,East Asia,2019,121490,"Other forage products, nes",546162.53,1597380.0,0.3419
Kuwait,Middle East,2019,121490,"Other forage products, nes",9584.47,28162.5,0.3403
Benin,Sub-Saharan Africa,2019,121490,"Other forage products, nes",0.2,0.593,0.3373
Georgia,Eastern Europe,2019,121490,"Other forage products, nes",8.94,26.554,0.3367
Oman,Middle East,2019,121490,"Other forage products, nes",5282.32,15835.3,0.3336
South Korea,East Asia,2019,121490,"Other forage products, nes",340838.81,1034120.0,0.3296
Bahrain,Middle East,2019,121490,"Other forage products, nes",460.84,1398.79,0.3295
Netherlands,Western Europe,2019,121490,"Other forage products, nes",32626.13,99123.1,0.3291
Romania,Eastern Europe,2019,121490,"Other forage products, nes",7207.23,22058.6,0.3267
Morocco,North Africa,2019,121490,"Other forage products, nes",831.14,2554.23,0.3254
Mozambique,Sub-Saharan Africa,2019,121490,"Other forage products, nes",11.05,34.375,0.3215
Ecuador,South America,2019,121490,"Other forage products, nes",201.78,637.4,0.3166
Sri Lanka,Central Asia,2019,121490,"Other forage products, nes",202.78,650.3,0.3118
Greece,Western Europe,2019,121490,"Other forage products, nes",543.92,1776.6,0.3062
Other Asia,Other Asia,2019,121490,"Other forage products, nes",81105.55,272719.0,0.2974
Malta,Western Europe,2019,121490,"Other forage products, nes",2546.42,8593.8,0.2963
Cyprus,Western Europe,2019,121490,"Other forage products, nes",95.96,328.239,0.2923
Lithuania,Eastern Europe,2019,121490,"Other forage products, nes",2158.6,7390.71,0.2921
Spain,Western Europe,2019,121490,"Other forage products, nes",6402.66,22064.9,0.2902
Czech Republic,Eastern Europe,2019,121490,"Other forage products, nes",1717.8,5952.82,0.2886
Bulgaria,Eastern Europe,2019,121490,"Other forage products, nes",101.46,357.452,0.2838
Switzerland,Western Europe,2019,121490,"Other forage products, nes",61382.77,219470.0,0.2797
Norway,Western Europe,2019,121490,"Other forage products, nes",9601.17,35012.9,0.2742
Jordan,Middle East,2019,121490,"Other forage products, nes",7194.53,26300.5,0.2736
Liberia,Sub-Saharan Africa,2019,121490,"Other forage products, nes",0.3,1.106,0.2712
Turkey,Eastern Europe,2019,121490,"Other forage products, nes",1015.57,3769.36,0.2694
Belarus,Eastern Europe,2019,121490,"Other forage products, nes",1111.5,4201.57,0.2645
North Macedonia,Eastern Europe,2019,121490,"Other forage products, nes",9.1,36.696,0.248
Lebanon,Middle East,2019,121490,"Other forage products, nes",5434.5,22974.1,0.2365
United Arab Emirates,Middle East,2019,121490,"Other forage products, nes",132932.76,573672.0,0.2317
Mali,Sub-Saharan Africa,2019,121490,"Other forage products, nes",11.12,48.7,0.2283
Croatia,Eastern Europe,2019,121490,"Other forage products, nes",441.4,1983.08,0.2226
Laos,Southeast Asia,2019,121490,"Other forage products, nes",23.6,108.677,0.2172
Bolivia,South America,2019,121490,"Other forage products, nes",65.53,331.721,0.1975
Canada,North America,2019,121490,"Other forage products, nes",24483.78,125634.0,0.1949
Portugal,Western Europe,2019,121490,"Other forage products, nes",3881.41,20827.3,0.1864
East Timor,Southeast Asia,2019,121490,"Other forage products, nes",14.57,82.004,0.1777
Belgium,Western Europe,2019,121490,"Other forage products, nes",12033.34,72055.2,0.167
"Congo, Dem. Rep.",Sub-Saharan Africa,2019,121490,"Other forage products, nes",6.1,37.942,0.1608
Montenegro,Eastern Europe,2019,121490,"Other forage products, nes",149.33,938.345,0.1591
Namibia,Sub-Saharan Africa,2019,121490,"Other forage products, nes",3225.04,21805.7,0.1479
Bosnia and Herzegovina,Eastern Europe,2019,121490,"Other forage products, nes",18.86,135.403,0.1393
Botswana,Sub-Saharan Africa,2019,121490,"Other forage products, nes",272.68,2010.72,0.1356
Andorra,Western Europe,2019,121490,"Other forage products, nes",66.3,542.796,0.1221
Luxembourg,Western Europe,2019,121490,"Other forage products, nes",2201.19,20224.6,0.1088
Eswatini,Sub-Saharan Africa,2019,121490,"Other forage products, nes",154.5,1749.17,0.0883
Slovenia,Eastern Europe,2019,121490,"Other forage products, nes",202.24,2599.21,0.0778
Jamaica,Central America and Caribbean,2019,121490,"Other forage products, nes",0.0,0.0,
Madagascar,Sub-Saharan Africa,2019,121490,"Other forage products, nes",0.0,0.0,
Dominica,Central America and Caribbean,2019,121490,"Other forage products, nes",0.0,0.0,
St. Lucia,Central America and Caribbean,2018,121490,"Other forage products, nes",0.16,0.013,12.3077
Montserrat,Central America and Caribbean,2018,121490,"Other forage products, nes",0.01,0.001,10.0
Zambia,Sub-Saharan Africa,2018,121490,"Other forage products, nes",1.86,0.194,9.5876
Chile,South America,2018,121490,"Other forage products, nes",27.01,3.537,7.6364
Belize,Central America and Caribbean,2018,121490,"Other forage products, nes",0.02,0.003,6.6667
Maldives,Central Asia,2018,121490,"Other forage products, nes",21.77,4.156,5.2382
Palau,Oceania,2018,121490,"Other forage products, nes",0.03,0.006,5.0
Dominica,Central America and Caribbean,2018,121490,"Other forage products, nes",0.04,0.01,4.0
Bahamas,Central America and Caribbean,2018,121490,"Other forage products, nes",190.93,55.815,3.4208
Armenia,Eastern Europe,2018,121490,"Other forage products, nes",0.43,0.143,3.007
Panama,Central America and Caribbean,2018,121490,"Other forage products, nes",80.56,31.413,2.5645
Afghanistan,Central Asia,2018,121490,"Other forage products, nes",9944.15,3924.51,2.5339
Peru,South America,2018,121490,"Other forage products, nes",17.36,7.214,2.4064
Benin,Sub-Saharan Africa,2018,121490,"Other forage products, nes",1.65,0.702,2.3504
Antigua and Barbuda,Central America and Caribbean,2018,121490,"Other forage products, nes",2.6,1.122,2.3173
Cameroon,Sub-Saharan Africa,2018,121490,"Other forage products, nes",1.06,0.467,2.2698
Sierra Leone,Sub-Saharan Africa,2018,121490,"Other forage products, nes",0.87,0.39,2.2308
"Congo, Rep.",Sub-Saharan Africa,2018,121490,"Other forage products, nes",0.13,0.061,2.1311
Bulgaria,Eastern Europe,2018,121490,"Other forage products, nes",209.78,103.178,2.0332
Honduras,Central America and Caribbean,2018,121490,"Other forage products, nes",0.01,0.005,2.0
Russia,Eastern Europe,2018,121490,"Other forage products, nes",446.58,233.509,1.9125
Angola,Sub-Saharan Africa,2018,121490,"Other forage products, nes",47.67,27.597,1.7274
Kenya,Sub-Saharan Africa,2018,121490,"Other forage products, nes",22.8,13.915,1.6385
Fiji,Oceania,2018,121490,"Other forage products, nes",0.08,0.052,1.5385
Greenland,North America,2018,121490,"Other forage products, nes",6.17,4.28,1.4416
Comoros,Sub-Saharan Africa,2018,121490,"Other forage products, nes",0.14,0.1,1.4
United Kingdom,Western Europe,2018,121490,"Other forage products, nes",5258.15,4098.33,1.283
Ukraine,Eastern Europe,2018,121490,"Other forage products, nes",35.25,31.214,1.1293
El Salvador,Central America and Caribbean,2018,121490,"Other forage products, nes",0.08,0.08,1.0
Uganda,Sub-Saharan Africa,2018,121490,"Other forage products, nes",0.01,0.01,1.0
Sao Tome and Principe,Sub-Saharan Africa,2018,121490,"Other forage products, nes",0.48,0.484,0.9917
Brunei,Southeast Asia,2018,121490,"Other forage products, nes",302.57,307.906,0.9827
Grenada,Central America and Caribbean,2018,121490,"Other forage products, nes",136.98,139.672,0.9807
Trinidad and Tobago,Central America and Caribbean,2018,121490,"Other forage products, nes",1.68,1.745,0.9628
French Polynesia,Oceania,2018,121490,"Other forage products, nes",70.6,75.873,0.9305
Azerbaijan,Eastern Europe,2018,121490,"Other forage products, nes",2.44,2.747,0.8882
Guatemala,Central America and Caribbean,2018,121490,"Other forage products, nes",0.63,0.713,0.8836
Brazil,South America,2018,121490,"Other forage products, nes",72.17,83.772,0.8615
Czech Republic,Eastern Europe,2018,121490,"Other forage products, nes",1254.93,1522.18,0.8244
Kazakhstan,Eastern Europe,2018,121490,"Other forage products, nes",7.8,9.911,0.787
South Africa,Sub-Saharan Africa,2018,121490,"Other forage products, nes",191.66,244.235,0.7847
Hong Kong (China),East Asia,2018,121490,"Other forage products, nes",980.52,1256.92,0.7801
European Union,Western Europe,2018,121490,"Other forage products, nes",9553.08,14073.9,0.6788
Australia,Oceania,2018,121490,"Other forage products, nes",238.51,354.484,0.6728
Mauritania,Sub-Saharan Africa,2018,121490,"Other forage products, nes",2.2,3.3,0.6667
Slovakia,Eastern Europe,2018,121490,"Other forage products, nes",2357.68,3772.8,0.6249
Malawi,Sub-Saharan Africa,2018,121490,"Other forage products, nes",0.28,0.45,0.6222
Singapore,Southeast Asia,2018,121490,"Other forage products, nes",1719.24,2800.17,0.614
Latvia,Eastern Europe,2018,121490,"Other forage products, nes",11595.63,20855.2,0.556
Guinea-Bissau,Sub-Saharan Africa,2018,121490,"Other forage products, nes",0.36,0.668,0.5389
Dominican Republic,Central America and Caribbean,2018,121490,"Other forage products, nes",42.5,79.145,0.537
Senegal,Sub-Saharan Africa,2018,121490,"Other forage products, nes",11.89,22.275,0.5338
Cuba,Central America and Caribbean,2018,121490,"Other forage products, nes",102.9,193.13,0.5328
Hungary,Eastern Europe,2018,121490,"Other forage products, nes",608.72,1189.49,0.5117
Cape Verde,Sub-Saharan Africa,2018,121490,"Other forage products, nes",10.37,20.277,0.5114
Moldova,Eastern Europe,2018,121490,"Other forage products, nes",20.99,41.875,0.5013
Mozambique,Sub-Saharan Africa,2018,121490,"Other forage products, nes",13.59,27.142,0.5007
Aruba,Central America and Caribbean,2018,121490,"Other forage products, nes",223.22,453.202,0.4925
Curaçao,Central America and Caribbean,2018,121490,"Other forage products, nes",273.02,559.6,0.4879
Serbia,Eastern Europe,2018,121490,"Other forage products, nes",105.93,221.469,0.4783
Cote d'Ivoire,Sub-Saharan Africa,2018,121490,"Other forage products, nes",13.78,29.664,0.4645
Botswana,Sub-Saharan Africa,2018,121490,"Other forage products, nes",170.21,372.014,0.4575
Lesotho,Sub-Saharan Africa,2018,121490,"Other forage products, nes",521.94,1144.0,0.4562
Denmark,Western Europe,2018,121490,"Other forage products, nes",3643.28,7995.23714522023,0.4557
Poland,Eastern Europe,2018,121490,"Other forage products, nes",4650.09,10456.6,0.4447
Iceland,Western Europe,2018,121490,"Other forage products, nes",270.63,648.502,0.4173
Malaysia,Southeast Asia,2018,121490,"Other forage products, nes",1921.42,4613.91,0.4164
Sweden,Western Europe,2018,121490,"Other forage products, nes",1511.68,3679.38,0.4109
Mauritius,Sub-Saharan Africa,2018,121490,"Other forage products, nes",169.03,415.405,0.4069
Thailand,Southeast Asia,2018,121490,"Other forage products, nes",1407.96,3559.43,0.3956
Lithuania,Eastern Europe,2018,121490,"Other forage products, nes",1383.18,3504.42,0.3947
Indonesia,Southeast Asia,2018,121490,"Other forage products, nes",2049.1,5453.13,0.3758
Philippines,Southeast Asia,2018,121490,"Other forage products, nes",2563.85,6876.67,0.3728
Austria,Western Europe,2018,121490,"Other forage products, nes",13907.93,38090.6,0.3651
Germany,Western Europe,2018,121490,"Other forage products, nes",27706.51,76764.6,0.3609
Namibia,Sub-Saharan Africa,2018,121490,"Other forage products, nes",218.3,608.325,0.3589
Palestine,Middle East,2018,121490,"Other forage products, nes",273.19,761.288,0.3589
Laos,Southeast Asia,2018,121490,"Other forage products, nes",1.5,4.18,0.3589
Vietnam,Southeast Asia,2018,121490,"Other forage products, nes",3518.58,9805.24,0.3588
France,Western Europe,2018,121490,"Other forage products, nes",11555.98,32203.1,0.3588
Israel,Middle East,2018,121490,"Other forage products, nes",228.0,635.369,0.3588
New Zealand,Oceania,2018,121490,"Other forage products, nes",36.58,101.939,0.3588
Colombia,South America,2018,121490,"Other forage products, nes",82.85,234.55,0.3532
Japan,East Asia,2018,121490,"Other forage products, nes",753643.35,2137560.0,0.3526
United States,North America,2018,121490,"Other forage products, nes",66739.35,198346.0,0.3365
Romania,Eastern Europe,2018,121490,"Other forage products, nes",5063.47,15101.5,0.3353
Kuwait,Middle East,2018,121490,"Other forage products, nes",5609.84,16815.4,0.3336
Bahrain,Middle East,2018,121490,"Other forage products, nes",382.46,1148.63,0.333
Netherlands,Western Europe,2018,121490,"Other forage products, nes",36927.61,113881.0,0.3243
South Korea,East Asia,2018,121490,"Other forage products, nes",337044.68,1057280.0,0.3188
Finland,Western Europe,2018,121490,"Other forage products, nes",991.15,3135.59,0.3161
India,Central Asia,2018,121490,"Other forage products, nes",17.96,57.24,0.3138
China,East Asia,2018,121490,"Other forage products, nes",526195.67,1677580.0,0.3137
Jordan,Middle East,2018,121490,"Other forage products, nes",5829.75,18723.6,0.3114
Kyrgyzstan,Eastern Europe,2018,121490,"Other forage products, nes",5.07,16.3,0.311
Spain,Western Europe,2018,121490,"Other forage products, nes",4761.69,15326.3,0.3107
Qatar,Middle East,2018,121490,"Other forage products, nes",5739.48,18998.4,0.3021
Norway,Western Europe,2018,121490,"Other forage products, nes",26789.21,90209.0,0.297
Iran,Middle East,2018,121490,"Other forage products, nes",3046.01,10391.0,0.2931
Oman,Middle East,2018,121490,"Other forage products, nes",1818.42,6208.21,0.2929
Ecuador,South America,2018,121490,"Other forage products, nes",141.62,491.51,0.2881
Other Asia,Other Asia,2018,121490,"Other forage products, nes",71010.42,250285.0,0.2837
Italy,Western Europe,2018,121490,"Other forage products, nes",5129.68,18263.6,0.2809
Greece,Western Europe,2018,121490,"Other forage products, nes",1162.65,4188.11,0.2776
Switzerland,Western Europe,2018,121490,"Other forage products, nes",77002.97,278007.0,0.277
Estonia,Eastern Europe,2018,121490,"Other forage products, nes",224.24,814.638,0.2753
Malta,Western Europe,2018,121490,"Other forage products, nes",2846.06,10382.9,0.2741
Saudi Arabia,Middle East,2018,121490,"Other forage products, nes",215000.64,789655.0,0.2723
Morocco,North Africa,2018,121490,"Other forage products, nes",1308.99,4881.61,0.2681
Cyprus,Western Europe,2018,121490,"Other forage products, nes",662.13,2522.26,0.2625
Georgia,Eastern Europe,2018,121490,"Other forage products, nes",3.75,14.414,0.2602
Ireland,Western Europe,2018,121490,"Other forage products, nes",9193.63,35395.5,0.2597
Libya,North Africa,2018,121490,"Other forage products, nes",155.23,639.685,0.2427
United Arab Emirates,Middle East,2018,121490,"Other forage products, nes",113245.85,495206.0,0.2287
Canada,North America,2018,121490,"Other forage products, nes",17791.61,82580.0,0.2154
Croatia,Eastern Europe,2018,121490,"Other forage products, nes",361.37,1714.0,0.2108
Lebanon,Middle East,2018,121490,"Other forage products, nes",6036.33,28656.2,0.2106
Bolivia,South America,2018,121490,"Other forage products, nes",79.83,384.834,0.2074
Portugal,Western Europe,2018,121490,"Other forage products, nes",5006.78,24198.4,0.2069
Tunisia,North Africa,2018,121490,"Other forage products, nes",313.12,1517.46,0.2063
Belgium,Western Europe,2018,121490,"Other forage products, nes",8718.7,42778.00491689008,0.2038
Turkey,Eastern Europe,2018,121490,"Other forage products, nes",1834.2,9585.46,0.1914
Belarus,Eastern Europe,2018,121490,"Other forage products, nes",109.6,594.937,0.1842
Uruguay,South America,2018,121490,"Other forage products, nes",16.49,90.0,0.1832
Luxembourg,Western Europe,2018,121490,"Other forage products, nes",2320.18,13293.1,0.1745
Montenegro,Eastern Europe,2018,121490,"Other forage products, nes",155.82,931.095,0.1674
Andorra,Western Europe,2018,121490,"Other forage products, nes",48.64,298.15,0.1631
East Timor,Southeast Asia,2018,121490,"Other forage products, nes",10.6,71.27,0.1487
Liberia,Sub-Saharan Africa,2018,121490,"Other forage products, nes",0.19,1.345,0.1413
Bosnia and Herzegovina,Eastern Europe,2018,121490,"Other forage products, nes",53.01,389.775,0.136
Mongolia,East Asia,2018,121490,"Other forage products, nes",19.42,148.564,0.1307
Ethiopia,Sub-Saharan Africa,2018,121490,"Other forage products, nes",0.15,1.293,0.116
Mali,Sub-Saharan Africa,2018,121490,"Other forage products, nes",68.89,603.966,0.1141
Niger,Sub-Saharan Africa,2018,121490,"Other forage products, nes",2.16,20.25,0.1067
North Macedonia,Eastern Europe,2018,121490,"Other forage products, nes",9.25,88.311,0.1047
Ghana,Sub-Saharan Africa,2018,121490,"Other forage products, nes",0.03,0.3,0.1
Eswatini,Sub-Saharan Africa,2018,121490,"Other forage products, nes",95.12,1039.24,0.0915
Nepal,Central Asia,2018,121490,"Other forage products, nes",0.86,10.4,0.0827
Slovenia,Eastern Europe,2018,121490,"Other forage products, nes",952.79,15195.0,0.0627
Burkina Faso,Sub-Saharan Africa,2018,121490,"Other forage products, nes",0.02,0.85,0.0235
Bermuda,North America,2018,121490,"Other forage products, nes",226.16,11573.2,0.0195
Nicaragua,Central America and Caribbean,2017,121490,"Other forage products, nes",0.0,0.0,
Barbados,Central America and Caribbean,2017,121490,"Other forage products, nes",0.42,0.03,14.0
Myanmar,Southeast Asia,2017,121490,"Other forage products, nes",7.1,0.7,10.1429
Montserrat,Central America and Caribbean,2017,121490,"Other forage products, nes",0.28,0.028,10.0
Kyrgyzstan,Eastern Europe,2017,121490,"Other forage products, nes",0.01,0.001,10.0
Chile,South America,2017,121490,"Other forage products, nes",14.1,1.793,7.8639
Maldives,Central Asia,2017,121490,"Other forage products, nes",13.74,1.878,7.3163
Fiji,Oceania,2017,121490,"Other forage products, nes",0.51,0.093,5.4839
Honduras,Central America and Caribbean,2017,121490,"Other forage products, nes",0.02,0.004,5.0
Bahamas,Central America and Caribbean,2017,121490,"Other forage products, nes",263.26,53.041,4.9633
Pakistan,Central Asia,2017,121490,"Other forage products, nes",13.32,3.5,3.8057
Panama,Central America and Caribbean,2017,121490,"Other forage products, nes",7.48,2.105,3.5534
Gabon,Sub-Saharan Africa,2017,121490,"Other forage products, nes",5.42,1.846,2.9361
Angola,Sub-Saharan Africa,2017,121490,"Other forage products, nes",14.01,5.669,2.4713
Senegal,Sub-Saharan Africa,2017,121490,"Other forage products, nes",13.79,5.752,2.3974
St. Lucia,Central America and Caribbean,2017,121490,"Other forage products, nes",1.21,0.519,2.3314
Kenya,Sub-Saharan Africa,2017,121490,"Other forage products, nes",19.73,9.057,2.1784
Sao Tome and Principe,Sub-Saharan Africa,2017,121490,"Other forage products, nes",0.08,0.038,2.1053
Burundi,Sub-Saharan Africa,2017,121490,"Other forage products, nes",0.01,0.005,2.0
Antigua and Barbuda,Central America and Caribbean,2017,121490,"Other forage products, nes",1.64,0.835,1.9641
North Macedonia,Eastern Europe,2017,121490,"Other forage products, nes",3.14,1.64,1.9146
Cape Verde,Sub-Saharan Africa,2017,121490,"Other forage products, nes",1.36,0.737,1.8453
Georgia,Eastern Europe,2017,121490,"Other forage products, nes",1.43,0.802,1.783
South Africa,Sub-Saharan Africa,2017,121490,"Other forage products, nes",389.28,233.248,1.669
Russia,Eastern Europe,2017,121490,"Other forage products, nes",354.99,224.078,1.5842
"Congo, Rep.",Sub-Saharan Africa,2017,121490,"Other forage products, nes",1.38,0.885,1.5593
United Kingdom,Western Europe,2017,121490,"Other forage products, nes",4693.03,3232.77,1.4517
Algeria,North Africa,2017,121490,"Other forage products, nes",55.61,40.15,1.3851
Uruguay,South America,2017,121490,"Other forage products, nes",5.54,4.0,1.385
Australia,Oceania,2017,121490,"Other forage products, nes",49.31,36.208,1.3619
Bulgaria,Eastern Europe,2017,121490,"Other forage products, nes",571.38,433.053,1.3194
Czech Republic,Eastern Europe,2017,121490,"Other forage products, nes",1287.08,983.165,1.3091
Malawi,Sub-Saharan Africa,2017,121490,"Other forage products, nes",482.67,377.34,1.2791
Tunisia,North Africa,2017,121490,"Other forage products, nes",628.17,509.5,1.2329
Trinidad and Tobago,Central America and Caribbean,2017,121490,"Other forage products, nes",2.03,1.672,1.2141
Cote d'Ivoire,Sub-Saharan Africa,2017,121490,"Other forage products, nes",31.33,27.029,1.1591
Grenada,Central America and Caribbean,2017,121490,"Other forage products, nes",95.45,84.557,1.1288
Ireland,Western Europe,2017,121490,"Other forage products, nes",1454.76,1350.65,1.0771
Brunei,Southeast Asia,2017,121490,"Other forage products, nes",937.65,975.113,0.9616
French Polynesia,Oceania,2017,121490,"Other forage products, nes",62.19,66.175,0.9398
Afghanistan,Central Asia,2017,121490,"Other forage products, nes",1138.12,1294.42,0.8793
Azerbaijan,Eastern Europe,2017,121490,"Other forage products, nes",0.72,0.825,0.8727
Ukraine,Eastern Europe,2017,121490,"Other forage products, nes",12.52,14.644,0.855
European Union,Western Europe,2017,121490,"Other forage products, nes",8762.09,10856.6,0.8071
Mozambique,Sub-Saharan Africa,2017,121490,"Other forage products, nes",18.68,24.957,0.7485
Benin,Sub-Saharan Africa,2017,121490,"Other forage products, nes",0.2,0.268,0.7463
Brazil,South America,2017,121490,"Other forage products, nes",53.17,75.634,0.703
Slovakia,Eastern Europe,2017,121490,"Other forage products, nes",670.44,980.742,0.6836
Sweden,Western Europe,2017,121490,"Other forage products, nes",793.77,1206.69,0.6578
Bermuda,North America,2017,121490,"Other forage products, nes",309.94,471.208,0.6578
India,Central Asia,2017,121490,"Other forage products, nes",7.47,11.58,0.6451
"Congo, Dem. Rep.",Sub-Saharan Africa,2017,121490,"Other forage products, nes",5.74,8.925,0.6431
Dominican Republic,Central America and Caribbean,2017,121490,"Other forage products, nes",74.95,120.862,0.6201
Hong Kong (China),East Asia,2017,121490,"Other forage products, nes",702.72,1189.04,0.591
Latvia,Eastern Europe,2017,121490,"Other forage products, nes",8117.81,14349.1,0.5657
Singapore,Southeast Asia,2017,121490,"Other forage products, nes",1709.92,3043.18,0.5619
Curaçao,Central America and Caribbean,2017,121490,"Other forage products, nes",288.83,520.8,0.5546
Cuba,Central America and Caribbean,2017,121490,"Other forage products, nes",52.28,100.0,0.5228
France,Western Europe,2017,121490,"Other forage products, nes",9198.51,18491.6,0.4974
Iceland,Western Europe,2017,121490,"Other forage products, nes",287.75,584.48,0.4923
Greenland,North America,2017,121490,"Other forage products, nes",109.56,223.751,0.4897
Peru,South America,2017,121490,"Other forage products, nes",107.53,221.731,0.485
Liberia,Sub-Saharan Africa,2017,121490,"Other forage products, nes",7.36,15.431,0.477
Aruba,Central America and Caribbean,2017,121490,"Other forage products, nes",245.67,515.615,0.4765
Guatemala,Central America and Caribbean,2017,121490,"Other forage products, nes",18.79,40.02,0.4695
Kazakhstan,Eastern Europe,2017,121490,"Other forage products, nes",47.49,101.44,0.4682
Mauritania,Sub-Saharan Africa,2017,121490,"Other forage products, nes",4.98,11.0,0.4527
Nepal,Central Asia,2017,121490,"Other forage products, nes",0.09,0.2,0.45
Mauritius,Sub-Saharan Africa,2017,121490,"Other forage products, nes",112.56,254.551,0.4422
Moldova,Eastern Europe,2017,121490,"Other forage products, nes",31.64,71.64,0.4417
Macao (China),East Asia,2017,121490,"Other forage products, nes",136.36,316.172,0.4313
Israel,Middle East,2017,121490,"Other forage products, nes",225.0,524.805,0.4287
Botswana,Sub-Saharan Africa,2017,121490,"Other forage products, nes",114.89,272.36,0.4218
Jamaica,Central America and Caribbean,2017,121490,"Other forage products, nes",16.26,40.038,0.4061
Bahrain,Middle East,2017,121490,"Other forage products, nes",324.11,799.293,0.4055
Malaysia,Southeast Asia,2017,121490,"Other forage products, nes",1812.72,4480.49,0.4046
Palestine,Middle East,2017,121490,"Other forage products, nes",321.06,796.877,0.4029
Vietnam,Southeast Asia,2017,121490,"Other forage products, nes",2253.74,5593.9,0.4029
Laos,Southeast Asia,2017,121490,"Other forage products, nes",125.03,310.338,0.4029
Zambia,Sub-Saharan Africa,2017,121490,"Other forage products, nes",4.86,12.071,0.4026
Saudi Arabia,Middle East,2017,121490,"Other forage products, nes",162312.72,412104.0,0.3939
Thailand,Southeast Asia,2017,121490,"Other forage products, nes",1030.14,2656.81,0.3877
Indonesia,Southeast Asia,2017,121490,"Other forage products, nes",683.96,1803.49,0.3792
Denmark,Western Europe,2017,121490,"Other forage products, nes",3303.55,9136.71,0.3616
Belarus,Eastern Europe,2017,121490,"Other forage products, nes",137.3,380.613,0.3607
Solomon Islands,Oceania,2017,121490,"Other forage products, nes",0.57,1.589,0.3587
New Zealand,Oceania,2017,121490,"Other forage products, nes",93.78,262.806,0.3568
Poland,Eastern Europe,2017,121490,"Other forage products, nes",2484.39,7057.07,0.352
Comoros,Sub-Saharan Africa,2017,121490,"Other forage products, nes",0.07,0.2,0.35
Colombia,South America,2017,121490,"Other forage products, nes",18.7,54.0,0.3463
Estonia,Eastern Europe,2017,121490,"Other forage products, nes",317.53,937.484,0.3387
Japan,East Asia,2017,121490,"Other forage products, nes",713003.4,2121100.0,0.3361
Lithuania,Eastern Europe,2017,121490,"Other forage products, nes",762.19,2301.81,0.3311
Sri Lanka,Central Asia,2017,121490,"Other forage products, nes",16.13,49.724,0.3244
Austria,Western Europe,2017,121490,"Other forage products, nes",7983.1,24657.3,0.3238
Italy,Western Europe,2017,121490,"Other forage products, nes",5185.35,16072.0,0.3226
Philippines,Southeast Asia,2017,121490,"Other forage products, nes",3781.66,11833.2,0.3196
Hungary,Eastern Europe,2017,121490,"Other forage products, nes",564.68,1833.46,0.308
United States,North America,2017,121490,"Other forage products, nes",49312.12,160454.0,0.3073
Jordan,Middle East,2017,121490,"Other forage products, nes",5338.66,17564.7,0.3039
Kuwait,Middle East,2017,121490,"Other forage products, nes",6783.29,22616.9,0.2999
Germany,Western Europe,2017,121490,"Other forage products, nes",16536.85,55895.6,0.2959
South Korea,East Asia,2017,121490,"Other forage products, nes",393324.12,1330860.0,0.2955
Finland,Western Europe,2017,121490,"Other forage products, nes",443.6,1521.94,0.2915
Serbia,Eastern Europe,2017,121490,"Other forage products, nes",48.87,168.193,0.2906
Spain,Western Europe,2017,121490,"Other forage products, nes",3888.14,13533.6,0.2873
Qatar,Middle East,2017,121490,"Other forage products, nes",961.83,3380.05,0.2846
China,East Asia,2017,121490,"Other forage products, nes",515178.76,1818540.0,0.2833
Iran,Middle East,2017,121490,"Other forage products, nes",6895.22,24554.6,0.2808
Greece,Western Europe,2017,121490,"Other forage products, nes",1468.84,5300.54,0.2771
Other Asia,Other Asia,2017,121490,"Other forage products, nes",63187.8,236772.0,0.2669
Belgium,Western Europe,2017,121490,"Other forage products, nes",7059.09,26780.8,0.2636
Norway,Western Europe,2017,121490,"Other forage products, nes",4823.78,18882.6,0.2555
Malta,Western Europe,2017,121490,"Other forage products, nes",3002.43,11776.5,0.255
Romania,Eastern Europe,2017,121490,"Other forage products, nes",3784.21,14947.1,0.2532
United Arab Emirates,Middle East,2017,121490,"Other forage products, nes",119714.35,475989.0,0.2515
Bolivia,South America,2017,121490,"Other forage products, nes",64.74,257.64,0.2513
Turkey,Eastern Europe,2017,121490,"Other forage products, nes",3900.1,15617.7,0.2497
Morocco,North Africa,2017,121490,"Other forage products, nes",1413.78,5773.41,0.2449
Ecuador,South America,2017,121490,"Other forage products, nes",40.4,166.85,0.2421
Lesotho,Sub-Saharan Africa,2017,121490,"Other forage products, nes",60.51,257.247,0.2352
Switzerland,Western Europe,2017,121490,"Other forage products, nes",35911.25,153421.0,0.2341
Cyprus,Western Europe,2017,121490,"Other forage products, nes",1425.89,6097.18,0.2339
Oman,Middle East,2017,121490,"Other forage products, nes",319.59,1442.52,0.2215
Canada,North America,2017,121490,"Other forage products, nes",13587.96,63401.2485497099,0.2143
Namibia,Sub-Saharan Africa,2017,121490,"Other forage products, nes",172.52,821.818,0.2099
Portugal,Western Europe,2017,121490,"Other forage products, nes",2368.39,11722.1,0.202
Montenegro,Eastern Europe,2017,121490,"Other forage products, nes",38.96,198.499,0.1963
Lebanon,Middle East,2017,121490,"Other forage products, nes",6627.81,35706.7,0.1856
Croatia,Eastern Europe,2017,121490,"Other forage products, nes",383.2,2089.81,0.1834
Mongolia,East Asia,2017,121490,"Other forage products, nes",15.6,96.0,0.1625
Mali,Sub-Saharan Africa,2017,121490,"Other forage products, nes",362.19,2363.57,0.1532
Luxembourg,Western Europe,2017,121490,"Other forage products, nes",2071.51,14452.2,0.1433
Andorra,Western Europe,2017,121490,"Other forage products, nes",40.16,287.025,0.1399
Bosnia and Herzegovina,Eastern Europe,2017,121490,"Other forage products, nes",51.16,366.82,0.1395
Argentina,South America,2017,121490,"Other forage products, nes",9.6,71.18,0.1349
Eswatini,Sub-Saharan Africa,2017,121490,"Other forage products, nes",200.79,1788.2,0.1123
Netherlands,Western Europe,2017,121490,"Other forage products, nes",30971.51,313210.0,0.0989
Libya,North Africa,2017,121490,"Other forage products, nes",7.72,95.6,0.0808
Uganda,Sub-Saharan Africa,2017,121490,"Other forage products, nes",0.87,11.374,0.0765
Armenia,Eastern Europe,2017,121490,"Other forage products, nes",5.11,69.576,0.0734
Slovenia,Eastern Europe,2017,121490,"Other forage products, nes",857.67,14482.7,0.0592
Tanzania,Sub-Saharan Africa,2017,121490,"Other forage products, nes",0.24,6.0,0.04
Costa Rica,Central America and Caribbean,2016,121490,"Other forage products, nes",0.22,0.004,55.0
India,Central Asia,2016,121490,"Other forage products, nes",210.78,9.882,21.3297
St. Lucia,Central America and Caribbean,2016,121490,"Other forage products, nes",0.03,0.003,10.0
Ethiopia,Sub-Saharan Africa,2016,121490,"Other forage products, nes",0.01,0.001,10.0
Maldives,Central Asia,2016,121490,"Other forage products, nes",24.07,3.522,6.8342
Chile,South America,2016,121490,"Other forage products, nes",15.11,2.619,5.7694
Bahamas,Central America and Caribbean,2016,121490,"Other forage products, nes",253.42,55.316,4.5813
Seychelles,Sub-Saharan Africa,2016,121490,"Other forage products, nes",0.08,0.02,4.0
Senegal,Sub-Saharan Africa,2016,121490,"Other forage products, nes",0.66,0.197,3.3503
"Congo, Rep.",Sub-Saharan Africa,2016,121490,"Other forage products, nes",0.65,0.213,3.0516
Tanzania,Sub-Saharan Africa,2016,121490,"Other forage products, nes",0.03,0.01,3.0
Cote d'Ivoire,Sub-Saharan Africa,2016,121490,"Other forage products, nes",0.08,0.028,2.8571
Myanmar,Southeast Asia,2016,121490,"Other forage products, nes",10.87,3.908,2.7815
Honduras,Central America and Caribbean,2016,121490,"Other forage products, nes",0.83,0.299,2.7759
"Congo, Dem. Rep.",Sub-Saharan Africa,2016,121490,"Other forage products, nes",1.62,0.65,2.4923
Barbados,Central America and Caribbean,2016,121490,"Other forage products, nes",0.55,0.223,2.4664
Guinea-Bissau,Sub-Saharan Africa,2016,121490,"Other forage products, nes",0.12,0.05,2.4
Panama,Central America and Caribbean,2016,121490,"Other forage products, nes",12.46,5.23,2.3824
Peru,South America,2016,121490,"Other forage products, nes",13.63,5.847,2.3311
Niger,Sub-Saharan Africa,2016,121490,"Other forage products, nes",2.18,0.945,2.3069
Kenya,Sub-Saharan Africa,2016,121490,"Other forage products, nes",18.32,8.015,2.2857
Gabon,Sub-Saharan Africa,2016,121490,"Other forage products, nes",0.05,0.022,2.2727
Fiji,Oceania,2016,121490,"Other forage products, nes",1.06,0.509,2.0825
Angola,Sub-Saharan Africa,2016,121490,"Other forage products, nes",22.99,11.926,1.9277
Antigua and Barbuda,Central America and Caribbean,2016,121490,"Other forage products, nes",1.31,0.694,1.8876
Sudan,Sub-Saharan Africa,2016,121490,"Other forage products, nes",0.19,0.101,1.8812
Belarus,Eastern Europe,2016,121490,"Other forage products, nes",33.0,19.382,1.7026
Russia,Eastern Europe,2016,121490,"Other forage products, nes",304.56,186.741,1.6309
North Macedonia,Eastern Europe,2016,121490,"Other forage products, nes",2.36,1.46,1.6164
Sao Tome and Principe,Sub-Saharan Africa,2016,121490,"Other forage products, nes",0.15,0.098,1.5306
Azerbaijan,Eastern Europe,2016,121490,"Other forage products, nes",3.28,2.521,1.3011
Trinidad and Tobago,Central America and Caribbean,2016,121490,"Other forage products, nes",1.09,0.838,1.3007
Georgia,Eastern Europe,2016,121490,"Other forage products, nes",0.93,0.72,1.2917
South Africa,Sub-Saharan Africa,2016,121490,"Other forage products, nes",149.64,116.489,1.2846
Cape Verde,Sub-Saharan Africa,2016,121490,"Other forage products, nes",1.72,1.34,1.2836
Tunisia,North Africa,2016,121490,"Other forage products, nes",332.79,264.007,1.2605
Australia,Oceania,2016,121490,"Other forage products, nes",125.78,99.931,1.2587
Sweden,Western Europe,2016,121490,"Other forage products, nes",831.5,670.826,1.2395
Cameroon,Sub-Saharan Africa,2016,121490,"Other forage products, nes",0.21,0.17,1.2353
Czech Republic,Eastern Europe,2016,121490,"Other forage products, nes",1572.48,1308.05,1.2022
United Kingdom,Western Europe,2016,121490,"Other forage products, nes",5232.52,4663.56,1.122
Armenia,Eastern Europe,2016,121490,"Other forage products, nes",21.95,20.023,1.0962
Malawi,Sub-Saharan Africa,2016,121490,"Other forage products, nes",195.74,191.16,1.024
Bermuda,North America,2016,121490,"Other forage products, nes",399.73,391.806,1.0202
Afghanistan,Central Asia,2016,121490,"Other forage products, nes",986.54,967.195,1.02
Grenada,Central America and Caribbean,2016,121490,"Other forage products, nes",117.49,116.891,1.0051
Slovakia,Eastern Europe,2016,121490,"Other forage products, nes",694.25,705.192,0.9845
Bulgaria,Eastern Europe,2016,121490,"Other forage products, nes",718.59,745.787,0.9635
Ireland,Western Europe,2016,121490,"Other forage products, nes",1972.93,2052.96,0.961
French Polynesia,Oceania,2016,121490,"Other forage products, nes",44.75,49.552,0.9031
Brazil,South America,2016,121490,"Other forage products, nes",49.04,64.475,0.7606
European Union,Western Europe,2016,121490,"Other forage products, nes",8679.3,11925.9,0.7278
Ukraine,Eastern Europe,2016,121490,"Other forage products, nes",7.42,10.63,0.698
Singapore,Southeast Asia,2016,121490,"Other forage products, nes",1510.06,2320.891929186564,0.6506
Brunei,Southeast Asia,2016,121490,"Other forage products, nes",32.97,51.279,0.643
Aruba,Central America and Caribbean,2016,121490,"Other forage products, nes",344.17,553.896,0.6214
Kazakhstan,Eastern Europe,2016,121490,"Other forage products, nes",102.32,167.587,0.6105
Dominican Republic,Central America and Caribbean,2016,121490,"Other forage products, nes",27.68,47.101,0.5877
Hungary,Eastern Europe,2016,121490,"Other forage products, nes",646.77,1186.83,0.545
Hong Kong (China),East Asia,2016,121490,"Other forage products, nes",933.19,1819.18,0.513
Cuba,Central America and Caribbean,2016,121490,"Other forage products, nes",109.95,217.8,0.5048
Greenland,North America,2016,121490,"Other forage products, nes",26.34,53.514,0.4922
Serbia,Eastern Europe,2016,121490,"Other forage products, nes",146.42,301.983,0.4849
Mauritius,Sub-Saharan Africa,2016,121490,"Other forage products, nes",90.61,186.976,0.4846
Saudi Arabia,Middle East,2016,121490,"Other forage products, nes",84912.37,177350.0,0.4788
Moldova,Eastern Europe,2016,121490,"Other forage products, nes",31.34,66.879,0.4686
Guinea,Sub-Saharan Africa,2016,121490,"Other forage products, nes",0.49,1.05,0.4667
El Salvador,Central America and Caribbean,2016,121490,"Other forage products, nes",9.3,20.0,0.465
Israel,Middle East,2016,121490,"Other forage products, nes",91.0,210.623,0.4321
Qatar,Middle East,2016,121490,"Other forage products, nes",590.16,1368.02,0.4314
Thailand,Southeast Asia,2016,121490,"Other forage products, nes",911.54,2198.78,0.4146
Malaysia,Southeast Asia,2016,121490,"Other forage products, nes",1775.7,4317.69,0.4113
Italy,Western Europe,2016,121490,"Other forage products, nes",3111.9,7691.43,0.4046
Bahrain,Middle East,2016,121490,"Other forage products, nes",477.89,1202.833,0.3973
Austria,Western Europe,2016,121490,"Other forage products, nes",7094.3,17913.8,0.396
Romania,Eastern Europe,2016,121490,"Other forage products, nes",3948.7,10107.9,0.3907
Lesotho,Sub-Saharan Africa,2016,121490,"Other forage products, nes",1116.11,2934.012887322293,0.3804
Lithuania,Eastern Europe,2016,121490,"Other forage products, nes",932.1,2459.63,0.379
Iceland,Western Europe,2016,121490,"Other forage products, nes",176.52,476.678,0.3703
France,Western Europe,2016,121490,"Other forage products, nes",6521.77,17615.5,0.3702
Algeria,North Africa,2016,121490,"Other forage products, nes",45.44,123.48,0.368
Philippines,Southeast Asia,2016,121490,"Other forage products, nes",2323.73,6540.33,0.3553
Laos,Southeast Asia,2016,121490,"Other forage products, nes",455.37,1309.25,0.3478
Palestine,Middle East,2016,121490,"Other forage products, nes",342.42,984.516,0.3478
Sri Lanka,Central Asia,2016,121490,"Other forage products, nes",48.88,140.543,0.3478
Belgium,Western Europe,2016,121490,"Other forage products, nes",6383.28,18452.6,0.3459
Nigeria,Sub-Saharan Africa,2016,121490,"Other forage products, nes",0.36,1.044,0.3448
Zambia,Sub-Saharan Africa,2016,121490,"Other forage products, nes",10.57,30.798,0.3432
New Zealand,Oceania,2016,121490,"Other forage products, nes",738.23,2151.2,0.3432
Vietnam,Southeast Asia,2016,121490,"Other forage products, nes",2270.07,6615.01,0.3432
China,East Asia,2016,121490,"Other forage products, nes",523117.22,1524370.0,0.3432
Madagascar,Sub-Saharan Africa,2016,121490,"Other forage products, nes",21.99,66.08,0.3328
Latvia,Eastern Europe,2016,121490,"Other forage products, nes",3751.61,11276.9,0.3327
Estonia,Eastern Europe,2016,121490,"Other forage products, nes",233.95,714.602,0.3274
Kuwait,Middle East,2016,121490,"Other forage products, nes",5534.57,17017.0,0.3252
Japan,East Asia,2016,121490,"Other forage products, nes",642930.41,1989880.0,0.3231
Luxembourg,Western Europe,2016,121490,"Other forage products, nes",1703.2,5287.62,0.3221
Indonesia,Southeast Asia,2016,121490,"Other forage products, nes",1399.88,4355.6,0.3214
Finland,Western Europe,2016,121490,"Other forage products, nes",553.74,1783.3,0.3105
United States,North America,2016,121490,"Other forage products, nes",46551.04,155246.0,0.2999
Denmark,Western Europe,2016,121490,"Other forage products, nes",3172.51,10828.6,0.293
Iran,Middle East,2016,121490,"Other forage products, nes",7244.16,24886.7,0.2911
Jordan,Middle East,2016,121490,"Other forage products, nes",3957.91,13751.8,0.2878
United Arab Emirates,Middle East,2016,121490,"Other forage products, nes",148450.17,527783.0,0.2813
Netherlands,Western Europe,2016,121490,"Other forage products, nes",28829.36,102658.0,0.2808
Norway,Western Europe,2016,121490,"Other forage products, nes",3128.19,11190.0,0.2796
Germany,Western Europe,2016,121490,"Other forage products, nes",9405.69,33667.4,0.2794
South Korea,East Asia,2016,121490,"Other forage products, nes",284666.89,1031450.0,0.276
Guatemala,Central America and Caribbean,2016,121490,"Other forage products, nes",11.7,43.362,0.2698
Spain,Western Europe,2016,121490,"Other forage products, nes",7731.2,28674.6,0.2696
Other Asia,Other Asia,2016,121490,"Other forage products, nes",58241.61,219616.0,0.2652
Mozambique,Sub-Saharan Africa,2016,121490,"Other forage products, nes",9.49,36.465,0.2602
Morocco,North Africa,2016,121490,"Other forage products, nes",844.58,3356.81,0.2516
Greece,Western Europe,2016,121490,"Other forage products, nes",1546.73,6153.6,0.2514
Uruguay,South America,2016,121490,"Other forage products, nes",34.77,139.16,0.2499
Cyprus,Western Europe,2016,121490,"Other forage products, nes",592.61,2385.31,0.2484
Malta,Western Europe,2016,121490,"Other forage products, nes",3294.99,13313.0,0.2475
Nepal,Central Asia,2016,121490,"Other forage products, nes",0.18,0.75,0.24
Switzerland,Western Europe,2016,121490,"Other forage products, nes",40171.79,168426.0,0.2385
Bolivia,South America,2016,121490,"Other forage products, nes",268.2,1134.64,0.2364
Canada,North America,2016,121490,"Other forage products, nes",12846.14,60144.0,0.2136
Lebanon,Middle East,2016,121490,"Other forage products, nes",4850.83,22873.2,0.2121
Mongolia,East Asia,2016,121490,"Other forage products, nes",5.43,25.75,0.2109
Poland,Eastern Europe,2016,121490,"Other forage products, nes",2619.09,12648.3,0.2071
Turkey,Eastern Europe,2016,121490,"Other forage products, nes",521.75,2558.4,0.2039
Montenegro,Eastern Europe,2016,121490,"Other forage products, nes",21.34,108.603,0.1965
Ecuador,South America,2016,121490,"Other forage products, nes",26.6,135.39,0.1965
Croatia,Eastern Europe,2016,121490,"Other forage products, nes",346.31,1830.3,0.1892
Portugal,Western Europe,2016,121490,"Other forage products, nes",2404.25,13189.8,0.1823
Albania,Eastern Europe,2016,121490,"Other forage products, nes",142.33,918.015,0.155
Andorra,Western Europe,2016,121490,"Other forage products, nes",48.92,320.672,0.1526
Botswana,Sub-Saharan Africa,2016,121490,"Other forage products, nes",476.53,3244.65,0.1469
Mali,Sub-Saharan Africa,2016,121490,"Other forage products, nes",129.85,959.382,0.1353
Mauritania,Sub-Saharan Africa,2016,121490,"Other forage products, nes",2.27,17.0,0.1335
Namibia,Sub-Saharan Africa,2016,121490,"Other forage products, nes",59.88,473.294,0.1265
Libya,North Africa,2016,121490,"Other forage products, nes",139.32,1320.93,0.1055
Bosnia and Herzegovina,Eastern Europe,2016,121490,"Other forage products, nes",17.16,162.753,0.1054
Eswatini,Sub-Saharan Africa,2016,121490,"Other forage products, nes",519.06,5179.46,0.1002
Benin,Sub-Saharan Africa,2016,121490,"Other forage products, nes",0.01,0.1,0.1
Oman,Middle East,2016,121490,"Other forage products, nes",1404.14,17709.9,0.0793
Zimbabwe,Sub-Saharan Africa,2016,121490,"Other forage products, nes",0.79,11.001,0.0718
Slovenia,Eastern Europe,2016,121490,"Other forage products, nes",327.8,5153.14,0.0636
Uganda,Sub-Saharan Africa,2016,121490,"Other forage products, nes",1.0,28.525,0.0351
Japan,East Asia,2015,121490,"Other forage products, nes",731633.47,1999250.0,0.366
China,East Asia,2015,121490,"Other forage products, nes",521225.77,1364180.0,0.3821
South Korea,East Asia,2015,121490,"Other forage products, nes",315912.97,973332.0,0.3246
United Arab Emirates,Middle East,2015,121490,"Other forage products, nes",171810.85,577886.0,0.2973
United States,North America,2015,121490,"Other forage products, nes",57826.22,210133.0,0.2752
Other Asia,Other Asia,2015,121490,"Other forage products, nes",57085.03,196567.0,0.2904
Switzerland,Western Europe,2015,121490,"Other forage products, nes",42593.39,178028.0,0.2393
Netherlands,Western Europe,2015,121490,"Other forage products, nes",36654.67,114513.0,0.3201
Saudi Arabia,Middle East,2015,121490,"Other forage products, nes",23477.69,69213.3,0.3392
Canada,North America,2015,121490,"Other forage products, nes",12236.15,57269.0,0.2137
European Union,Western Europe,2015,121490,"Other forage products, nes",12175.79,17308.4,0.7035
Germany,Western Europe,2015,121490,"Other forage products, nes",12068.61,44560.7,0.2708
Austria,Western Europe,2015,121490,"Other forage products, nes",8447.65,25727.9,0.3283
Kuwait,Middle East,2015,121490,"Other forage products, nes",7523.9,23178.4,0.3246
Lebanon,Middle East,2015,121490,"Other forage products, nes",7430.72,33562.7,0.2214
Spain,Western Europe,2015,121490,"Other forage products, nes",7050.95,25118.5,0.2807
Romania,Eastern Europe,2015,121490,"Other forage products, nes",7045.19,18152.9,0.3881
Vietnam,Southeast Asia,2015,121490,"Other forage products, nes",6549.19,16205.5,0.4041
Belgium,Western Europe,2015,121490,"Other forage products, nes",6015.12,17801.7,0.3379
France,Western Europe,2015,121490,"Other forage products, nes",5812.59,16960.3,0.3427
United Kingdom,Western Europe,2015,121490,"Other forage products, nes",5360.98,5854.78,0.9157
Italy,Western Europe,2015,121490,"Other forage products, nes",4598.11,15165.7,0.3032
Norway,Western Europe,2015,121490,"Other forage products, nes",3699.33,12593.6,0.2937
Latvia,Eastern Europe,2015,121490,"Other forage products, nes",2921.59,12370.8,0.2362
Portugal,Western Europe,2015,121490,"Other forage products, nes",2847.99,14928.6,0.1908
Philippines,Southeast Asia,2015,121490,"Other forage products, nes",2560.22,5349.44,0.4786
Ireland,Western Europe,2015,121490,"Other forage products, nes",2516.46,2620.03,0.9605
Jordan,Middle East,2015,121490,"Other forage products, nes",2451.24,7136.5,0.3435
Denmark,Western Europe,2015,121490,"Other forage products, nes",2396.66,5999.28,0.3995
Indonesia,Southeast Asia,2015,121490,"Other forage products, nes",2237.49,5709.77,0.3919
Czech Republic,Eastern Europe,2015,121490,"Other forage products, nes",2165.16,1595.96,1.3567
Poland,Eastern Europe,2015,121490,"Other forage products, nes",2077.93,3486.67,0.596
Malta,Western Europe,2015,121490,"Other forage products, nes",1770.8,6482.39,0.2732
Luxembourg,Western Europe,2015,121490,"Other forage products, nes",1746.83,6090.61,0.2868
Malaysia,Southeast Asia,2015,121490,"Other forage products, nes",1696.6,3650.99,0.4647
Bulgaria,Eastern Europe,2015,121490,"Other forage products, nes",1530.69,6845.32,0.2236
Singapore,Southeast Asia,2015,121490,"Other forage products, nes",1360.67,2581.41,0.5271
Oman,Middle East,2015,121490,"Other forage products, nes",1271.08,14525.2,0.0875
Slovenia,Eastern Europe,2015,121490,"Other forage products, nes",1266.13,28616.1,0.0442
Malawi,Sub-Saharan Africa,2015,121490,"Other forage products, nes",1160.42,1436.68,0.8077
Lithuania,Eastern Europe,2015,121490,"Other forage products, nes",1063.99,5361.92,0.1984
Lesotho,Sub-Saharan Africa,2015,121490,"Other forage products, nes",1003.59,2598.46,0.3862
Greece,Western Europe,2015,121490,"Other forage products, nes",848.15,4149.76,0.2044
Thailand,Southeast Asia,2015,121490,"Other forage products, nes",838.59,1902.44,0.4408
Hong Kong (China),East Asia,2015,121490,"Other forage products, nes",779.67,1475.84,0.5283
Bahrain,Middle East,2015,121490,"Other forage products, nes",718.92,1673.2,0.4297
Sweden,Western Europe,2015,121490,"Other forage products, nes",671.35,784.233,0.8561
Hungary,Eastern Europe,2015,121490,"Other forage products, nes",584.15,2207.38,0.2646
Turkey,Eastern Europe,2015,121490,"Other forage products, nes",581.39,2833.64,0.2052
Palestine,Middle East,2015,121490,"Other forage products, nes",547.69,1355.22,0.4041
Slovakia,Eastern Europe,2015,121490,"Other forage products, nes",544.38,340.855,1.5971
Moldova,Eastern Europe,2015,121490,"Other forage products, nes",525.39,2043.33,0.2571
Botswana,Sub-Saharan Africa,2015,121490,"Other forage products, nes",519.48,1628.78,0.3189
Finland,Western Europe,2015,121490,"Other forage products, nes",503.64,714.213,0.7052
Bermuda,North America,2015,121490,"Other forage products, nes",460.16,366.688,1.2549
Cyprus,Western Europe,2015,121490,"Other forage products, nes",398.7,1603.41,0.2487
Qatar,Middle East,2015,121490,"Other forage products, nes",388.15,727.912,0.5332
Russia,Eastern Europe,2015,121490,"Other forage products, nes",355.96,210.344,1.6923
Afghanistan,Central Asia,2015,121490,"Other forage products, nes",306.21,306.202,1.0
Australia,Oceania,2015,121490,"Other forage products, nes",279.69,206.165,1.3566
Aruba,Central America and Caribbean,2015,121490,"Other forage products, nes",270.97,402.712,0.6729
South Africa,Sub-Saharan Africa,2015,121490,"Other forage products, nes",262.19,143.264,1.8301
New Zealand,Oceania,2015,121490,"Other forage products, nes",259.51,708.748,0.3662
Mauritius,Sub-Saharan Africa,2015,121490,"Other forage products, nes",240.29,328.571,0.7313
Estonia,Eastern Europe,2015,121490,"Other forage products, nes",208.02,1011.41,0.2057
Israel,Middle East,2015,121490,"Other forage products, nes",186.0,331.818,0.5605
Bahamas,Central America and Caribbean,2015,121490,"Other forage products, nes",171.43,46.318,3.7012
Croatia,Eastern Europe,2015,121490,"Other forage products, nes",166.33,666.931,0.2494
India,Central Asia,2015,121490,"Other forage products, nes",151.56,7.466,20.3
Argentina,South America,2015,121490,"Other forage products, nes",145.87,44.244,3.2969
Laos,Southeast Asia,2015,121490,"Other forage products, nes",145.6,360.284,0.4041
Costa Rica,Central America and Caribbean,2015,121490,"Other forage products, nes",144.71,1099.37,0.1316
Iceland,Western Europe,2015,121490,"Other forage products, nes",144.53,341.783,0.4229
Eswatini,Sub-Saharan Africa,2015,121490,"Other forage products, nes",137.6,1608.06,0.0856
Grenada,Central America and Caribbean,2015,121490,"Other forage products, nes",108.16,106.983,1.011
Namibia,Sub-Saharan Africa,2015,121490,"Other forage products, nes",82.78,61.234,1.3519
Tunisia,North Africa,2015,121490,"Other forage products, nes",75.51,247.865,0.3046
Bolivia,South America,2015,121490,"Other forage products, nes",70.25,31.134,2.2564
Ukraine,Eastern Europe,2015,121490,"Other forage products, nes",67.04,95.112,0.7049
Jamaica,Central America and Caribbean,2015,121490,"Other forage products, nes",66.3,106.518,0.6224
Angola,Sub-Saharan Africa,2015,121490,"Other forage products, nes",49.47,34.392,1.4384
Andorra,Western Europe,2015,121490,"Other forage products, nes",49.16,333.398,0.1475
French Polynesia,Oceania,2015,121490,"Other forage products, nes",46.22,51.001,0.9063
Algeria,North Africa,2015,121490,"Other forage products, nes",43.5,166.904,0.2606
Bosnia and Herzegovina,Eastern Europe,2015,121490,"Other forage products, nes",43.04,378.788,0.1136
Belarus,Eastern Europe,2015,121490,"Other forage products, nes",40.7,1585.6,0.0257
Greenland,North America,2015,121490,"Other forage products, nes",39.09,92.612,0.4221
Brazil,South America,2015,121490,"Other forage products, nes",37.22,0.306,121.634
Guatemala,Central America and Caribbean,2015,121490,"Other forage products, nes",34.75,282.712,0.1229
Egypt,North Africa,2015,121490,"Other forage products, nes",34.45,94.097,0.3661
Serbia,Eastern Europe,2015,121490,"Other forage products, nes",34.02,41.614,0.8175
Ecuador,South America,2015,121490,"Other forage products, nes",31.25,15.752,1.9839
Maldives,Central Asia,2015,121490,"Other forage products, nes",24.82,3.255,7.6252
Chile,South America,2015,121490,"Other forage products, nes",24.17,23.665,1.0213
Mauritania,Sub-Saharan Africa,2015,121490,"Other forage products, nes",23.07,6.598,3.4965
Uruguay,South America,2015,121490,"Other forage products, nes",22.65,12.588,1.7993
Kazakhstan,Eastern Europe,2015,121490,"Other forage products, nes",22.6,3.304,6.8402
Dominican Republic,Central America and Caribbean,2015,121490,"Other forage products, nes",21.04,18.187,1.1569
Morocco,North Africa,2015,121490,"Other forage products, nes",19.8,62.307,0.3178
Peru,South America,2015,121490,"Other forage products, nes",18.87,6.532,2.8889
Kenya,Sub-Saharan Africa,2015,121490,"Other forage products, nes",18.67,7.319,2.5509
Montenegro,Eastern Europe,2015,121490,"Other forage products, nes",15.61,76.721,0.2035
Myanmar,Southeast Asia,2015,121490,"Other forage products, nes",14.86,41.595,0.3573
Kyrgyzstan,Eastern Europe,2015,121490,"Other forage products, nes",14.7,69.966,0.2101
Albania,Eastern Europe,2015,121490,"Other forage products, nes",14.67,14.282,1.0272
Azerbaijan,Eastern Europe,2015,121490,"Other forage products, nes",13.89,14.432,0.9624
Zambia,Sub-Saharan Africa,2015,121490,"Other forage products, nes",12.36,3.377,3.6601
Mozambique,Sub-Saharan Africa,2015,121490,"Other forage products, nes",11.99,15.938,0.7523
Madagascar,Sub-Saharan Africa,2015,121490,"Other forage products, nes",10.75,11.875,0.9053
Panama,Central America and Caribbean,2015,121490,"Other forage products, nes",10.45,2.502,4.1767
Palau,Oceania,2015,121490,"Other forage products, nes",8.65,17.689,0.489
Antigua and Barbuda,Central America and Caribbean,2015,121490,"Other forage products, nes",8.65,13.495,0.641
Ghana,Sub-Saharan Africa,2015,121490,"Other forage products, nes",7.78,0.194,40.1031
Gambia,Sub-Saharan Africa,2015,121490,"Other forage products, nes",7.04,15.225,0.4624
Brunei,Southeast Asia,2015,121490,"Other forage products, nes",6.57,0.922,7.1258
Senegal,Sub-Saharan Africa,2015,121490,"Other forage products, nes",6.31,24.041,0.2625
St. Lucia,Central America and Caribbean,2015,121490,"Other forage products, nes",3.5,8.328,0.4203
Mongolia,East Asia,2015,121490,"Other forage products, nes",3.32,4.554,0.729
El Salvador,Central America and Caribbean,2015,121490,"Other forage products, nes",3.08,19.958,0.1543
Ethiopia,Sub-Saharan Africa,2015,121490,"Other forage products, nes",3.03,0.324,9.3519
Gabon,Sub-Saharan Africa,2015,121490,"Other forage products, nes",2.57,0.858,2.9953
Zimbabwe,Sub-Saharan Africa,2015,121490,"Other forage products, nes",2.35,25.992,0.0904
Cape Verde,Sub-Saharan Africa,2015,121490,"Other forage products, nes",2.11,2.775,0.7604
North Macedonia,Eastern Europe,2015,121490,"Other forage products, nes",1.83,1.224,1.4951
Georgia,Eastern Europe,2015,121490,"Other forage products, nes",1.8,1.134,1.5873
Nicaragua,Central America and Caribbean,2015,121490,"Other forage products, nes",1.77,0.597,2.9648
Paraguay,South America,2015,121490,"Other forage products, nes",1.44,1.914,0.7524
Yemen,Middle East,2015,121490,"Other forage products, nes",1.42,0.129,11.0078
Fiji,Oceania,2015,121490,"Other forage products, nes",1.15,0.332,3.4639
Cameroon,Sub-Saharan Africa,2015,121490,"Other forage products, nes",0.87,0.381,2.2835
Sudan,Sub-Saharan Africa,2015,121490,"Other forage products, nes",0.6,0.2,3.0
Sao Tome and Principe,Sub-Saharan Africa,2015,121490,"Other forage products, nes",0.46,0.626,0.7348
Trinidad and Tobago,Central America and Caribbean,2015,121490,"Other forage products, nes",0.39,0.07,5.5714
Belize,Central America and Caribbean,2015,121490,"Other forage products, nes",0.32,0.749,0.4272
Barbados,Central America and Caribbean,2015,121490,"Other forage products, nes",0.3,0.113,2.6549
Benin,Sub-Saharan Africa,2015,121490,"Other forage products, nes",0.25,0.006,41.6667
"Congo, Dem. Rep.",Sub-Saharan Africa,2015,121490,"Other forage products, nes",0.11,0.259,0.4247
Guinea-Bissau,Sub-Saharan Africa,2015,121490,"Other forage products, nes",0.07,0.258,0.2713
New Caledonia,Oceania,2015,121490,"Other forage products, nes",0.04,0.002,20.0
Cote d'Ivoire,Sub-Saharan Africa,2015,121490,"Other forage products, nes",0.02,0.014,1.4286
Bangladesh,Central Asia,2015,121490,"Other forage products, nes",0.01,0.001,10.0
Japan,East Asia,2014,121490,"Other forage products, nes",785797.13,2042580.0,0.3847
China,East Asia,2014,121490,"Other forage products, nes",383009.86,1004950.0,0.3811
South Korea,East Asia,2014,121490,"Other forage products, nes",326182.12,970878.0,0.336
United Arab Emirates,Middle East,2014,121490,"Other forage products, nes",219278.4,677513.0,0.3237
United States,North America,2014,121490,"Other forage products, nes",71011.38,166430.0,0.4267
Other Asia,Other Asia,2014,121490,"Other forage products, nes",52654.24,178868.0,0.2944
Switzerland,Western Europe,2014,121490,"Other forage products, nes",47361.64,172173.0,0.2751
Netherlands,Western Europe,2014,121490,"Other forage products, nes",37628.49,118488.0,0.3176
Saudi Arabia,Middle East,2014,121490,"Other forage products, nes",32625.35,150828.0,0.2163
European Union,Western Europe,2014,121490,"Other forage products, nes",22236.14,45012.7,0.494
Germany,Western Europe,2014,121490,"Other forage products, nes",17030.32,46662.6,0.365
Austria,Western Europe,2014,121490,"Other forage products, nes",10473.11,33560.2,0.3121
France,Western Europe,2014,121490,"Other forage products, nes",10190.13,24173.8,0.4215
Norway,Western Europe,2014,121490,"Other forage products, nes",7799.58,22454.6,0.3473
Canada,North America,2014,121490,"Other forage products, nes",7415.28,24562.8,0.3019
Belgium,Western Europe,2014,121490,"Other forage products, nes",7365.09,19693.2,0.374
Italy,Western Europe,2014,121490,"Other forage products, nes",6975.97,24189.8,0.2884
Romania,Eastern Europe,2014,121490,"Other forage products, nes",6611.68,12891.0,0.5129
Spain,Western Europe,2014,121490,"Other forage products, nes",5814.76,16879.165545770567,0.3445
United Kingdom,Western Europe,2014,121490,"Other forage products, nes",5733.44,8672.37,0.6611
Vietnam,Southeast Asia,2014,121490,"Other forage products, nes",5550.56,13008.9,0.4267
Lebanon,Middle East,2014,121490,"Other forage products, nes",5284.65,19725.1,0.2679
Jordan,Middle East,2014,121490,"Other forage products, nes",5143.31,14263.3,0.3606
Kuwait,Middle East,2014,121490,"Other forage products, nes",4968.2,12881.8,0.3857
Portugal,Western Europe,2014,121490,"Other forage products, nes",4232.79,18730.0,0.226
Slovenia,Eastern Europe,2014,121490,"Other forage products, nes",3774.04,69354.6,0.0544
Ireland,Western Europe,2014,121490,"Other forage products, nes",3500.13,2348.38,1.4904
Philippines,Southeast Asia,2014,121490,"Other forage products, nes",3476.73,7168.53,0.485
Denmark,Western Europe,2014,121490,"Other forage products, nes",2883.19,5671.85,0.5083
Latvia,Eastern Europe,2014,121490,"Other forage products, nes",2795.74,13838.1,0.202
Luxembourg,Western Europe,2014,121490,"Other forage products, nes",2473.43,6057.16,0.4083
Malta,Western Europe,2014,121490,"Other forage products, nes",2286.83,7173.59,0.3188
Turkey,Eastern Europe,2014,121490,"Other forage products, nes",2215.68,5926.7,0.3738
Malawi,Sub-Saharan Africa,2014,121490,"Other forage products, nes",2042.94,879.336,2.3233
Indonesia,Southeast Asia,2014,121490,"Other forage products, nes",1705.84,4164.65,0.4096
Poland,Eastern Europe,2014,121490,"Other forage products, nes",1379.3,2175.6,0.634
Greece,Western Europe,2014,121490,"Other forage products, nes",1271.77,4243.2,0.2997
Sweden,Western Europe,2014,121490,"Other forage products, nes",1263.34,1209.25,1.0447
Czech Republic,Eastern Europe,2014,121490,"Other forage products, nes",1229.54,2625.74,0.4683
Malaysia,Southeast Asia,2014,121490,"Other forage products, nes",1173.69,2454.97,0.4781
Singapore,Southeast Asia,2014,121490,"Other forage products, nes",1146.32,2195.23,0.5222
Bulgaria,Eastern Europe,2014,121490,"Other forage products, nes",968.2,1931.1,0.5014
Lithuania,Eastern Europe,2014,121490,"Other forage products, nes",945.27,1608.53,0.5877
Hong Kong (China),East Asia,2014,121490,"Other forage products, nes",919.28,1460.63,0.6294
Thailand,Southeast Asia,2014,121490,"Other forage products, nes",873.15,1847.5,0.4726
Cyprus,Western Europe,2014,121490,"Other forage products, nes",802.37,3421.67,0.2345
Oman,Middle East,2014,121490,"Other forage products, nes",698.81,7218.88,0.0968
Russia,Eastern Europe,2014,121490,"Other forage products, nes",663.71,285.998,2.3207
Algeria,North Africa,2014,121490,"Other forage products, nes",576.58,2023.17,0.285
Palestine,Middle East,2014,121490,"Other forage products, nes",476.92,1117.77,0.4267
Bahamas,Central America and Caribbean,2014,121490,"Other forage products, nes",471.57,97.138,4.8546
Qatar,Middle East,2014,121490,"Other forage products, nes",412.22,867.053,0.4754
Hungary,Eastern Europe,2014,121490,"Other forage products, nes",410.09,1290.28,0.3178
Bermuda,North America,2014,121490,"Other forage products, nes",407.8,252.407,1.6156
Slovakia,Eastern Europe,2014,121490,"Other forage products, nes",359.16,191.886,1.8717
Croatia,Eastern Europe,2014,121490,"Other forage products, nes",325.12,634.923,0.5121
Bahrain,Middle East,2014,121490,"Other forage products, nes",317.53,588.426,0.5396
Aruba,Central America and Caribbean,2014,121490,"Other forage products, nes",301.86,421.797,0.7157
Finland,Western Europe,2014,121490,"Other forage products, nes",290.53,517.428,0.5615
India,Central Asia,2014,121490,"Other forage products, nes",245.09,37.373,6.5579
Serbia,Eastern Europe,2014,121490,"Other forage products, nes",237.76,342.08,0.695
Australia,Oceania,2014,121490,"Other forage products, nes",224.03,77.526,2.8897
Iceland,Western Europe,2014,121490,"Other forage products, nes",213.2,445.897,0.4781
Estonia,Eastern Europe,2014,121490,"Other forage products, nes",206.02,429.016,0.4802
New Zealand,Oceania,2014,121490,"Other forage products, nes",177.05,437.478,0.4047
Laos,Southeast Asia,2014,121490,"Other forage products, nes",159.0,372.643,0.4267
Costa Rica,Central America and Caribbean,2014,121490,"Other forage products, nes",152.1,858.0,0.1773
Macao (China),East Asia,2014,121490,"Other forage products, nes",142.28,297.259,0.4786
Israel,Middle East,2014,121490,"Other forage products, nes",131.0,248.741,0.5267
Grenada,Central America and Caribbean,2014,121490,"Other forage products, nes",114.68,87.846,1.3055
Brazil,South America,2014,121490,"Other forage products, nes",100.43,478.879,0.2097
Mauritius,Sub-Saharan Africa,2014,121490,"Other forage products, nes",84.96,167.074,0.5085
Bosnia and Herzegovina,Eastern Europe,2014,121490,"Other forage products, nes",84.79,495.168,0.1712
Botswana,Sub-Saharan Africa,2014,121490,"Other forage products, nes",80.9,405.397,0.1996
Namibia,Sub-Saharan Africa,2014,121490,"Other forage products, nes",73.04,633.799,0.1152
Andorra,Western Europe,2014,121490,"Other forage products, nes",63.28,368.952,0.1715
Georgia,Eastern Europe,2014,121490,"Other forage products, nes",62.72,150.12,0.4178
French Polynesia,Oceania,2014,121490,"Other forage products, nes",60.36,67.269,0.8973
New Caledonia,Oceania,2014,121490,"Other forage products, nes",51.25,43.237,1.1853
Guatemala,Central America and Caribbean,2014,121490,"Other forage products, nes",49.19,474.419,0.1037
Albania,Eastern Europe,2014,121490,"Other forage products, nes",46.94,347.93,0.1349
South Africa,Sub-Saharan Africa,2014,121490,"Other forage products, nes",45.5,73.4727,0.6193
Ethiopia,Sub-Saharan Africa,2014,121490,"Other forage products, nes",39.74,6.2845,6.3235
Myanmar,Southeast Asia,2014,121490,"Other forage products, nes",36.19,66.0,0.5483
Dominican Republic,Central America and Caribbean,2014,121490,"Other forage products, nes",35.83,43.430800000000005,0.825
Belarus,Eastern Europe,2014,121490,"Other forage products, nes",34.6,28.953,1.195
Bolivia,South America,2014,121490,"Other forage products, nes",34.39,146.0,0.2355
Trinidad and Tobago,Central America and Caribbean,2014,121490,"Other forage products, nes",33.54,23.719,1.4141
Eswatini,Sub-Saharan Africa,2014,121490,"Other forage products, nes",33.36,344.8,0.0968
Ukraine,Eastern Europe,2014,121490,"Other forage products, nes",30.82,33.663,0.9155
Angola,Sub-Saharan Africa,2014,121490,"Other forage products, nes",27.37,17.95,1.5248
Antigua and Barbuda,Central America and Caribbean,2014,121490,"Other forage products, nes",23.66,22.246,1.0636
Kazakhstan,Eastern Europe,2014,121490,"Other forage products, nes",22.48,29.215,0.7695
Montenegro,Eastern Europe,2014,121490,"Other forage products, nes",22.14,80.976,0.2734
Mongolia,East Asia,2014,121490,"Other forage products, nes",17.3,37.12,0.4661
North Macedonia,Eastern Europe,2014,121490,"Other forage products, nes",15.57,36.318,0.4287
Morocco,North Africa,2014,121490,"Other forage products, nes",15.12,45.68,0.331
Maldives,Central Asia,2014,121490,"Other forage products, nes",14.12,1.445,9.7716
Panama,Central America and Caribbean,2014,121490,"Other forage products, nes",12.22,2.77,4.4116
Ecuador,South America,2014,121490,"Other forage products, nes",11.26,54.79,0.2055
Greenland,North America,2014,121490,"Other forage products, nes",10.94,18.575,0.589
Lesotho,Sub-Saharan Africa,2014,121490,"Other forage products, nes",10.86,21.724,0.4999
Mozambique,Sub-Saharan Africa,2014,121490,"Other forage products, nes",8.91,22.654,0.3933
Egypt,North Africa,2014,121490,"Other forage products, nes",7.67,25.0,0.3068
St. Lucia,Central America and Caribbean,2014,121490,"Other forage products, nes",6.69,9.148,0.7313
Gambia,Sub-Saharan Africa,2014,121490,"Other forage products, nes",6.66,30.2,0.2205
Peru,South America,2014,121490,"Other forage products, nes",6.19,2.31603,2.6727
Mauritania,Sub-Saharan Africa,2014,121490,"Other forage products, nes",5.95,16.1,0.3696
Brunei,Southeast Asia,2014,121490,"Other forage products, nes",4.69,16.0,0.2931
Palau,Oceania,2014,121490,"Other forage products, nes",3.81,0.116,32.8448
Pakistan,Central Asia,2014,121490,"Other forage products, nes",3.56,11.638,0.3059
Moldova,Eastern Europe,2014,121490,"Other forage products, nes",3.42,11.353,0.3012
Comoros,Sub-Saharan Africa,2014,121490,"Other forage products, nes",3.01,0.5,6.02
Zambia,Sub-Saharan Africa,2014,121490,"Other forage products, nes",2.96,7.30978,0.4049
Tunisia,North Africa,2014,121490,"Other forage products, nes",2.9,12.3,0.2358
Nepal,Central Asia,2014,121490,"Other forage products, nes",2.87,15.05,0.1907
Benin,Sub-Saharan Africa,2014,121490,"Other forage products, nes",1.92,0.049,39.1837
Cameroon,Sub-Saharan Africa,2014,121490,"Other forage products, nes",1.55,0.651,2.381
Fiji,Oceania,2014,121490,"Other forage products, nes",1.45,3.336,0.4347
Uganda,Sub-Saharan Africa,2014,121490,"Other forage products, nes",1.39,17.337,0.0802
Azerbaijan,Eastern Europe,2014,121490,"Other forage products, nes",1.06,1.188,0.8923
Jamaica,Central America and Caribbean,2014,121490,"Other forage products, nes",1.01,0.10872,9.2899
Sao Tome and Principe,Sub-Saharan Africa,2014,121490,"Other forage products, nes",0.87,0.826,1.0533
Cape Verde,Sub-Saharan Africa,2014,121490,"Other forage products, nes",0.67,0.5,1.34
Chile,South America,2014,121490,"Other forage products, nes",0.56,0.0663308,8.4425
Sudan,Sub-Saharan Africa,2014,121490,"Other forage products, nes",0.52,0.185,2.8108
Honduras,Central America and Caribbean,2014,121490,"Other forage products, nes",0.38,0.012,31.6667
Barbados,Central America and Caribbean,2014,121490,"Other forage products, nes",0.31,0.081,3.8272
Yemen,Middle East,2014,121490,"Other forage products, nes",0.31,0.102,3.0392
Cote d'Ivoire,Sub-Saharan Africa,2014,121490,"Other forage products, nes",0.26,0.139,1.8705
Guyana,South America,2014,121490,"Other forage products, nes",0.25,0.234,1.0684
Nigeria,Sub-Saharan Africa,2014,121490,"Other forage products, nes",0.14,0.339,0.413
Senegal,Sub-Saharan Africa,2014,121490,"Other forage products, nes",0.1,0.051,1.9608
Burundi,Sub-Saharan Africa,2014,121490,"Other forage products, nes",0.09,0.035,2.5714
St. Vincent and the Grenadines,Central America and Caribbean,2014,121490,"Other forage products, nes",0.02,0.00133,15.0376
Rwanda,Sub-Saharan Africa,2014,121490,"Other forage products, nes",0.0,0.0,
Nicaragua,Central America and Caribbean,2014,121490,"Other forage products, nes",0.0,0.0,
Japan,East Asia,2013,121490,"Other forage products, nes",927631.01,2222260.0,0.4174
South Korea,East Asia,2013,121490,"Other forage products, nes",378883.36,1042800.0,0.3633
China,East Asia,2013,121490,"Other forage products, nes",296332.42,798222.0,0.3712
United Arab Emirates,Middle East,2013,121490,"Other forage products, nes",287573.58,764948.0,0.3759
Saudi Arabia,Middle East,2013,121490,"Other forage products, nes",94828.65,232407.0,0.408
United States,North America,2013,121490,"Other forage products, nes",76558.69,285782.0,0.2679
Other Asia,Other Asia,2013,121490,"Other forage products, nes",54458.88,185783.0,0.2931
Switzerland,Western Europe,2013,121490,"Other forage products, nes",42782.57,164595.0,0.2599
Netherlands,Western Europe,2013,121490,"Other forage products, nes",38943.28,194048.0,0.2007
Germany,Western Europe,2013,121490,"Other forage products, nes",19846.26,38905.9,0.5101
European Union,Western Europe,2013,121490,"Other forage products, nes",13482.46,21049.3,0.6405
Austria,Western Europe,2013,121490,"Other forage products, nes",12541.12,46365.8,0.2705
Romania,Eastern Europe,2013,121490,"Other forage products, nes",10847.21,21266.3,0.5101
Norway,Western Europe,2013,121490,"Other forage products, nes",9639.18,27529.3,0.3501
Canada,North America,2013,121490,"Other forage products, nes",8704.71,31096.4,0.2799
Italy,Western Europe,2013,121490,"Other forage products, nes",8275.9,25269.3,0.3275
Vietnam,Southeast Asia,2013,121490,"Other forage products, nes",7338.67,18023.2,0.4072
France,Western Europe,2013,121490,"Other forage products, nes",7295.06,16128.0,0.4523
Belgium,Western Europe,2013,121490,"Other forage products, nes",6854.21,19876.8,0.3448
Kuwait,Middle East,2013,121490,"Other forage products, nes",6093.15,12320.2,0.4946
Turkey,Eastern Europe,2013,121490,"Other forage products, nes",5323.48,14895.2,0.3574
Portugal,Western Europe,2013,121490,"Other forage products, nes",5167.38,20032.2,0.258
Ireland,Western Europe,2013,121490,"Other forage products, nes",4808.38,5768.03,0.8336
Jordan,Middle East,2013,121490,"Other forage products, nes",4712.79,12224.5,0.3855
United Kingdom,Western Europe,2013,121490,"Other forage products, nes",3935.87,5379.09,0.7317
Poland,Eastern Europe,2013,121490,"Other forage products, nes",3814.34,5699.81,0.6692
Malta,Western Europe,2013,121490,"Other forage products, nes",2800.86,8247.57,0.3396
Philippines,Southeast Asia,2013,121490,"Other forage products, nes",2637.52,5170.26,0.5101
Denmark,Western Europe,2013,121490,"Other forage products, nes",2586.19,5447.69,0.4747
Latvia,Eastern Europe,2013,121490,"Other forage products, nes",2372.67,19133.2,0.124
Spain,Western Europe,2013,121490,"Other forage products, nes",2097.31,6202.65,0.3381
Slovenia,Eastern Europe,2013,121490,"Other forage products, nes",1713.84,40516.0,0.0423
Lebanon,Middle East,2013,121490,"Other forage products, nes",1594.08,4080.55,0.3907
Luxembourg,Western Europe,2013,121490,"Other forage products, nes",1570.85,2878.18,0.5458
Singapore,Southeast Asia,2013,121490,"Other forage products, nes",1036.41,1994.96,0.5195
Greece,Western Europe,2013,121490,"Other forage products, nes",987.22,2719.59,0.363
Malaysia,Southeast Asia,2013,121490,"Other forage products, nes",986.67,1865.51,0.5289
Sweden,Western Europe,2013,121490,"Other forage products, nes",975.43,1157.1,0.843
Bahrain,Middle East,2013,121490,"Other forage products, nes",949.35,1662.6,0.571
Australia,Oceania,2013,121490,"Other forage products, nes",939.53,185.355,5.0688
Hong Kong (China),East Asia,2013,121490,"Other forage products, nes",915.93,1639.0,0.5588
Indonesia,Southeast Asia,2013,121490,"Other forage products, nes",912.77,2345.77,0.3891
Russia,Eastern Europe,2013,121490,"Other forage products, nes",822.43,320.176,2.5687
Bulgaria,Eastern Europe,2013,121490,"Other forage products, nes",760.04,1254.9,0.6057
Czech Republic,Eastern Europe,2013,121490,"Other forage products, nes",738.85,1384.29,0.5337
Hungary,Eastern Europe,2013,121490,"Other forage products, nes",654.43,1249.69,0.5237
Thailand,Southeast Asia,2013,121490,"Other forage products, nes",646.76,1374.65,0.4705
Qatar,Middle East,2013,121490,"Other forage products, nes",616.19,1029.11,0.5988
Lithuania,Eastern Europe,2013,121490,"Other forage products, nes",577.4,1342.03,0.4302
Slovakia,Eastern Europe,2013,121490,"Other forage products, nes",448.59,343.46915462360596,1.3061
Finland,Western Europe,2013,121490,"Other forage products, nes",435.91,1124.74,0.3876
Oman,Middle East,2013,121490,"Other forage products, nes",420.57,2608.45,0.1612
Bermuda,North America,2013,121490,"Other forage products, nes",388.73,304.73,1.2757
Mexico,North America,2013,121490,"Other forage products, nes",374.95,174.628,2.1471
Croatia,Eastern Europe,2013,121490,"Other forage products, nes",348.73,18396.2,0.019
Namibia,Sub-Saharan Africa,2013,121490,"Other forage products, nes",321.97,1631.5,0.1973
Estonia,Eastern Europe,2013,121490,"Other forage products, nes",294.28,630.089,0.467
Bahamas,Central America and Caribbean,2013,121490,"Other forage products, nes",274.28,55.687,4.9254
Aruba,Central America and Caribbean,2013,121490,"Other forage products, nes",263.29,392.12,0.6715
Palestine,Middle East,2013,121490,"Other forage products, nes",257.42,632.211,0.4072
India,Central Asia,2013,121490,"Other forage products, nes",218.07,13.132,16.606
Albania,Eastern Europe,2013,121490,"Other forage products, nes",213.18,1003.88,0.2124
Iceland,Western Europe,2013,121490,"Other forage products, nes",179.94,375.676,0.479
Serbia,Eastern Europe,2013,121490,"Other forage products, nes",163.58,282.604,0.5788
Algeria,North Africa,2013,121490,"Other forage products, nes",149.12,362.322,0.4116
Brazil,South America,2013,121490,"Other forage products, nes",129.57,399.945,0.324
Israel,Middle East,2013,121490,"Other forage products, nes",127.0,429.73,0.2955
Grenada,Central America and Caribbean,2013,121490,"Other forage products, nes",123.57,117.708,1.0498
Ukraine,Eastern Europe,2013,121490,"Other forage products, nes",116.49,244.494,0.4765
Costa Rica,Central America and Caribbean,2013,121490,"Other forage products, nes",114.22,577.969,0.1976
South Africa,Sub-Saharan Africa,2013,121490,"Other forage products, nes",110.19,319.039,0.3454
Mauritius,Sub-Saharan Africa,2013,121490,"Other forage products, nes",101.01,183.363,0.5509
Belarus,Eastern Europe,2013,121490,"Other forage products, nes",99.8,45.024,2.2166
Botswana,Sub-Saharan Africa,2013,121490,"Other forage products, nes",98.64,363.91,0.2711
Andorra,Western Europe,2013,121490,"Other forage products, nes",92.15,524.422,0.1757
Venezuela,South America,2013,121490,"Other forage products, nes",67.83,98.05,0.6918
Guatemala,Central America and Caribbean,2013,121490,"Other forage products, nes",64.14,335.517,0.1912
New Zealand,Oceania,2013,121490,"Other forage products, nes",50.81,123.211,0.4124
Egypt,North Africa,2013,121490,"Other forage products, nes",42.85,28.76,1.4899
Panama,Central America and Caribbean,2013,121490,"Other forage products, nes",42.08,18.716,2.2483
Mongolia,East Asia,2013,121490,"Other forage products, nes",41.96,109.622,0.3828
Dominican Republic,Central America and Caribbean,2013,121490,"Other forage products, nes",41.83,102.718,0.4072
Montenegro,Eastern Europe,2013,121490,"Other forage products, nes",41.44,131.048,0.3162
Bosnia and Herzegovina,Eastern Europe,2013,121490,"Other forage products, nes",28.02,276.966,0.1012
Trinidad and Tobago,Central America and Caribbean,2013,121490,"Other forage products, nes",27.5,27.459,1.0015
New Caledonia,Oceania,2013,121490,"Other forage products, nes",25.38,10.023,2.5322
Chile,South America,2013,121490,"Other forage products, nes",24.39,3.03627,8.0329
North Macedonia,Eastern Europe,2013,121490,"Other forage products, nes",23.42,83.014,0.2821
Morocco,North Africa,2013,121490,"Other forage products, nes",21.2,50.363,0.4209
Kenya,Sub-Saharan Africa,2013,121490,"Other forage products, nes",18.47,7.823,2.361
Bolivia,South America,2013,121490,"Other forage products, nes",18.24,72.0,0.2533
Eswatini,Sub-Saharan Africa,2013,121490,"Other forage products, nes",17.14,169.37,0.1012
Maldives,Central Asia,2013,121490,"Other forage products, nes",16.11,1.787,9.0151
Kazakhstan,Eastern Europe,2013,121490,"Other forage products, nes",15.97,30.028,0.5318
Lesotho,Sub-Saharan Africa,2013,121490,"Other forage products, nes",13.92,34.6226,0.402
Zambia,Sub-Saharan Africa,2013,121490,"Other forage products, nes",12.85,31.1659,0.4123
Mozambique,Sub-Saharan Africa,2013,121490,"Other forage products, nes",11.82,26.405,0.4476
Nepal,Central Asia,2013,121490,"Other forage products, nes",7.62,43.6,0.1748
Gambia,Sub-Saharan Africa,2013,121490,"Other forage products, nes",7.59,35.26,0.2153
St. Kitts and Nevis,Central America and Caribbean,2013,121490,"Other forage products, nes",6.85,5.611,1.2208
Angola,Sub-Saharan Africa,2013,121490,"Other forage products, nes",6.79,2.818,2.4095
Mauritania,Sub-Saharan Africa,2013,121490,"Other forage products, nes",6.46,42.05,0.1536
Peru,South America,2013,121490,"Other forage products, nes",6.05,2.3374699999999997,2.5883
Sudan,Sub-Saharan Africa,2013,121490,"Other forage products, nes",5.0,1.0,5.0
Cape Verde,Sub-Saharan Africa,2013,121490,"Other forage products, nes",4.15,5.967,0.6955
Tunisia,North Africa,2013,121490,"Other forage products, nes",3.94,14.0,0.2814
Laos,Southeast Asia,2013,121490,"Other forage products, nes",3.91,9.603,0.4072
Myanmar,Southeast Asia,2013,121490,"Other forage products, nes",3.3,8.105,0.4072
Antigua and Barbuda,Central America and Caribbean,2013,121490,"Other forage products, nes",3.01,1.599,1.8824
Greenland,North America,2013,121490,"Other forage products, nes",2.98,2.078,1.4341
St. Lucia,Central America and Caribbean,2013,121490,"Other forage products, nes",2.44,8.993,0.2713
Moldova,Eastern Europe,2013,121490,"Other forage products, nes",2.34,10.041,0.233
El Salvador,Central America and Caribbean,2013,121490,"Other forage products, nes",1.64,13.1543,0.1247
Pakistan,Central Asia,2013,121490,"Other forage products, nes",1.56,16.0,0.0975
Cyprus,Western Europe,2013,121490,"Other forage products, nes",1.4,0.249,5.6225
Senegal,Sub-Saharan Africa,2013,121490,"Other forage products, nes",1.1,0.028,39.2857
Georgia,Eastern Europe,2013,121490,"Other forage products, nes",1.03,0.6,1.7167
French Polynesia,Oceania,2013,121490,"Other forage products, nes",0.9,0.151,5.9603
Sao Tome and Principe,Sub-Saharan Africa,2013,121490,"Other forage products, nes",0.74,0.707,1.0467
Fiji,Oceania,2013,121490,"Other forage products, nes",0.6,1.757,0.3415
Uganda,Sub-Saharan Africa,2013,121490,"Other forage products, nes",0.51,21.61,0.0236
Azerbaijan,Eastern Europe,2013,121490,"Other forage products, nes",0.45,0.48,0.9375
Benin,Sub-Saharan Africa,2013,121490,"Other forage products, nes",0.4,0.65,0.6154
Tanzania,Sub-Saharan Africa,2013,121490,"Other forage products, nes",0.38,12.21,0.0311
Belize,Central America and Caribbean,2013,121490,"Other forage products, nes",0.38,0.015,25.3333
Zimbabwe,Sub-Saharan Africa,2013,121490,"Other forage products, nes",0.34,0.01,34.0
Barbados,Central America and Caribbean,2013,121490,"Other forage products, nes",0.26,0.117,2.2222
Cote d'Ivoire,Sub-Saharan Africa,2013,121490,"Other forage products, nes",0.22,0.181,1.2155
Ethiopia,Sub-Saharan Africa,2013,121490,"Other forage products, nes",0.21,0.047189999999999996,4.4501
Jamaica,Central America and Caribbean,2013,121490,"Other forage products, nes",0.2,0.055,3.6364
Rwanda,Sub-Saharan Africa,2013,121490,"Other forage products, nes",0.14,1.61,0.087
Palau,Oceania,2013,121490,"Other forage products, nes",0.14,0.343,0.4082
Sri Lanka,Central Asia,2013,121490,"Other forage products, nes",0.12,0.299,0.4013
"Congo, Rep.",Sub-Saharan Africa,2013,121490,"Other forage products, nes",0.12,0.04,3.0
St. Vincent and the Grenadines,Central America and Caribbean,2013,121490,"Other forage products, nes",0.04,0.02419,1.6536
Ghana,Sub-Saharan Africa,2013,121490,"Other forage products, nes",0.01,0.006,1.6667
Japan,East Asia,2012,121490,"Other forage products, nes",1001457.1,2347790.0,0.4266
South Korea,East Asia,2012,121490,"Other forage products, nes",345747.32,1022560.0,0.3381
United Arab Emirates,Middle East,2012,121490,"Other forage products, nes",274050.15,740287.0,0.3702
China,East Asia,2012,121490,"Other forage products, nes",180372.21,460245.0,0.3919
Saudi Arabia,Middle East,2012,121490,"Other forage products, nes",75548.36,211708.0,0.3569
United States,North America,2012,121490,"Other forage products, nes",73563.36,298933.0,0.2461
Other Asia,Other Asia,2012,121490,"Other forage products, nes",47552.38,175987.0,0.2702
Switzerland,Western Europe,2012,121490,"Other forage products, nes",35412.42,125942.0,0.2812
Netherlands,Western Europe,2012,121490,"Other forage products, nes",34638.54,142187.0,0.2436
European Union,Western Europe,2012,121490,"Other forage products, nes",19184.88,39425.4,0.4866
Germany,Western Europe,2012,121490,"Other forage products, nes",17275.31,32785.5,0.5269
Austria,Western Europe,2012,121490,"Other forage products, nes",11663.34,41297.4,0.2824
Canada,North America,2012,121490,"Other forage products, nes",9034.53,34485.7,0.262
Norway,Western Europe,2012,121490,"Other forage products, nes",9005.34,26579.6,0.3388
Romania,Eastern Europe,2012,121490,"Other forage products, nes",8742.68,17683.2,0.4944
France,Western Europe,2012,121490,"Other forage products, nes",8372.16,23101.6,0.3624
Belgium,Western Europe,2012,121490,"Other forage products, nes",7115.41,20017.4,0.3555
Poland,Eastern Europe,2012,121490,"Other forage products, nes",7016.02,13733.9,0.5109
Italy,Western Europe,2012,121490,"Other forage products, nes",6577.09,20087.9,0.3274
Vietnam,Southeast Asia,2012,121490,"Other forage products, nes",6425.05,17252.81192709443,0.3724
Portugal,Western Europe,2012,121490,"Other forage products, nes",6363.42,21730.4,0.2928
United Kingdom,Western Europe,2012,121490,"Other forage products, nes",5089.43,7972.83,0.6383
Jordan,Middle East,2012,121490,"Other forage products, nes",3866.0,10259.8,0.3768
Spain,Western Europe,2012,121490,"Other forage products, nes",3535.57,9106.51,0.3882
Ireland,Western Europe,2012,121490,"Other forage products, nes",3505.08,2832.64,1.2374
Lebanon,Middle East,2012,121490,"Other forage products, nes",3113.54,10682.9,0.2915
Slovenia,Eastern Europe,2012,121490,"Other forage products, nes",2732.7,63537.0,0.043
Denmark,Western Europe,2012,121490,"Other forage products, nes",2441.12,5128.14,0.476
Malta,Western Europe,2012,121490,"Other forage products, nes",2393.78,7280.85,0.3288
Philippines,Southeast Asia,2012,121490,"Other forage products, nes",2354.7,5925.28,0.3974
Turkey,Eastern Europe,2012,121490,"Other forage products, nes",2222.79,6425.61,0.3459
New Zealand,Oceania,2012,121490,"Other forage products, nes",1991.1,4998.46,0.3983
Mexico,North America,2012,121490,"Other forage products, nes",1898.88,6675.19,0.2845
Luxembourg,Western Europe,2012,121490,"Other forage products, nes",1817.26,2103.38,0.864
Morocco,North Africa,2012,121490,"Other forage products, nes",1688.56,4702.02,0.3591
Greece,Western Europe,2012,121490,"Other forage products, nes",1125.0,3675.78,0.3061
Lithuania,Eastern Europe,2012,121490,"Other forage products, nes",1101.52,2314.03,0.476
Latvia,Eastern Europe,2012,121490,"Other forage products, nes",1072.54,1939.84,0.5529
Qatar,Middle East,2012,121490,"Other forage products, nes",1033.71,1876.0445778936494,0.551
Malaysia,Southeast Asia,2012,121490,"Other forage products, nes",930.84,1990.4,0.4677
Bahrain,Middle East,2012,121490,"Other forage products, nes",800.49,1370.1,0.5843
Singapore,Southeast Asia,2012,121490,"Other forage products, nes",760.9,1415.0,0.5377
Sweden,Western Europe,2012,121490,"Other forage products, nes",702.88,637.987,1.1017
Russia,Eastern Europe,2012,121490,"Other forage products, nes",676.49,286.754,2.3591
Hong Kong (China),East Asia,2012,121490,"Other forage products, nes",626.96,994.122,0.6307
Australia,Oceania,2012,121490,"Other forage products, nes",586.41,264.623,2.216
Thailand,Southeast Asia,2012,121490,"Other forage products, nes",563.33,1087.34,0.5181
Finland,Western Europe,2012,121490,"Other forage products, nes",453.71,1157.7,0.3919
Bermuda,North America,2012,121490,"Other forage products, nes",401.87,740.5144626231234,0.5427
Czech Republic,Eastern Europe,2012,121490,"Other forage products, nes",331.96,505.839,0.6563
Hungary,Eastern Europe,2012,121490,"Other forage products, nes",326.79,298.124,1.0962
Indonesia,Southeast Asia,2012,121490,"Other forage products, nes",309.32,521.924,0.5927
Croatia,Eastern Europe,2012,121490,"Other forage products, nes",267.31,921.743,0.29
Slovakia,Eastern Europe,2012,121490,"Other forage products, nes",245.54,122.984,1.9965
Aruba,Central America and Caribbean,2012,121490,"Other forage products, nes",233.68,366.562,0.6375
Montenegro,Eastern Europe,2012,121490,"Other forage products, nes",214.19,634.283,0.3377
Palestine,Middle East,2012,121490,"Other forage products, nes",208.0,503.014,0.4135
Estonia,Eastern Europe,2012,121490,"Other forage products, nes",178.32,606.198,0.2942
Macao (China),East Asia,2012,121490,"Other forage products, nes",178.03,343.096,0.5189
Israel,Middle East,2012,121490,"Other forage products, nes",178.0,618.0,0.288
Brazil,South America,2012,121490,"Other forage products, nes",140.49,474.192,0.2963
Bulgaria,Eastern Europe,2012,121490,"Other forage products, nes",129.46,111.066,1.1656
Costa Rica,Central America and Caribbean,2012,121490,"Other forage products, nes",126.57,733.178,0.1726
India,Central Asia,2012,121490,"Other forage products, nes",120.19,64.078,1.8757
Andorra,Western Europe,2012,121490,"Other forage products, nes",119.26,629.502,0.1895
South Africa,Sub-Saharan Africa,2012,121490,"Other forage products, nes",109.46,86.3725,1.2673
Mauritius,Sub-Saharan Africa,2012,121490,"Other forage products, nes",92.43,141.63,0.6526
Botswana,Sub-Saharan Africa,2012,121490,"Other forage products, nes",84.34,325.756,0.2589
Grenada,Central America and Caribbean,2012,121490,"Other forage products, nes",81.98,58.321,1.4057
Algeria,North Africa,2012,121490,"Other forage products, nes",71.26,207.68,0.3431
Papua New Guinea,Oceania,2012,121490,"Other forage products, nes",62.57,5.042,12.4098
Oman,Middle East,2012,121490,"Other forage products, nes",59.27,94.026,0.6304
Mozambique,Sub-Saharan Africa,2012,121490,"Other forage products, nes",58.2,9.642,6.0361
Cyprus,Western Europe,2012,121490,"Other forage products, nes",48.6,75.74,0.6417
Bahamas,Central America and Caribbean,2012,121490,"Other forage products, nes",48.49,10.063,4.8186
Iceland,Western Europe,2012,121490,"Other forage products, nes",42.53,75.747,0.5615
Eswatini,Sub-Saharan Africa,2012,121490,"Other forage products, nes",38.33,203.909,0.188
Venezuela,South America,2012,121490,"Other forage products, nes",37.22,42.394,0.878
Panama,Central America and Caribbean,2012,121490,"Other forage products, nes",34.7,14.318,2.4235
Belarus,Eastern Europe,2012,121490,"Other forage products, nes",34.6,37.283,0.928
Guatemala,Central America and Caribbean,2012,121490,"Other forage products, nes",33.73,70.051,0.4815
Greenland,North America,2012,121490,"Other forage products, nes",31.6,38.535,0.82
Turks and Caicos Isl.,Central America and Caribbean,2012,121490,"Other forage products, nes",31.39,95.115,0.33
Serbia,Eastern Europe,2012,121490,"Other forage products, nes",30.11,65.809,0.4575
New Caledonia,Oceania,2012,121490,"Other forage products, nes",27.12,21.47,1.2632
Gabon,Sub-Saharan Africa,2012,121490,"Other forage products, nes",25.3,8.374,3.0213
Kazakhstan,Eastern Europe,2012,121490,"Other forage products, nes",22.9,18.908,1.2111
Albania,Eastern Europe,2012,121490,"Other forage products, nes",22.48,153.896,0.1461
Ukraine,Eastern Europe,2012,121490,"Other forage products, nes",20.57,30.476,0.675
North Macedonia,Eastern Europe,2012,121490,"Other forage products, nes",20.09,36.646,0.5482
Ecuador,South America,2012,121490,"Other forage products, nes",19.85,2.687,7.3874
Bosnia and Herzegovina,Eastern Europe,2012,121490,"Other forage products, nes",18.45,103.514,0.1782
Lesotho,Sub-Saharan Africa,2012,121490,"Other forage products, nes",18.37,59.4764,0.3089
Azerbaijan,Eastern Europe,2012,121490,"Other forage products, nes",16.47,64.114,0.2569
Uruguay,South America,2012,121490,"Other forage products, nes",15.56,80.033,0.1944
Dominican Republic,Central America and Caribbean,2012,121490,"Other forage products, nes",14.73,36.166,0.4073
Namibia,Sub-Saharan Africa,2012,121490,"Other forage products, nes",13.15,56.382,0.2332
French Polynesia,Oceania,2012,121490,"Other forage products, nes",11.06,12.149,0.9104
Nepal,Central Asia,2012,121490,"Other forage products, nes",10.57,58.328,0.1812
Burundi,Sub-Saharan Africa,2012,121490,"Other forage products, nes",10.41,23.22,0.4483
Brunei,Southeast Asia,2012,121490,"Other forage products, nes",8.51,20.581,0.4135
Barbados,Central America and Caribbean,2012,121490,"Other forage products, nes",6.49,8.272,0.7846
Cape Verde,Sub-Saharan Africa,2012,121490,"Other forage products, nes",5.6,7.429,0.7538
Angola,Sub-Saharan Africa,2012,121490,"Other forage products, nes",5.51,1.574,3.5006
Maldives,Central Asia,2012,121490,"Other forage products, nes",4.8,0.559,8.5868
Moldova,Eastern Europe,2012,121490,"Other forage products, nes",4.74,5.092,0.9309
Egypt,North Africa,2012,121490,"Other forage products, nes",4.7,11.364,0.4136
Tunisia,North Africa,2012,121490,"Other forage products, nes",3.99,14.0,0.285
Zambia,Sub-Saharan Africa,2012,121490,"Other forage products, nes",3.82,9.58193,0.3987
Peru,South America,2012,121490,"Other forage products, nes",3.68,1.60565,2.2919
Mauritania,Sub-Saharan Africa,2012,121490,"Other forage products, nes",3.53,22.25,0.1587
Sri Lanka,Central Asia,2012,121490,"Other forage products, nes",3.52,2.7,1.3037
Trinidad and Tobago,Central America and Caribbean,2012,121490,"Other forage products, nes",3.28,4.209,0.7793
Antigua and Barbuda,Central America and Caribbean,2012,121490,"Other forage products, nes",3.02,1.329,2.2724
Uganda,Sub-Saharan Africa,2012,121490,"Other forage products, nes",2.37,19.676,0.1205
Georgia,Eastern Europe,2012,121490,"Other forage products, nes",1.43,0.217,6.5899
Cameroon,Sub-Saharan Africa,2012,121490,"Other forage products, nes",1.27,0.411,3.09
Laos,Southeast Asia,2012,121490,"Other forage products, nes",1.2,2.947,0.4072
Tanzania,Sub-Saharan Africa,2012,121490,"Other forage products, nes",0.81,14.0,0.0579
Pakistan,Central Asia,2012,121490,"Other forage products, nes",0.79,24.03,0.0329
Benin,Sub-Saharan Africa,2012,121490,"Other forage products, nes",0.78,4.14,0.1884
Niger,Sub-Saharan Africa,2012,121490,"Other forage products, nes",0.77,0.469,1.6418
Cote d'Ivoire,Sub-Saharan Africa,2012,121490,"Other forage products, nes",0.61,0.532,1.1466
Burkina Faso,Sub-Saharan Africa,2012,121490,"Other forage products, nes",0.48,15.31,0.0314
Sao Tome and Principe,Sub-Saharan Africa,2012,121490,"Other forage products, nes",0.44,0.7,0.6286
"Congo, Rep.",Sub-Saharan Africa,2012,121490,"Other forage products, nes",0.43,0.149,2.8859
Fiji,Oceania,2012,121490,"Other forage products, nes",0.38,0.114,3.3333
Ethiopia,Sub-Saharan Africa,2012,121490,"Other forage products, nes",0.37,0.045,8.2222
Bhutan,Central Asia,2012,121490,"Other forage products, nes",0.27,1.5,0.18
Honduras,Central America and Caribbean,2012,121490,"Other forage products, nes",0.24,0.313,0.7668
Cambodia,Southeast Asia,2012,121490,"Other forage products, nes",0.21,0.05,4.2
Jamaica,Central America and Caribbean,2012,121490,"Other forage products, nes",0.16,0.028,5.7143
Nicaragua,Central America and Caribbean,2012,121490,"Other forage products, nes",0.14,0.644,0.2174
St. Lucia,Central America and Caribbean,2012,121490,"Other forage products, nes",0.12,0.067,1.791
Rwanda,Sub-Saharan Africa,2012,121490,"Other forage products, nes",0.04,0.05,0.8
Zimbabwe,Sub-Saharan Africa,2012,121490,"Other forage products, nes",0.04,0.002,20.0
Paraguay,South America,2012,121490,"Other forage products, nes",0.04,0.1,0.4
Bolivia,South America,2012,121490,"Other forage products, nes",0.02,0.004,5.0
Bangladesh,Central Asia,2012,121490,"Other forage products, nes",0.02,0.04,0.5
El Salvador,Central America and Caribbean,2012,121490,"Other forage products, nes",0.0,0.0,
Japan,East Asia,2011,121490,"Other forage products, nes",852901.07,2232660.0,0.382
South Korea,East Asia,2011,121490,"Other forage products, nes",275531.42,910954.0,0.3025
China,East Asia,2011,121490,"Other forage products, nes",103612.47,288469.0,0.3592
United States,North America,2011,121490,"Other forage products, nes",55000.78,220288.0,0.2497
Switzerland,Western Europe,2011,121490,"Other forage products, nes",49989.55,169328.0,0.2952
Other Asia,Other Asia,2011,121490,"Other forage products, nes",25565.6,163771.0,0.1561
France,Western Europe,2011,121490,"Other forage products, nes",24921.57,90253.8,0.2761
Netherlands,Western Europe,2011,121490,"Other forage products, nes",21519.87,74317.26369905514,0.2896
Germany,Western Europe,2011,121490,"Other forage products, nes",17753.29,29872.4,0.5943
European Union,Western Europe,2011,121490,"Other forage products, nes",14713.58,28223.3,0.5213
Saudi Arabia,Middle East,2011,121490,"Other forage products, nes",12387.48,32668.0,0.3792
Norway,Western Europe,2011,121490,"Other forage products, nes",11498.16,34570.7,0.3326
Austria,Western Europe,2011,121490,"Other forage products, nes",9960.26,30061.8,0.3313
Canada,North America,2011,121490,"Other forage products, nes",9115.02,43679.2,0.2087
Portugal,Western Europe,2011,121490,"Other forage products, nes",8883.08,30605.1,0.2902
Vietnam,Southeast Asia,2011,121490,"Other forage products, nes",6690.24,19389.1,0.3451
Italy,Western Europe,2011,121490,"Other forage products, nes",6316.04,15834.3,0.3989
Belgium,Western Europe,2011,121490,"Other forage products, nes",5888.91,16926.6,0.3479
Poland,Eastern Europe,2011,121490,"Other forage products, nes",4577.75,9044.35,0.5061
Jordan,Middle East,2011,121490,"Other forage products, nes",4214.66,12178.6,0.3461
Romania,Eastern Europe,2011,121490,"Other forage products, nes",4144.34,8021.43,0.5167
Ireland,Western Europe,2011,121490,"Other forage products, nes",4116.44,8871.01,0.464
Lebanon,Middle East,2011,121490,"Other forage products, nes",3399.55,12056.8,0.282
Malta,Western Europe,2011,121490,"Other forage products, nes",2823.65,9932.1,0.2843
Spain,Western Europe,2011,121490,"Other forage products, nes",2786.52,7123.100670659964,0.3912
Denmark,Western Europe,2011,121490,"Other forage products, nes",2550.31,4086.51,0.6241
Greece,Western Europe,2011,121490,"Other forage products, nes",2458.66,8929.93,0.2753
Slovenia,Eastern Europe,2011,121490,"Other forage products, nes",2405.15,66238.3,0.0363
United Kingdom,Western Europe,2011,121490,"Other forage products, nes",2368.0,2570.5,0.9212
Luxembourg,Western Europe,2011,121490,"Other forage products, nes",2283.11,2899.35,0.7875
Philippines,Southeast Asia,2011,121490,"Other forage products, nes",1749.92,3815.42,0.4586
Lithuania,Eastern Europe,2011,121490,"Other forage products, nes",1344.43,2874.74,0.4677
Morocco,North Africa,2011,121490,"Other forage products, nes",1321.97,4165.75,0.3173
Australia,Oceania,2011,121490,"Other forage products, nes",1263.84,348.379,3.6278
Kuwait,Middle East,2011,121490,"Other forage products, nes",1231.05,2152.92,0.5718
Russia,Eastern Europe,2011,121490,"Other forage products, nes",1207.88,1278.44,0.9448
Afghanistan,Central Asia,2011,121490,"Other forage products, nes",1107.84,1492.16,0.7424
Bahrain,Middle East,2011,121490,"Other forage products, nes",936.37,1907.94,0.4908
New Zealand,Oceania,2011,121490,"Other forage products, nes",691.78,1788.4,0.3868
Sweden,Western Europe,2011,121490,"Other forage products, nes",677.65,1125.5,0.6021
Malaysia,Southeast Asia,2011,121490,"Other forage products, nes",614.76,1325.43,0.4638
Hong Kong (China),East Asia,2011,121490,"Other forage products, nes",564.01,872.049,0.6468
Azerbaijan,Eastern Europe,2011,121490,"Other forage products, nes",530.65,2086.16,0.2544
Thailand,Southeast Asia,2011,121490,"Other forage products, nes",391.87,753.603,0.52
Bermuda,North America,2011,121490,"Other forage products, nes",389.96,1130.14,0.3451
Czech Republic,Eastern Europe,2011,121490,"Other forage products, nes",387.29,724.903,0.5343
Bahamas,Central America and Caribbean,2011,121490,"Other forage products, nes",333.72,68.036,4.9051
Palestine,Middle East,2011,121490,"Other forage products, nes",319.5,925.953,0.345
Mexico,North America,2011,121490,"Other forage products, nes",285.73,987.17,0.2894
Slovakia,Eastern Europe,2011,121490,"Other forage products, nes",268.97,122.392,2.1976
Hungary,Eastern Europe,2011,121490,"Other forage products, nes",237.0,221.5,1.07
Latvia,Eastern Europe,2011,121490,"Other forage products, nes",234.41,8141.79,0.0288
Singapore,Southeast Asia,2011,121490,"Other forage products, nes",229.31,404.999,0.5662
Macao (China),East Asia,2011,121490,"Other forage products, nes",213.08,427.41,0.4985
Brazil,South America,2011,121490,"Other forage products, nes",180.85,482.024,0.3752
Cyprus,Western Europe,2011,121490,"Other forage products, nes",177.37,501.514,0.3537
Botswana,Sub-Saharan Africa,2011,121490,"Other forage products, nes",172.09,727.546,0.2365
Aruba,Central America and Caribbean,2011,121490,"Other forage products, nes",165.03,288.782,0.5715
Iceland,Western Europe,2011,121490,"Other forage products, nes",131.44,458.138,0.2869
Finland,Western Europe,2011,121490,"Other forage products, nes",130.94,69.661,1.8797
Estonia,Eastern Europe,2011,121490,"Other forage products, nes",129.38,303.848,0.4258
Andorra,Western Europe,2011,121490,"Other forage products, nes",123.21,634.129,0.1943
Indonesia,Southeast Asia,2011,121490,"Other forage products, nes",121.35,189.329,0.6409
Bulgaria,Eastern Europe,2011,121490,"Other forage products, nes",113.91,196.236,0.5805
Albania,Eastern Europe,2011,121490,"Other forage products, nes",112.11,927.118,0.1209
Croatia,Eastern Europe,2011,121490,"Other forage products, nes",111.61,161.615,0.6906
Mauritius,Sub-Saharan Africa,2011,121490,"Other forage products, nes",96.42,140.622,0.6857
Venezuela,South America,2011,121490,"Other forage products, nes",84.02,101.89,0.8246
Grenada,Central America and Caribbean,2011,121490,"Other forage products, nes",80.04,78.321,1.0219
South Africa,Sub-Saharan Africa,2011,121490,"Other forage products, nes",79.53,71.0522,1.1193
Eswatini,Sub-Saharan Africa,2011,121490,"Other forage products, nes",72.87,144.2,0.5053
Chile,South America,2011,121490,"Other forage products, nes",64.41,26.0046,2.4769
Costa Rica,Central America and Caribbean,2011,121490,"Other forage products, nes",57.71,502.948,0.1147
Dominican Republic,Central America and Caribbean,2011,121490,"Other forage products, nes",57.67,167.13,0.3451
India,Central Asia,2011,121490,"Other forage products, nes",54.89,3.636,15.0963
Greenland,North America,2011,121490,"Other forage products, nes",48.31,82.442,0.586
Serbia,Eastern Europe,2011,121490,"Other forage products, nes",40.2,54.225,0.7414
New Caledonia,Oceania,2011,121490,"Other forage products, nes",39.09,21.953,1.7806
Montenegro,Eastern Europe,2011,121490,"Other forage products, nes",33.05,106.354,0.3108
Bosnia and Herzegovina,Eastern Europe,2011,121490,"Other forage products, nes",24.74,177.631,0.1393
Belarus,Eastern Europe,2011,121490,"Other forage products, nes",24.7,24.639,1.0025
Israel,Middle East,2011,121490,"Other forage products, nes",24.0,43.275,0.5546
Iran,Middle East,2011,121490,"Other forage products, nes",22.5,45.0,0.5
Turks and Caicos Isl.,Central America and Caribbean,2011,121490,"Other forage products, nes",22.25,110.139,0.202
Argentina,South America,2011,121490,"Other forage products, nes",19.78,118.92,0.1663
Panama,Central America and Caribbean,2011,121490,"Other forage products, nes",17.16,6.234,2.7526
French Polynesia,Oceania,2011,121490,"Other forage products, nes",16.94,21.986,0.7705
Paraguay,South America,2011,121490,"Other forage products, nes",16.88,138.0,0.1223
Moldova,Eastern Europe,2011,121490,"Other forage products, nes",15.89,23.664,0.6715
Trinidad and Tobago,Central America and Caribbean,2011,121490,"Other forage products, nes",13.77,13.926,0.9888
Uruguay,South America,2011,121490,"Other forage products, nes",13.35,79.845,0.1672
Ukraine,Eastern Europe,2011,121490,"Other forage products, nes",13.34,19.98,0.6677
Zambia,Sub-Saharan Africa,2011,121490,"Other forage products, nes",12.26,31.7054,0.3867
Tunisia,North Africa,2011,121490,"Other forage products, nes",8.43,28.0,0.3011
Brunei,Southeast Asia,2011,121490,"Other forage products, nes",8.24,0.777,10.6049
Oman,Middle East,2011,121490,"Other forage products, nes",7.77,25.423,0.3056
Nepal,Central Asia,2011,121490,"Other forage products, nes",7.47,51.175,0.146
Mauritania,Sub-Saharan Africa,2011,121490,"Other forage products, nes",6.27,35.4,0.1771
Peru,South America,2011,121490,"Other forage products, nes",4.65,2.04116,2.2781
St. Lucia,Central America and Caribbean,2011,121490,"Other forage products, nes",4.43,2.996,1.4786
Namibia,Sub-Saharan Africa,2011,121490,"Other forage products, nes",3.92,15.202,0.2579
Cape Verde,Sub-Saharan Africa,2011,121490,"Other forage products, nes",3.66,8.522,0.4295
Papua New Guinea,Oceania,2011,121490,"Other forage products, nes",3.08,0.012,256.6667
Antigua and Barbuda,Central America and Caribbean,2011,121490,"Other forage products, nes",2.08,0.804,2.5871
Angola,Sub-Saharan Africa,2011,121490,"Other forage products, nes",2.01,0.405,4.963
Mozambique,Sub-Saharan Africa,2011,121490,"Other forage products, nes",2.0,1.253,1.5962
Barbados,Central America and Caribbean,2011,121490,"Other forage products, nes",1.7,1.951,0.8713
Guatemala,Central America and Caribbean,2011,121490,"Other forage products, nes",1.1,6.818,0.1613
Uganda,Sub-Saharan Africa,2011,121490,"Other forage products, nes",1.08,36.2,0.0298
Laos,Southeast Asia,2011,121490,"Other forage products, nes",0.99,2.869,0.3451
North Macedonia,Eastern Europe,2011,121490,"Other forage products, nes",0.85,0.656,1.2957
Lesotho,Sub-Saharan Africa,2011,121490,"Other forage products, nes",0.83,1.78319,0.4655
Benin,Sub-Saharan Africa,2011,121490,"Other forage products, nes",0.45,4.0,0.1125
Ethiopia,Sub-Saharan Africa,2011,121490,"Other forage products, nes",0.36,0.082,4.3902
Burkina Faso,Sub-Saharan Africa,2011,121490,"Other forage products, nes",0.35,0.9,0.3889
Bangladesh,Central Asia,2011,121490,"Other forage products, nes",0.31,0.03,10.3333
Algeria,North Africa,2011,121490,"Other forage products, nes",0.3,0.05,6.0
Fiji,Oceania,2011,121490,"Other forage products, nes",0.26,0.138,1.8841
Sudan,Sub-Saharan Africa,2011,121490,"Other forage products, nes",0.25,0.5,0.5
Sao Tome and Principe,Sub-Saharan Africa,2011,121490,"Other forage products, nes",0.25,0.162,1.5432
Rwanda,Sub-Saharan Africa,2011,121490,"Other forage products, nes",0.25,3.0,0.0833
Cameroon,Sub-Saharan Africa,2011,121490,"Other forage products, nes",0.25,0.126,1.9841
Cote d'Ivoire,Sub-Saharan Africa,2011,121490,"Other forage products, nes",0.19,0.094,2.0213
Senegal,Sub-Saharan Africa,2011,121490,"Other forage products, nes",0.13,3.96,0.0328
Maldives,Central Asia,2011,121490,"Other forage products, nes",0.09,0.004,22.5
Malawi,Sub-Saharan Africa,2011,121490,"Other forage products, nes",0.08,0.024,3.3333
Kazakhstan,Eastern Europe,2011,121490,"Other forage products, nes",0.07,0.018,3.8889
Egypt,North Africa,2011,121490,"Other forage products, nes",0.06,0.02,3.0
Jamaica,Central America and Caribbean,2011,121490,"Other forage products, nes",0.04,0.003,13.3333
Gabon,Sub-Saharan Africa,2011,121490,"Other forage products, nes",0.01,0.006,1.6667
Japan,East Asia,2010,121490,"Other forage products, nes",760631.26,2242950.0,0.3391
South Korea,East Asia,2010,121490,"Other forage products, nes",229207.29,842159.0,0.2722
China,East Asia,2010,121490,"Other forage products, nes",61476.77,227175.0,0.2706
Switzerland,Western Europe,2010,121490,"Other forage products, nes",38464.18,159767.0,0.2408
United States,North America,2010,121490,"Other forage products, nes",25177.58,83596.0,0.3012
Other Asia,Other Asia,2010,121490,"Other forage products, nes",23457.4,163608.0,0.1434
France,Western Europe,2010,121490,"Other forage products, nes",14451.67,57991.8,0.2492
Canada,North America,2010,121490,"Other forage products, nes",13813.58,195953.0,0.0705
Germany,Western Europe,2010,121490,"Other forage products, nes",11308.64,17546.6,0.6445
Netherlands,Western Europe,2010,121490,"Other forage products, nes",10286.64,38518.6,0.2671
European Union,Western Europe,2010,121490,"Other forage products, nes",10144.24,15525.5,0.6534
Italy,Western Europe,2010,121490,"Other forage products, nes",9621.13,38985.8,0.2468
Austria,Western Europe,2010,121490,"Other forage products, nes",7320.33,26980.9,0.2713
Portugal,Western Europe,2010,121490,"Other forage products, nes",6922.36,25393.8,0.2726
Norway,Western Europe,2010,121490,"Other forage products, nes",5914.26,16432.8,0.3599
Belgium,Western Europe,2010,121490,"Other forage products, nes",4045.72,17286.9,0.234
Romania,Eastern Europe,2010,121490,"Other forage products, nes",3858.63,9737.81,0.3963
Spain,Western Europe,2010,121490,"Other forage products, nes",3323.67,11454.9,0.2902
Jordan,Middle East,2010,121490,"Other forage products, nes",3305.05,9699.26,0.3408
Vietnam,Southeast Asia,2010,121490,"Other forage products, nes",3037.09,8478.68,0.3582
Denmark,Western Europe,2010,121490,"Other forage products, nes",2980.37,5142.59,0.5795
Poland,Eastern Europe,2010,121490,"Other forage products, nes",2761.16,5418.0,0.5096
Ireland,Western Europe,2010,121490,"Other forage products, nes",2748.71,4843.34,0.5675
United Kingdom,Western Europe,2010,121490,"Other forage products, nes",2610.58,3511.66,0.7434
Slovakia,Eastern Europe,2010,121490,"Other forage products, nes",2112.11,5743.266133316076,0.3678
Malta,Western Europe,2010,121490,"Other forage products, nes",1891.64,6938.89,0.2726
Finland,Western Europe,2010,121490,"Other forage products, nes",1680.24,1251.07,1.343
Luxembourg,Western Europe,2010,121490,"Other forage products, nes",1425.61,2316.36,0.6155
Philippines,Southeast Asia,2010,121490,"Other forage products, nes",1399.41,4152.45,0.337
Bahrain,Middle East,2010,121490,"Other forage products, nes",1274.19,2888.58,0.4411
Saudi Arabia,Middle East,2010,121490,"Other forage products, nes",1262.67,2670.0,0.4729
Morocco,North Africa,2010,121490,"Other forage products, nes",1182.72,4500.57,0.2628
Slovenia,Eastern Europe,2010,121490,"Other forage products, nes",946.43,16963.5,0.0558
Australia,Oceania,2010,121490,"Other forage products, nes",921.28,318.891,2.889
Lebanon,Middle East,2010,121490,"Other forage products, nes",851.58,2578.95,0.3302
Mexico,North America,2010,121490,"Other forage products, nes",766.79,9486.28,0.0808
Greece,Western Europe,2010,121490,"Other forage products, nes",763.81,3846.21,0.1986
Lithuania,Eastern Europe,2010,121490,"Other forage products, nes",742.97,1710.89,0.4343
New Zealand,Oceania,2010,121490,"Other forage products, nes",679.89,1907.0,0.3565
Kuwait,Middle East,2010,121490,"Other forage products, nes",674.8,2023.11,0.3335
Sweden,Western Europe,2010,121490,"Other forage products, nes",620.38,922.375,0.6726
Oman,Middle East,2010,121490,"Other forage products, nes",613.26,1799.29,0.3408
Afghanistan,Central Asia,2010,121490,"Other forage products, nes",547.16,661.131,0.8276
Qatar,Middle East,2010,121490,"Other forage products, nes",540.81,1261.36,0.4288
Malaysia,Southeast Asia,2010,121490,"Other forage products, nes",516.57,1137.43,0.4542
Bahamas,Central America and Caribbean,2010,121490,"Other forage products, nes",431.63,88.584,4.8726
Hong Kong (China),East Asia,2010,121490,"Other forage products, nes",424.76,569.828,0.7454
Russia,Eastern Europe,2010,121490,"Other forage products, nes",379.9,296.973,1.2792
Bermuda,North America,2010,121490,"Other forage products, nes",321.23,896.792,0.3582
Palestine,Middle East,2010,121490,"Other forage products, nes",302.8,849.306,0.3565
South Africa,Sub-Saharan Africa,2010,121490,"Other forage products, nes",242.42,86.6595,2.7974
Macao (China),East Asia,2010,121490,"Other forage products, nes",235.66,520.6,0.4527
Thailand,Southeast Asia,2010,121490,"Other forage products, nes",228.86,492.629,0.4646
Aruba,Central America and Caribbean,2010,121490,"Other forage products, nes",209.33,343.779,0.6089
Czech Republic,Eastern Europe,2010,121490,"Other forage products, nes",203.94,239.982,0.8498
Azerbaijan,Eastern Europe,2010,121490,"Other forage products, nes",196.28,1489.36,0.1318
Latvia,Eastern Europe,2010,121490,"Other forage products, nes",168.52,600.457,0.2807
Singapore,Southeast Asia,2010,121490,"Other forage products, nes",156.27,269.86,0.5791
Croatia,Eastern Europe,2010,121490,"Other forage products, nes",153.62,275.392,0.5578
Laos,Southeast Asia,2010,121490,"Other forage products, nes",152.69,426.28,0.3582
Hungary,Eastern Europe,2010,121490,"Other forage products, nes",150.0,187.3,0.8009
India,Central Asia,2010,121490,"Other forage products, nes",142.16,103.732,1.3705
Brazil,South America,2010,121490,"Other forage products, nes",129.77,304.322,0.4264
Andorra,Western Europe,2010,121490,"Other forage products, nes",126.78,717.22,0.1768
Grenada,Central America and Caribbean,2010,121490,"Other forage products, nes",121.13,67.186,1.8029
Cyprus,Western Europe,2010,121490,"Other forage products, nes",119.73,381.17,0.3141
Indonesia,Southeast Asia,2010,121490,"Other forage products, nes",114.6,419.95,0.2729
Botswana,Sub-Saharan Africa,2010,121490,"Other forage products, nes",101.96,520.878,0.1957
Ecuador,South America,2010,121490,"Other forage products, nes",91.01,703.753,0.1293
Costa Rica,Central America and Caribbean,2010,121490,"Other forage products, nes",83.39,580.915,0.1435
Bulgaria,Eastern Europe,2010,121490,"Other forage products, nes",82.86,94.938,0.8728
Iceland,Western Europe,2010,121490,"Other forage products, nes",76.19,294.306,0.2589
Venezuela,South America,2010,121490,"Other forage products, nes",69.98,92.808,0.754
Albania,Eastern Europe,2010,121490,"Other forage products, nes",63.32,314.219,0.2015
Mauritius,Sub-Saharan Africa,2010,121490,"Other forage products, nes",53.57,68.735,0.7794
Namibia,Sub-Saharan Africa,2010,121490,"Other forage products, nes",51.15,228.882,0.2235
Estonia,Eastern Europe,2010,121490,"Other forage products, nes",47.58,51.377,0.9261
Serbia,Eastern Europe,2010,121490,"Other forage products, nes",44.73,14.374,3.1119
Eswatini,Sub-Saharan Africa,2010,121490,"Other forage products, nes",44.13,94.0264,0.4693
New Caledonia,Oceania,2010,121490,"Other forage products, nes",43.2,47.811,0.9036
St. Kitts and Nevis,Central America and Caribbean,2010,121490,"Other forage products, nes",33.13,42.076,0.7874
Egypt,North Africa,2010,121490,"Other forage products, nes",30.82,10.922,2.8218
Ukraine,Eastern Europe,2010,121490,"Other forage products, nes",30.04,129.12,0.2327
Dominican Republic,Central America and Caribbean,2010,121490,"Other forage products, nes",27.65,77.203,0.3581
Israel,Middle East,2010,121490,"Other forage products, nes",25.0,69.793,0.3582
Kenya,Sub-Saharan Africa,2010,121490,"Other forage products, nes",23.11,11.277,2.0493
Lesotho,Sub-Saharan Africa,2010,121490,"Other forage products, nes",21.42,58.3474,0.3671
Turkey,Eastern Europe,2010,121490,"Other forage products, nes",19.88,59.915,0.3318
Belarus,Eastern Europe,2010,121490,"Other forage products, nes",18.8,18.936,0.9928
French Polynesia,Oceania,2010,121490,"Other forage products, nes",16.01,21.585,0.7417
Vanuatu,Oceania,2010,121490,"Other forage products, nes",14.95,16.403,0.9114
Yemen,Middle East,2010,121490,"Other forage products, nes",12.78,20.145,0.6344
Tunisia,North Africa,2010,121490,"Other forage products, nes",11.29,36.94,0.3056
Nepal,Central Asia,2010,121490,"Other forage products, nes",10.89,65.89,0.1653
Mauritania,Sub-Saharan Africa,2010,121490,"Other forage products, nes",8.71,51.175,0.1702
Greenland,North America,2010,121490,"Other forage products, nes",8.32,13.279,0.6266
North Macedonia,Eastern Europe,2010,121490,"Other forage products, nes",6.94,20.804,0.3336
Angola,Sub-Saharan Africa,2010,121490,"Other forage products, nes",6.78,2.874,2.3591
Trinidad and Tobago,Central America and Caribbean,2010,121490,"Other forage products, nes",6.01,4.909,1.2243
Bosnia and Herzegovina,Eastern Europe,2010,121490,"Other forage products, nes",5.94,10.444,0.5687
Fiji,Oceania,2010,121490,"Other forage products, nes",4.65,0.833,5.5822
Uruguay,South America,2010,121490,"Other forage products, nes",4.51,11.0,0.41
Panama,Central America and Caribbean,2010,121490,"Other forage products, nes",4.17,1.465,2.8464
Sudan,Sub-Saharan Africa,2010,121490,"Other forage products, nes",3.99,2.1,1.9
Guatemala,Central America and Caribbean,2010,121490,"Other forage products, nes",3.74,34.124,0.1096
Zambia,Sub-Saharan Africa,2010,121490,"Other forage products, nes",3.47,9.73267,0.3565
Benin,Sub-Saharan Africa,2010,121490,"Other forage products, nes",3.18,0.506,6.2846
Uganda,Sub-Saharan Africa,2010,121490,"Other forage products, nes",3.04,40.264,0.0755
Peru,South America,2010,121490,"Other forage products, nes",2.54,1.11129,2.2856
Antigua and Barbuda,Central America and Caribbean,2010,121490,"Other forage products, nes",1.86,1.249,1.4892
Nicaragua,Central America and Caribbean,2010,121490,"Other forage products, nes",1.82,0.214,8.5047
St. Vincent and the Grenadines,Central America and Caribbean,2010,121490,"Other forage products, nes",1.6,0.179,8.9385
Moldova,Eastern Europe,2010,121490,"Other forage products, nes",1.41,1.58,0.8924
Montenegro,Eastern Europe,2010,121490,"Other forage products, nes",1.1,11.15,0.0987
Mozambique,Sub-Saharan Africa,2010,121490,"Other forage products, nes",0.99,2.757,0.3591
St. Lucia,Central America and Caribbean,2010,121490,"Other forage products, nes",0.97,0.81,1.1975
Tanzania,Sub-Saharan Africa,2010,121490,"Other forage products, nes",0.72,1.8,0.4
Cape Verde,Sub-Saharan Africa,2010,121490,"Other forage products, nes",0.68,1.069,0.6361
Kyrgyzstan,Eastern Europe,2010,121490,"Other forage products, nes",0.56,1.4,0.4
Barbados,Central America and Caribbean,2010,121490,"Other forage products, nes",0.43,0.165,2.6061
Brunei,Southeast Asia,2010,121490,"Other forage products, nes",0.41,0.08212,4.9927
Burkina Faso,Sub-Saharan Africa,2010,121490,"Other forage products, nes",0.38,2.322,0.1637
Pakistan,Central Asia,2010,121490,"Other forage products, nes",0.33,0.444,0.7432
Argentina,South America,2010,121490,"Other forage products, nes",0.16,0.05,3.2
Bolivia,South America,2010,121490,"Other forage products, nes",0.16,0.131,1.2214
Malawi,Sub-Saharan Africa,2010,121490,"Other forage products, nes",0.14,0.062,2.2581
Rwanda,Sub-Saharan Africa,2010,121490,"Other forage products, nes",0.08,0.174,0.4598
Jamaica,Central America and Caribbean,2010,121490,"Other forage products, nes",0.08,0.006,13.3333
Chile,South America,2010,121490,"Other forage products, nes",0.06,0.0016308,36.7918
Honduras,Central America and Caribbean,2010,121490,"Other forage products, nes",0.04,0.001,40.0
Ghana,Sub-Saharan Africa,2010,121490,"Other forage products, nes",0.04,0.00644,6.2112
Sao Tome and Principe,Sub-Saharan Africa,2010,121490,"Other forage products, nes",0.03,0.019,1.5789
Maldives,Central Asia,2010,121490,"Other forage products, nes",0.02,0.003,6.6667
Niger,Sub-Saharan Africa,2010,121490,"Other forage products, nes",0.02,0.221,0.0905
Tonga,Oceania,2010,121490,"Other forage products, nes",0.01,0.002,5.0
Japan,East Asia,2009,121490,"Other forage products, nes",730856.14,2218860.0,0.3294
South Korea,East Asia,2009,121490,"Other forage products, nes",182065.01,761124.0,0.2392
Switzerland,Western Europe,2009,121490,"Other forage products, nes",31157.22,136334.0,0.2285
United States,North America,2009,121490,"Other forage products, nes",30828.47,117126.0,0.2632
China,East Asia,2009,121490,"Other forage products, nes",20434.1,76616.1,0.2667
Other Asia,Other Asia,2009,121490,"Other forage products, nes",19279.49,151035.0,0.1276
New Zealand,Oceania,2009,121490,"Other forage products, nes",14693.72,64202.8,0.2289
Canada,North America,2009,121490,"Other forage products, nes",10225.83,73602.7,0.1389
France,Western Europe,2009,121490,"Other forage products, nes",9224.36,30448.2,0.303
European Union,Western Europe,2009,121490,"Other forage products, nes",8710.8,19731.9,0.4415
Austria,Western Europe,2009,121490,"Other forage products, nes",7951.13,31707.3,0.2508
Netherlands,Western Europe,2009,121490,"Other forage products, nes",7727.6,15757.4,0.4904
Germany,Western Europe,2009,121490,"Other forage products, nes",7523.1,11010.4,0.6833
Italy,Western Europe,2009,121490,"Other forage products, nes",6831.74,27074.7,0.2523
Belgium,Western Europe,2009,121490,"Other forage products, nes",6719.41,40254.5,0.1669
Portugal,Western Europe,2009,121490,"Other forage products, nes",5223.93,26666.8,0.1959
United Kingdom,Western Europe,2009,121490,"Other forage products, nes",4774.58,11428.1,0.4178
Romania,Eastern Europe,2009,121490,"Other forage products, nes",4076.36,9764.0,0.4175
Norway,Western Europe,2009,121490,"Other forage products, nes",3968.4,10816.5,0.3669
Spain,Western Europe,2009,121490,"Other forage products, nes",3711.17,10387.2,0.3573
Denmark,Western Europe,2009,121490,"Other forage products, nes",2041.18,5129.56,0.3979
Finland,Western Europe,2009,121490,"Other forage products, nes",1728.56,1261.89,1.3698
Malta,Western Europe,2009,121490,"Other forage products, nes",1663.58,5635.25,0.2952
Ireland,Western Europe,2009,121490,"Other forage products, nes",1647.04,409.123,4.0258
Bahrain,Middle East,2009,121490,"Other forage products, nes",1231.2,2747.81,0.4481
Jordan,Middle East,2009,121490,"Other forage products, nes",1227.67,2503.36,0.4904
Mexico,North America,2009,121490,"Other forage products, nes",1136.63,7713.18,0.1474
Saudi Arabia,Middle East,2009,121490,"Other forage products, nes",942.75,1376.95,0.6847
Philippines,Southeast Asia,2009,121490,"Other forage products, nes",915.09,3511.33,0.2606
Slovakia,Eastern Europe,2009,121490,"Other forage products, nes",838.81,1309.44,0.6406
Cyprus,Western Europe,2009,121490,"Other forage products, nes",835.2,2699.38,0.3094
Slovenia,Eastern Europe,2009,121490,"Other forage products, nes",817.11,17135.8,0.0477
Lithuania,Eastern Europe,2009,121490,"Other forage products, nes",728.87,1252.03,0.5822
Luxembourg,Western Europe,2009,121490,"Other forage products, nes",724.1,980.81,0.7383
Faroe Islands,Western Europe,2009,121490,"Other forage products, nes",697.48,1849.34,0.3772
Oman,Middle East,2009,121490,"Other forage products, nes",694.99,2116.19,0.3284
Tunisia,North Africa,2009,121490,"Other forage products, nes",646.48,1906.49,0.3391
Sweden,Western Europe,2009,121490,"Other forage products, nes",600.51,655.029,0.9168
Lebanon,Middle East,2009,121490,"Other forage products, nes",592.8,1728.01,0.3431
Bahamas,Central America and Caribbean,2009,121490,"Other forage products, nes",570.58,115.857,4.9249
Djibouti,Sub-Saharan Africa,2009,121490,"Other forage products, nes",548.61,1349.63,0.4065
Vietnam,Southeast Asia,2009,121490,"Other forage products, nes",541.39,1103.96,0.4904
Malaysia,Southeast Asia,2009,121490,"Other forage products, nes",522.32,1172.85,0.4453
Hong Kong (China),East Asia,2009,121490,"Other forage products, nes",501.1,751.442,0.6669
Poland,Eastern Europe,2009,121490,"Other forage products, nes",493.02,1011.0,0.4877
Estonia,Eastern Europe,2009,121490,"Other forage products, nes",428.26,392.994,1.0897
Brunei,Southeast Asia,2009,121490,"Other forage products, nes",410.97,838.017,0.4904
Greece,Western Europe,2009,121490,"Other forage products, nes",394.03,1651.88,0.2385
Azerbaijan,Eastern Europe,2009,121490,"Other forage products, nes",388.36,1993.85,0.1948
Uruguay,South America,2009,121490,"Other forage products, nes",366.76,1537.94,0.2385
South Africa,Sub-Saharan Africa,2009,121490,"Other forage products, nes",309.56,134.765,2.297
Palestine,Middle East,2009,121490,"Other forage products, nes",197.07,552.441,0.3567
Macao (China),East Asia,2009,121490,"Other forage products, nes",186.77,525.519,0.3554
Czech Republic,Eastern Europe,2009,121490,"Other forage products, nes",183.1,231.936,0.7894
Aruba,Central America and Caribbean,2009,121490,"Other forage products, nes",172.72,311.372,0.5547
Russia,Eastern Europe,2009,121490,"Other forage products, nes",171.0,83.332,2.052
Botswana,Sub-Saharan Africa,2009,121490,"Other forage products, nes",169.85,680.447,0.2496
Bulgaria,Eastern Europe,2009,121490,"Other forage products, nes",166.46,158.047,1.0532
Croatia,Eastern Europe,2009,121490,"Other forage products, nes",150.01,297.003,0.5051
New Caledonia,Oceania,2009,121490,"Other forage products, nes",142.63,56.545,2.5224
Singapore,Southeast Asia,2009,121490,"Other forage products, nes",138.66,316.089,0.4387
Andorra,Western Europe,2009,121490,"Other forage products, nes",125.62,678.85,0.185
Iceland,Western Europe,2009,121490,"Other forage products, nes",114.9,382.001,0.3008
Hungary,Eastern Europe,2009,121490,"Other forage products, nes",109.0,86.8,1.2558
Mauritius,Sub-Saharan Africa,2009,121490,"Other forage products, nes",100.69,174.72,0.5763
Brazil,South America,2009,121490,"Other forage products, nes",80.07,179.035,0.4472
Thailand,Southeast Asia,2009,121490,"Other forage products, nes",72.28,46.558,1.5525
Israel,Middle East,2009,121490,"Other forage products, nes",66.0,134.581,0.4904
Latvia,Eastern Europe,2009,121490,"Other forage products, nes",65.59,63.378,1.0349
St. Kitts and Nevis,Central America and Caribbean,2009,121490,"Other forage products, nes",61.53,45.156,1.3626
Greenland,North America,2009,121490,"Other forage products, nes",54.74,127.423,0.4296
Libya,North Africa,2009,121490,"Other forage products, nes",53.14,66.366,0.8007
Morocco,North Africa,2009,121490,"Other forage products, nes",52.99,211.139,0.251
Australia,Oceania,2009,121490,"Other forage products, nes",51.85,132.649,0.3909
Grenada,Central America and Caribbean,2009,121490,"Other forage products, nes",49.33,60.564,0.8145
Costa Rica,Central America and Caribbean,2009,121490,"Other forage products, nes",44.42,113.595,0.391
Lesotho,Sub-Saharan Africa,2009,121490,"Other forage products, nes",40.29,0.23423500000000003,172.0067
Belarus,Eastern Europe,2009,121490,"Other forage products, nes",38.0,590.151,0.0644
Venezuela,South America,2009,121490,"Other forage products, nes",32.97,60.597,0.5441
French Polynesia,Oceania,2009,121490,"Other forage products, nes",30.29,33.378,0.9075
Ethiopia,Sub-Saharan Africa,2009,121490,"Other forage products, nes",29.9,10.103399999999999,2.9594
Namibia,Sub-Saharan Africa,2009,121490,"Other forage products, nes",26.36,132.539,0.1989
Turkey,Eastern Europe,2009,121490,"Other forage products, nes",23.4,70.0,0.3343
Eswatini,Sub-Saharan Africa,2009,121490,"Other forage products, nes",20.03,56.146300000000004,0.3567
Indonesia,Southeast Asia,2009,121490,"Other forage products, nes",17.22,45.498,0.3785
Mauritania,Sub-Saharan Africa,2009,121490,"Other forage products, nes",16.79,141.5,0.1187
North Macedonia,Eastern Europe,2009,121490,"Other forage products, nes",15.92,42.85,0.3715
Serbia,Eastern Europe,2009,121490,"Other forage products, nes",15.74,23.708,0.6639
Kenya,Sub-Saharan Africa,2009,121490,"Other forage products, nes",15.3,7.423,2.0612
Angola,Sub-Saharan Africa,2009,121490,"Other forage products, nes",14.84,5.846,2.5385
Panama,Central America and Caribbean,2009,121490,"Other forage products, nes",11.74,3.964,2.9617
Albania,Eastern Europe,2009,121490,"Other forage products, nes",11.34,10.433,1.0869
Nepal,Central Asia,2009,121490,"Other forage products, nes",10.79,125.4,0.086
Malawi,Sub-Saharan Africa,2009,121490,"Other forage products, nes",9.68,1.646,5.8809
Montenegro,Eastern Europe,2009,121490,"Other forage products, nes",9.57,84.39,0.1134
Bosnia and Herzegovina,Eastern Europe,2009,121490,"Other forage products, nes",8.71,25.67,0.3393
Fiji,Oceania,2009,121490,"Other forage products, nes",7.28,0.389,18.7147
Trinidad and Tobago,Central America and Caribbean,2009,121490,"Other forage products, nes",7.05,9.864,0.7147
Burkina Faso,Sub-Saharan Africa,2009,121490,"Other forage products, nes",5.5,5.199,1.0579
Egypt,North Africa,2009,121490,"Other forage products, nes",4.9,13.7224,0.3571
Guatemala,Central America and Caribbean,2009,121490,"Other forage products, nes",4.77,23.631,0.2019
Cambodia,Southeast Asia,2009,121490,"Other forage products, nes",4.74,48.0,0.0988
El Salvador,Central America and Caribbean,2009,121490,"Other forage products, nes",4.52,20.094,0.2249
India,Central Asia,2009,121490,"Other forage products, nes",4.27,0.25,17.08
Vanuatu,Oceania,2009,121490,"Other forage products, nes",2.99,0.465,6.4301
Barbados,Central America and Caribbean,2009,121490,"Other forage products, nes",2.84,1.432,1.9832
Uganda,Sub-Saharan Africa,2009,121490,"Other forage products, nes",2.75,49.616,0.0554
Kazakhstan,Eastern Europe,2009,121490,"Other forage products, nes",2.74,7.516,0.3646
Antigua and Barbuda,Central America and Caribbean,2009,121490,"Other forage products, nes",2.63,1.933,1.3606
Chile,South America,2009,121490,"Other forage products, nes",2.55,0.139,18.3453
Mozambique,Sub-Saharan Africa,2009,121490,"Other forage products, nes",2.05,4.174,0.4911
St. Lucia,Central America and Caribbean,2009,121490,"Other forage products, nes",1.41,1.595,0.884
Sudan,Sub-Saharan Africa,2009,121490,"Other forage products, nes",1.29,0.555,2.3243
Peru,South America,2009,121490,"Other forage products, nes",0.95,0.454,2.0925
Cote d'Ivoire,Sub-Saharan Africa,2009,121490,"Other forage products, nes",0.87,0.464,1.875
Cape Verde,Sub-Saharan Africa,2009,121490,"Other forage products, nes",0.84,0.682,1.2317
Honduras,Central America and Caribbean,2009,121490,"Other forage products, nes",0.43,1.009,0.4262
Jamaica,Central America and Caribbean,2009,121490,"Other forage products, nes",0.32,0.047,6.8085
Pakistan,Central Asia,2009,121490,"Other forage products, nes",0.23,0.38,0.6053
Sri Lanka,Central Asia,2009,121490,"Other forage products, nes",0.22,0.804,0.2736
Zimbabwe,Sub-Saharan Africa,2009,121490,"Other forage products, nes",0.21,0.01,21.0
Moldova,Eastern Europe,2009,121490,"Other forage products, nes",0.17,0.092,1.8478
Sao Tome and Principe,Sub-Saharan Africa,2009,121490,"Other forage products, nes",0.16,0.062,2.5806
Algeria,North Africa,2009,121490,"Other forage products, nes",0.16,1.238,0.1292
Burundi,Sub-Saharan Africa,2009,121490,"Other forage products, nes",0.15,0.5,0.3
Dominican Republic,Central America and Caribbean,2009,121490,"Other forage products, nes",0.06,0.02,3.0
Gabon,Sub-Saharan Africa,2009,121490,"Other forage products, nes",0.04,0.005,8.0
Niger,Sub-Saharan Africa,2009,121490,"Other forage products, nes",0.03,0.036,0.8333
Rwanda,Sub-Saharan Africa,2009,121490,"Other forage products, nes",0.02,0.04,0.5
Cameroon,Sub-Saharan Africa,2009,121490,"Other forage products, nes",0.02,0.004,5.0
Japan,East Asia,2008,121490,"Other forage products, nes",782430.91,2281690.0,0.3429
South Korea,East Asia,2008,121490,"Other forage products, nes",255333.58,856009.0,0.2983
United States,North America,2008,121490,"Other forage products, nes",49089.01,250106.0,0.1963
United Arab Emirates,Middle East,2008,121490,"Other forage products, nes",27914.62,73490.3,0.3798
Switzerland,Western Europe,2008,121490,"Other forage products, nes",20559.5,89148.6,0.2306
Other Asia,Other Asia,2008,121490,"Other forage products, nes",17875.02,161401.0,0.1107
Germany,Western Europe,2008,121490,"Other forage products, nes",15312.9,37637.9,0.4068
France,Western Europe,2008,121490,"Other forage products, nes",11108.64,38447.4,0.2889
European Union,Western Europe,2008,121490,"Other forage products, nes",10920.79,17426.7,0.6267
Poland,Eastern Europe,2008,121490,"Other forage products, nes",9182.52,17227.4,0.533
Belgium,Western Europe,2008,121490,"Other forage products, nes",9061.49,24081.9,0.3763
Austria,Western Europe,2008,121490,"Other forage products, nes",9021.58,39889.9,0.2262
Portugal,Western Europe,2008,121490,"Other forage products, nes",7358.27,21555.1,0.3414
Norway,Western Europe,2008,121490,"Other forage products, nes",6723.66,16571.5,0.4057
United Kingdom,Western Europe,2008,121490,"Other forage products, nes",6360.62,12354.4,0.5148
Netherlands,Western Europe,2008,121490,"Other forage products, nes",6325.68,30135.7,0.2099
Spain,Western Europe,2008,121490,"Other forage products, nes",5811.23,20872.2,0.2784
China,East Asia,2008,121490,"Other forage products, nes",5659.56,19600.1,0.2888
Romania,Eastern Europe,2008,121490,"Other forage products, nes",5643.37,21792.4,0.259
Canada,North America,2008,121490,"Other forage products, nes",5231.1,29275.5,0.1787
Saudi Arabia,Middle East,2008,121490,"Other forage products, nes",5071.21,3778.0,1.3423
Italy,Western Europe,2008,121490,"Other forage products, nes",4885.46,16837.6,0.2902
Cyprus,Western Europe,2008,121490,"Other forage products, nes",4481.56,12980.8,0.3452
Denmark,Western Europe,2008,121490,"Other forage products, nes",4004.2,9326.43,0.4293
Jordan,Middle East,2008,121490,"Other forage products, nes",3738.96,16440.3,0.2274
Malawi,Sub-Saharan Africa,2008,121490,"Other forage products, nes",2909.45,4455.05,0.6531
Greece,Western Europe,2008,121490,"Other forage products, nes",2439.86,7500.74,0.3253
Libya,North Africa,2008,121490,"Other forage products, nes",2249.86,1561.45,1.4409
Kuwait,Middle East,2008,121490,"Other forage products, nes",2128.07,6655.5,0.3197
Philippines,Southeast Asia,2008,121490,"Other forage products, nes",1991.5,4824.07,0.4128
Finland,Western Europe,2008,121490,"Other forage products, nes",1654.33,1072.21,1.5429
Malta,Western Europe,2008,121490,"Other forage products, nes",1424.79,4333.58,0.3288
Bahrain,Middle East,2008,121490,"Other forage products, nes",1384.9,2659.78,0.5207
Sweden,Western Europe,2008,121490,"Other forage products, nes",988.81,1370.89,0.7213
Oman,Middle East,2008,121490,"Other forage products, nes",888.56,1344.01,0.6611
Slovenia,Eastern Europe,2008,121490,"Other forage products, nes",866.59,14241.4,0.0609
Faroe Islands,Western Europe,2008,121490,"Other forage products, nes",774.6,1813.43,0.4271
Bahamas,Central America and Caribbean,2008,121490,"Other forage products, nes",699.07,511.616,1.3664
Brunei,Southeast Asia,2008,121490,"Other forage products, nes",667.92,2059.0,0.3244
Ireland,Western Europe,2008,121490,"Other forage products, nes",661.69,300.635,2.201
Vietnam,Southeast Asia,2008,121490,"Other forage products, nes",615.04,1895.98,0.3244
Lithuania,Eastern Europe,2008,121490,"Other forage products, nes",571.32,1129.95,0.5056
Luxembourg,Western Europe,2008,121490,"Other forage products, nes",550.63,531.869,1.0353
Afghanistan,Central Asia,2008,121490,"Other forage products, nes",534.94,1105.63,0.4838
Slovakia,Eastern Europe,2008,121490,"Other forage products, nes",525.94,2506.08,0.2099
Estonia,Eastern Europe,2008,121490,"Other forage products, nes",488.47,743.309,0.6572
Hong Kong (China),East Asia,2008,121490,"Other forage products, nes",432.76,853.057,0.5073
Malaysia,Southeast Asia,2008,121490,"Other forage products, nes",397.93,1286.71,0.3093
Croatia,Eastern Europe,2008,121490,"Other forage products, nes",330.6,1075.52,0.3074
Mexico,North America,2008,121490,"Other forage products, nes",296.5,1228.52,0.2413
Czech Republic,Eastern Europe,2008,121490,"Other forage products, nes",284.48,233.437,1.2187
Latvia,Eastern Europe,2008,121490,"Other forage products, nes",257.65,1003.06,0.2569
Qatar,Middle East,2008,121490,"Other forage products, nes",222.94,672.355,0.3316
Palestine,Middle East,2008,121490,"Other forage products, nes",201.85,441.989,0.4567
Iceland,Western Europe,2008,121490,"Other forage products, nes",197.06,450.286,0.4376
Hungary,Eastern Europe,2008,121490,"Other forage products, nes",180.0,350.6,0.5134
Sudan,Sub-Saharan Africa,2008,121490,"Other forage products, nes",179.64,28.418,6.3213
Andorra,Western Europe,2008,121490,"Other forage products, nes",177.08,815.315,0.2172
Netherlands Antilles,Central America and Caribbean,2008,121490,"Other forage products, nes",176.67,430.88,0.41
Macao (China),East Asia,2008,121490,"Other forage products, nes",175.39,874.126,0.2006
Russia,Eastern Europe,2008,121490,"Other forage products, nes",162.14,82.057,1.9759
Israel,Middle East,2008,121490,"Other forage products, nes",161.0,299.506,0.5376
Mauritius,Sub-Saharan Africa,2008,121490,"Other forage products, nes",160.87,495.927,0.3244
Lebanon,Middle East,2008,121490,"Other forage products, nes",158.29,409.816,0.3862
Ukraine,Eastern Europe,2008,121490,"Other forage products, nes",139.1,280.0,0.4968
Botswana,Sub-Saharan Africa,2008,121490,"Other forage products, nes",136.67,498.643,0.2741
Brazil,South America,2008,121490,"Other forage products, nes",122.13,157.818,0.7739
New Zealand,Oceania,2008,121490,"Other forage products, nes",117.14,152.141,0.7699
St. Kitts and Nevis,Central America and Caribbean,2008,121490,"Other forage products, nes",97.61,69.515,1.4042
Cambodia,Southeast Asia,2008,121490,"Other forage products, nes",92.12,628.526,0.1466
Venezuela,South America,2008,121490,"Other forage products, nes",90.76,140.619,0.6454
Costa Rica,Central America and Caribbean,2008,121490,"Other forage products, nes",87.2,187.356,0.4654
Grenada,Central America and Caribbean,2008,121490,"Other forage products, nes",85.48,109.565,0.7802
Thailand,Southeast Asia,2008,121490,"Other forage products, nes",78.58,102.953,0.7633
North Macedonia,Eastern Europe,2008,121490,"Other forage products, nes",76.1,224.1,0.3396
Singapore,Southeast Asia,2008,121490,"Other forage products, nes",72.01,77.695,0.9268
Serbia,Eastern Europe,2008,121490,"Other forage products, nes",58.44,72.964,0.8009
Morocco,North Africa,2008,121490,"Other forage products, nes",56.45,180.71,0.3124
Indonesia,Southeast Asia,2008,121490,"Other forage products, nes",55.0,87.446,0.629
Greenland,North America,2008,121490,"Other forage products, nes",54.51,100.19,0.5441
New Caledonia,Oceania,2008,121490,"Other forage products, nes",49.63,47.7,1.0405
Eswatini,Sub-Saharan Africa,2008,121490,"Other forage products, nes",44.43,217.798,0.204
South Africa,Sub-Saharan Africa,2008,121490,"Other forage products, nes",39.18,34.716,1.1286
Montenegro,Eastern Europe,2008,121490,"Other forage products, nes",30.45,144.005,0.2115
Tunisia,North Africa,2008,121490,"Other forage products, nes",27.71,108.53,0.2553
Guatemala,Central America and Caribbean,2008,121490,"Other forage products, nes",25.89,30.593,0.8463
Panama,Central America and Caribbean,2008,121490,"Other forage products, nes",24.76,10.736,2.3063
French Polynesia,Oceania,2008,121490,"Other forage products, nes",22.13,23.024,0.9612
Kenya,Sub-Saharan Africa,2008,121490,"Other forage products, nes",19.11,7.713,2.4776
Namibia,Sub-Saharan Africa,2008,121490,"Other forage products, nes",16.68,88.661,0.1881
Australia,Oceania,2008,121490,"Other forage products, nes",16.39,154.217,0.1063
Mauritania,Sub-Saharan Africa,2008,121490,"Other forage products, nes",14.02,66.556,0.2106
Bulgaria,Eastern Europe,2008,121490,"Other forage products, nes",13.27,8.736,1.519
Belarus,Eastern Europe,2008,121490,"Other forage products, nes",12.7,10.487,1.211
Dominican Republic,Central America and Caribbean,2008,121490,"Other forage products, nes",11.76,32.9395,0.357
Albania,Eastern Europe,2008,121490,"Other forage products, nes",11.29,35.442,0.3185
Zimbabwe,Sub-Saharan Africa,2008,121490,"Other forage products, nes",10.6,30.02,0.3531
Bosnia and Herzegovina,Eastern Europe,2008,121490,"Other forage products, nes",10.53,35.285,0.2984
Chile,South America,2008,121490,"Other forage products, nes",9.26,28.0,0.3307
Peru,South America,2008,121490,"Other forage products, nes",8.12,48.561,0.1672
Kazakhstan,Eastern Europe,2008,121490,"Other forage products, nes",4.61,12.93,0.3565
Burkina Faso,Sub-Saharan Africa,2008,121490,"Other forage products, nes",4.13,5.094,0.8108
Bolivia,South America,2008,121490,"Other forage products, nes",4.07,8.91221,0.4567
Yemen,Middle East,2008,121490,"Other forage products, nes",3.4,15.25,0.223
Tanzania,Sub-Saharan Africa,2008,121490,"Other forage products, nes",3.36,1.5,2.24
St. Lucia,Central America and Caribbean,2008,121490,"Other forage products, nes",2.96,2.293,1.2909
Moldova,Eastern Europe,2008,121490,"Other forage products, nes",2.42,9.276,0.2609
Nicaragua,Central America and Caribbean,2008,121490,"Other forage products, nes",2.22,0.001,2220.0
Uganda,Sub-Saharan Africa,2008,121490,"Other forage products, nes",2.06,29.414,0.07
Mozambique,Sub-Saharan Africa,2008,121490,"Other forage products, nes",1.97,6.062,0.325
El Salvador,Central America and Caribbean,2008,121490,"Other forage products, nes",1.37,10.8269,0.1265
Fiji,Oceania,2008,121490,"Other forage products, nes",1.33,0.218,6.1009
Lesotho,Sub-Saharan Africa,2008,121490,"Other forage products, nes",1.23,2.30167,0.5344
Cape Verde,Sub-Saharan Africa,2008,121490,"Other forage products, nes",1.21,4.727,0.256
Trinidad and Tobago,Central America and Caribbean,2008,121490,"Other forage products, nes",0.89,0.523,1.7017
Sri Lanka,Central Asia,2008,121490,"Other forage products, nes",0.75,1.224,0.6127
Gambia,Sub-Saharan Africa,2008,121490,"Other forage products, nes",0.75,1.95,0.3846
Cote d'Ivoire,Sub-Saharan Africa,2008,121490,"Other forage products, nes",0.4,0.324,1.2346
Bhutan,Central Asia,2008,121490,"Other forage products, nes",0.38,0.409,0.9291
Rwanda,Sub-Saharan Africa,2008,121490,"Other forage products, nes",0.32,0.015,21.3333
Jamaica,Central America and Caribbean,2008,121490,"Other forage products, nes",0.3,0.037,8.1081
Mayotte,Sub-Saharan Africa,2008,121490,"Other forage products, nes",0.21,0.15,1.4
Seychelles,Sub-Saharan Africa,2008,121490,"Other forage products, nes",0.18,0.014,12.8571
Georgia,Eastern Europe,2008,121490,"Other forage products, nes",0.12,0.072,1.6667
Sao Tome and Principe,Sub-Saharan Africa,2008,121490,"Other forage products, nes",0.08,0.034,2.3529
Paraguay,South America,2008,121490,"Other forage products, nes",0.07,0.058,1.2069
Ghana,Sub-Saharan Africa,2008,121490,"Other forage products, nes",0.06,0.071,0.8451
Barbados,Central America and Caribbean,2008,121490,"Other forage products, nes",0.03,0.018,1.6667
Uruguay,South America,2008,121490,"Other forage products, nes",0.03,0.01,3.0
Mali,Sub-Saharan Africa,2008,121490,"Other forage products, nes",0.01,0.044,0.2273
Ethiopia,Sub-Saharan Africa,2008,121490,"Other forage products, nes",0.0,0.0,
Japan,East Asia,2007,121490,"Other forage products, nes",708366.89,2481650.0,0.2854
South Korea,East Asia,2007,121490,"Other forage products, nes",231649.12,879246.0,0.2635
United States,North America,2007,121490,"Other forage products, nes",31152.24,140280.0,0.2221
Switzerland,Western Europe,2007,121490,"Other forage products, nes",21752.06,105333.0,0.2065
United Arab Emirates,Middle East,2007,121490,"Other forage products, nes",21224.02,66634.1,0.3185
Germany,Western Europe,2007,121490,"Other forage products, nes",18452.0,59204.8,0.3117
Other Asia,Other Asia,2007,121490,"Other forage products, nes",14824.8,163237.0,0.0908
France,Western Europe,2007,121490,"Other forage products, nes",9691.4,39390.5,0.246
Norway,Western Europe,2007,121490,"Other forage products, nes",7804.44,21673.7,0.3601
Austria,Western Europe,2007,121490,"Other forage products, nes",7765.66,35392.8,0.2194
United Kingdom,Western Europe,2007,121490,"Other forage products, nes",7655.56,20209.3,0.3788
Belgium,Western Europe,2007,121490,"Other forage products, nes",7301.76,21980.7,0.3322
Portugal,Western Europe,2007,121490,"Other forage products, nes",7204.19,34108.8,0.2112
European Union,Western Europe,2007,121490,"Other forage products, nes",6784.73,11148.7,0.6086
Canada,North America,2007,121490,"Other forage products, nes",5301.56,37526.2,0.1413
Netherlands,Western Europe,2007,121490,"Other forage products, nes",4884.81,22486.5,0.2172
Italy,Western Europe,2007,121490,"Other forage products, nes",4715.51,15787.8,0.2987
Spain,Western Europe,2007,121490,"Other forage products, nes",3956.78,16249.1,0.2435
Poland,Eastern Europe,2007,121490,"Other forage products, nes",2765.57,7747.77,0.357
Romania,Eastern Europe,2007,121490,"Other forage products, nes",2745.18,5446.3,0.504
Jordan,Middle East,2007,121490,"Other forage products, nes",2353.62,14992.7,0.157
Denmark,Western Europe,2007,121490,"Other forage products, nes",2068.8,4537.34,0.4559
Turkey,Eastern Europe,2007,121490,"Other forage products, nes",1711.2,4165.67,0.4108
Malta,Western Europe,2007,121490,"Other forage products, nes",1436.33,5201.49,0.2761
Sweden,Western Europe,2007,121490,"Other forage products, nes",1088.9,867.683,1.255
Greece,Western Europe,2007,121490,"Other forage products, nes",985.82,3519.63,0.2801
Philippines,Southeast Asia,2007,121490,"Other forage products, nes",906.6,2684.58,0.3377
Indonesia,Southeast Asia,2007,121490,"Other forage products, nes",878.19,4017.1,0.2186
Bahrain,Middle East,2007,121490,"Other forage products, nes",622.1,1276.85,0.4872
Faroe Islands,Western Europe,2007,121490,"Other forage products, nes",620.98,1441.17,0.4309
Estonia,Eastern Europe,2007,121490,"Other forage products, nes",502.24,1076.58,0.4665
Bahamas,Central America and Caribbean,2007,121490,"Other forage products, nes",475.29,584.722,0.8128
Oman,Middle East,2007,121490,"Other forage products, nes",464.11,820.898,0.5654
Ireland,Western Europe,2007,121490,"Other forage products, nes",459.23,356.762,1.2872
Croatia,Eastern Europe,2007,121490,"Other forage products, nes",436.25,2075.93,0.2101
Lithuania,Eastern Europe,2007,121490,"Other forage products, nes",404.84,1227.68,0.3298
China,East Asia,2007,121490,"Other forage products, nes",376.74,2088.08,0.1804
Mongolia,East Asia,2007,121490,"Other forage products, nes",370.92,4663.0,0.0795
Mexico,North America,2007,121490,"Other forage products, nes",344.56,1620.33,0.2126
Finland,Western Europe,2007,121490,"Other forage products, nes",329.79,383.423,0.8601
Israel,Middle East,2007,121490,"Other forage products, nes",322.0,706.008,0.4561
Egypt,North Africa,2007,121490,"Other forage products, nes",310.36,961.814,0.3227
Slovenia,Eastern Europe,2007,121490,"Other forage products, nes",309.4,2176.18,0.1422
Luxembourg,Western Europe,2007,121490,"Other forage products, nes",296.03,249.048,1.1886
Slovakia,Eastern Europe,2007,121490,"Other forage products, nes",284.26,880.753,0.3227
Hong Kong (China),East Asia,2007,121490,"Other forage products, nes",257.92,552.76,0.4666
Macao (China),East Asia,2007,121490,"Other forage products, nes",251.26,1413.08,0.1778
Saudi Arabia,Middle East,2007,121490,"Other forage products, nes",250.56,606.0,0.4135
Vietnam,Southeast Asia,2007,121490,"Other forage products, nes",206.21,718.794,0.2869
Netherlands Antilles,Central America and Caribbean,2007,121490,"Other forage products, nes",204.63,548.346,0.3732
Palestine,Middle East,2007,121490,"Other forage products, nes",195.28,605.173,0.3227
Kuwait,Middle East,2007,121490,"Other forage products, nes",188.51,618.382,0.3048
Thailand,Southeast Asia,2007,121490,"Other forage products, nes",184.98,69.595,2.6579
Libya,North Africa,2007,121490,"Other forage products, nes",150.83,201.082,0.7501
Iceland,Western Europe,2007,121490,"Other forage products, nes",150.41,511.789,0.2939
Malaysia,Southeast Asia,2007,121490,"Other forage products, nes",146.49,725.239,0.202
Singapore,Southeast Asia,2007,121490,"Other forage products, nes",142.07,268.602,0.5289
Andorra,Western Europe,2007,121490,"Other forage products, nes",137.39,812.961,0.169
Bulgaria,Eastern Europe,2007,121490,"Other forage products, nes",133.68,178.811,0.7476
Hungary,Eastern Europe,2007,121490,"Other forage products, nes",131.0,946.4,0.1384
St. Kitts and Nevis,Central America and Caribbean,2007,121490,"Other forage products, nes",111.39,106.718,1.0438
Czech Republic,Eastern Europe,2007,121490,"Other forage products, nes",109.15,101.672,1.0736
Russia,Eastern Europe,2007,121490,"Other forage products, nes",100.19,65.993,1.5182
Australia,Oceania,2007,121490,"Other forage products, nes",96.73,179.198,0.5398
New Zealand,Oceania,2007,121490,"Other forage products, nes",94.31,148.277,0.636
Qatar,Middle East,2007,121490,"Other forage products, nes",90.34,419.827,0.2152
Botswana,Sub-Saharan Africa,2007,121490,"Other forage products, nes",87.84,1189.83,0.0738
Cyprus,Western Europe,2007,121490,"Other forage products, nes",83.09,294.865,0.2818
Latvia,Eastern Europe,2007,121490,"Other forage products, nes",79.17,243.147,0.3256
Montenegro,Eastern Europe,2007,121490,"Other forage products, nes",75.91,309.865,0.245
Tunisia,North Africa,2007,121490,"Other forage products, nes",71.35,787.26,0.0906
Ukraine,Eastern Europe,2007,121490,"Other forage products, nes",64.11,130.0,0.4932
Mauritius,Sub-Saharan Africa,2007,121490,"Other forage products, nes",61.66,110.782,0.5566
Greenland,North America,2007,121490,"Other forage products, nes",57.78,95.644,0.6041
Grenada,Central America and Caribbean,2007,121490,"Other forage products, nes",52.58,63.437,0.8289
Costa Rica,Central America and Caribbean,2007,121490,"Other forage products, nes",50.84,137.851,0.3688
Guatemala,Central America and Caribbean,2007,121490,"Other forage products, nes",36.91,7.895,4.6751
Morocco,North Africa,2007,121490,"Other forage products, nes",35.08,98.27,0.357
South Africa,Sub-Saharan Africa,2007,121490,"Other forage products, nes",33.8,23.411,1.4438
Albania,Eastern Europe,2007,121490,"Other forage products, nes",30.93,216.68,0.1427
Panama,Central America and Caribbean,2007,121490,"Other forage products, nes",27.07,13.338,2.0295
Kenya,Sub-Saharan Africa,2007,121490,"Other forage products, nes",24.92,10.001,2.4918
Angola,Sub-Saharan Africa,2007,121490,"Other forage products, nes",23.08,20.293,1.1373
Bosnia and Herzegovina,Eastern Europe,2007,121490,"Other forage products, nes",22.51,96.356,0.2336
Ecuador,South America,2007,121490,"Other forage products, nes",22.29,7.5,2.972
Namibia,Sub-Saharan Africa,2007,121490,"Other forage products, nes",19.99,65.597,0.3047
Chile,South America,2007,121490,"Other forage products, nes",18.58,79.32,0.2342
French Polynesia,Oceania,2007,121490,"Other forage products, nes",17.01,34.553,0.4923
Brunei,Southeast Asia,2007,121490,"Other forage products, nes",16.06,55.985,0.2869
Lesotho,Sub-Saharan Africa,2007,121490,"Other forage products, nes",14.46,42.7575,0.3382
Mauritania,Sub-Saharan Africa,2007,121490,"Other forage products, nes",14.32,32.9,0.4353
Brazil,South America,2007,121490,"Other forage products, nes",13.01,22.869,0.5689
North Macedonia,Eastern Europe,2007,121490,"Other forage products, nes",12.59,48.512,0.2595
New Caledonia,Oceania,2007,121490,"Other forage products, nes",11.09,10.592,1.047
Venezuela,South America,2007,121490,"Other forage products, nes",9.94,22.0,0.4518
Gambia,Sub-Saharan Africa,2007,121490,"Other forage products, nes",8.91,40.22,0.2215
Cape Verde,Sub-Saharan Africa,2007,121490,"Other forage products, nes",8.23,22.82,0.3606
Algeria,North Africa,2007,121490,"Other forage products, nes",7.85,3.563,2.2032
Belarus,Eastern Europe,2007,121490,"Other forage products, nes",7.7,8.046,0.957
Uganda,Sub-Saharan Africa,2007,121490,"Other forage products, nes",7.28,2.0,3.64
Moldova,Eastern Europe,2007,121490,"Other forage products, nes",6.92,31.506,0.2196
Trinidad and Tobago,Central America and Caribbean,2007,121490,"Other forage products, nes",4.73,3.8,1.2447
Eswatini,Sub-Saharan Africa,2007,121490,"Other forage products, nes",4.49,4.296,1.0452
Dominican Republic,Central America and Caribbean,2007,121490,"Other forage products, nes",3.94,0.62,6.3548
Lebanon,Middle East,2007,121490,"Other forage products, nes",3.74,79.754,0.0469
Maldives,Central Asia,2007,121490,"Other forage products, nes",3.65,3.939,0.9266
Burundi,Sub-Saharan Africa,2007,121490,"Other forage products, nes",3.28,25.0,0.1312
Antigua and Barbuda,Central America and Caribbean,2007,121490,"Other forage products, nes",3.27,2.529,1.293
Serbia,Eastern Europe,2007,121490,"Other forage products, nes",3.11,2.076,1.4981
St. Lucia,Central America and Caribbean,2007,121490,"Other forage products, nes",3.02,3.869,0.7806
Honduras,Central America and Caribbean,2007,121490,"Other forage products, nes",2.72,0.017,160.0
Mozambique,Sub-Saharan Africa,2007,121490,"Other forage products, nes",2.41,8.407,0.2867
Sudan,Sub-Saharan Africa,2007,121490,"Other forage products, nes",1.89,0.6,3.15
El Salvador,Central America and Caribbean,2007,121490,"Other forage products, nes",1.64,0.28866,5.6814
Ghana,Sub-Saharan Africa,2007,121490,"Other forage products, nes",0.84,0.543,1.547
Cote d'Ivoire,Sub-Saharan Africa,2007,121490,"Other forage products, nes",0.75,0.778,0.964
Jamaica,Central America and Caribbean,2007,121490,"Other forage products, nes",0.61,0.041,14.878
Senegal,Sub-Saharan Africa,2007,121490,"Other forage products, nes",0.57,0.02,28.5
Seychelles,Sub-Saharan Africa,2007,121490,"Other forage products, nes",0.54,0.15374700000000002,3.5123
Benin,Sub-Saharan Africa,2007,121490,"Other forage products, nes",0.5,1.172,0.4266
Peru,South America,2007,121490,"Other forage products, nes",0.39,0.1,3.9
Malawi,Sub-Saharan Africa,2007,121490,"Other forage products, nes",0.35,0.2,1.75
Kazakhstan,Eastern Europe,2007,121490,"Other forage products, nes",0.32,0.142,2.2535
Fiji,Oceania,2007,121490,"Other forage products, nes",0.28,0.001,280.0
Bhutan,Central Asia,2007,121490,"Other forage products, nes",0.21,0.094,2.234
Vanuatu,Oceania,2007,121490,"Other forage products, nes",0.14,0.025,5.6
Nicaragua,Central America and Caribbean,2007,121490,"Other forage products, nes",0.09,0.046,1.9565
India,Central Asia,2007,121490,"Other forage products, nes",0.08,0.016,5.0
Yemen,Middle East,2007,121490,"Other forage products, nes",0.08,0.28,0.2857
Pakistan,Central Asia,2007,121490,"Other forage products, nes",0.08,0.165,0.4848
Tanzania,Sub-Saharan Africa,2007,121490,"Other forage products, nes",0.05,0.73,0.0685
Mali,Sub-Saharan Africa,2007,121490,"Other forage products, nes",0.04,0.737,0.0543
Cameroon,Sub-Saharan Africa,2007,121490,"Other forage products, nes",0.04,0.023,1.7391
Zimbabwe,Sub-Saharan Africa,2007,121490,"Other forage products, nes",0.01,0.001,10.0
Japan,East Asia,2006,121490,"Other forage products, nes",707135.08,2681900.0,0.2637
South Korea,East Asia,2006,121490,"Other forage products, nes",154054.73,673430.0,0.2288
United States,North America,2006,121490,"Other forage products, nes",20775.48,87200.0,0.2383
Switzerland,Western Europe,2006,121490,"Other forage products, nes",20358.52,111020.0,0.1834
Other Asia,Other Asia,2006,121490,"Other forage products, nes",14912.17,168706.0,0.0884
France,Western Europe,2006,121490,"Other forage products, nes",12159.98,61042.0,0.1992
Norway,Western Europe,2006,121490,"Other forage products, nes",6964.8,24265.5,0.287
United Kingdom,Western Europe,2006,121490,"Other forage products, nes",6146.6,20177.3,0.3046
Austria,Western Europe,2006,121490,"Other forage products, nes",5342.5,30347.1,0.176
European Union,Western Europe,2006,121490,"Other forage products, nes",5236.24,10700.5,0.4893
Spain,Western Europe,2006,121490,"Other forage products, nes",5169.81,12949.3,0.3992
Germany,Western Europe,2006,121490,"Other forage products, nes",5142.0,17096.4,0.3008
Canada,North America,2006,121490,"Other forage products, nes",5023.46,44740.4,0.1123
Italy,Western Europe,2006,121490,"Other forage products, nes",4790.3,21053.3,0.2275
Portugal,Western Europe,2006,121490,"Other forage products, nes",4780.19,25810.7,0.1852
Belgium,Western Europe,2006,121490,"Other forage products, nes",4145.85,16822.3,0.2464
Netherlands,Western Europe,2006,121490,"Other forage products, nes",3188.49,22411.4,0.1423
Denmark,Western Europe,2006,121490,"Other forage products, nes",1891.8,4201.72,0.4502
Poland,Eastern Europe,2006,121490,"Other forage products, nes",1795.1,6421.07,0.2796
Jordan,Middle East,2006,121490,"Other forage products, nes",1401.05,8643.54,0.1621
Philippines,Southeast Asia,2006,121490,"Other forage products, nes",997.42,4281.37,0.233
Egypt,North Africa,2006,121490,"Other forage products, nes",957.73,3328.64,0.2877
Sweden,Western Europe,2006,121490,"Other forage products, nes",793.97,991.02,0.8012
Malta,Western Europe,2006,121490,"Other forage products, nes",651.44,2024.3,0.3218
Saudi Arabia,Middle East,2006,121490,"Other forage products, nes",592.52,2112.0,0.2805
Greece,Western Europe,2006,121490,"Other forage products, nes",553.36,2889.37,0.1915
Faroe Islands,Western Europe,2006,121490,"Other forage products, nes",493.03,1475.1,0.3342
Oman,Middle East,2006,121490,"Other forage products, nes",483.69,1076.69,0.4492
Turkey,Eastern Europe,2006,121490,"Other forage products, nes",425.02,1104.43,0.3848
Thailand,Southeast Asia,2006,121490,"Other forage products, nes",424.37,2209.7,0.192
Bahamas,Central America and Caribbean,2006,121490,"Other forage products, nes",398.34,350.697,1.1359
Bahrain,Middle East,2006,121490,"Other forage products, nes",391.19,983.73,0.3977
Mexico,North America,2006,121490,"Other forage products, nes",387.11,1917.46,0.2019
Kuwait,Middle East,2006,121490,"Other forage products, nes",327.65,1152.06,0.2844
Luxembourg,Western Europe,2006,121490,"Other forage products, nes",324.66,297.554,1.0911
Croatia,Eastern Europe,2006,121490,"Other forage products, nes",310.48,2408.39,0.1289
Macao (China),East Asia,2006,121490,"Other forage products, nes",277.47,1404.28,0.1976
Iceland,Western Europe,2006,121490,"Other forage products, nes",258.75,1185.5,0.2183
Slovakia,Eastern Europe,2006,121490,"Other forage products, nes",250.1,688.824,0.3631
Andorra,Western Europe,2006,121490,"Other forage products, nes",229.14,1445.07,0.1586
Hong Kong (China),East Asia,2006,121490,"Other forage products, nes",216.56,553.608,0.3912
Lithuania,Eastern Europe,2006,121490,"Other forage products, nes",203.84,581.84,0.3503
Finland,Western Europe,2006,121490,"Other forage products, nes",203.76,284.623,0.7159
Indonesia,Southeast Asia,2006,121490,"Other forage products, nes",183.16,457.226,0.4006
Ethiopia,Sub-Saharan Africa,2006,121490,"Other forage products, nes",180.75,1978.36,0.0914
Ireland,Western Europe,2006,121490,"Other forage products, nes",175.45,35.884,4.8894
Estonia,Eastern Europe,2006,121490,"Other forage products, nes",162.82,221.891,0.7338
Lebanon,Middle East,2006,121490,"Other forage products, nes",157.85,376.894,0.4188
Netherlands Antilles,Central America and Caribbean,2006,121490,"Other forage products, nes",148.51,389.832,0.381
Singapore,Southeast Asia,2006,121490,"Other forage products, nes",146.52,338.32,0.4331
Qatar,Middle East,2006,121490,"Other forage products, nes",142.09,391.9,0.3626
Malaysia,Southeast Asia,2006,121490,"Other forage products, nes",140.94,591.648,0.2382
China,East Asia,2006,121490,"Other forage products, nes",118.86,327.344,0.3631
Uruguay,South America,2006,121490,"Other forage products, nes",116.86,642.005,0.182
Vietnam,Southeast Asia,2006,121490,"Other forage products, nes",105.01,332.596,0.3157
Latvia,Eastern Europe,2006,121490,"Other forage products, nes",86.7,127.197,0.6816
Hungary,Eastern Europe,2006,121490,"Other forage products, nes",81.0,387.3,0.2091
Malawi,Sub-Saharan Africa,2006,121490,"Other forage products, nes",76.5,101.89279124167196,0.7508
Czech Republic,Eastern Europe,2006,121490,"Other forage products, nes",76.13,58.65,1.298
Mauritius,Sub-Saharan Africa,2006,121490,"Other forage products, nes",74.79,161.99,0.4617
Mongolia,East Asia,2006,121490,"Other forage products, nes",74.67,1181.03,0.0632
St. Kitts and Nevis,Central America and Caribbean,2006,121490,"Other forage products, nes",73.45,88.155,0.8332
Slovenia,Eastern Europe,2006,121490,"Other forage products, nes",72.58,284.399,0.2552
Botswana,Sub-Saharan Africa,2006,121490,"Other forage products, nes",62.49,791.046,0.079
Israel,Middle East,2006,121490,"Other forage products, nes",57.0,180.535,0.3157
Bosnia and Herzegovina,Eastern Europe,2006,121490,"Other forage products, nes",56.35,420.489,0.134
South Africa,Sub-Saharan Africa,2006,121490,"Other forage products, nes",55.74,64.661,0.862
Australia,Oceania,2006,121490,"Other forage products, nes",53.59,0.569,94.1828
Grenada,Central America and Caribbean,2006,121490,"Other forage products, nes",48.69,69.576,0.6998
Brazil,South America,2006,121490,"Other forage products, nes",48.08,68.104,0.706
Montenegro,Eastern Europe,2006,121490,"Other forage products, nes",47.44,395.096,0.1201
Algeria,North Africa,2006,121490,"Other forage products, nes",46.92,611.2,0.0768
New Zealand,Oceania,2006,121490,"Other forage products, nes",44.77,69.916,0.6403
Romania,Eastern Europe,2006,121490,"Other forage products, nes",44.28,175.089,0.2529
Greenland,North America,2006,121490,"Other forage products, nes",40.52,138.106,0.2934
New Caledonia,Oceania,2006,121490,"Other forage products, nes",28.6,42.646,0.6706
North Macedonia,Eastern Europe,2006,121490,"Other forage products, nes",24.79,86.5,0.2866
Kenya,Sub-Saharan Africa,2006,121490,"Other forage products, nes",23.04,9.218,2.4995
French Polynesia,Oceania,2006,121490,"Other forage products, nes",21.61,50.159,0.4308
Albania,Eastern Europe,2006,121490,"Other forage products, nes",20.68,184.248,0.1122
Russia,Eastern Europe,2006,121490,"Other forage products, nes",20.56,38.906,0.5285
Cyprus,Western Europe,2006,121490,"Other forage products, nes",20.23,53.486,0.3782
Costa Rica,Central America and Caribbean,2006,121490,"Other forage products, nes",18.26,52.302,0.3491
Honduras,Central America and Caribbean,2006,121490,"Other forage products, nes",16.27,51.364,0.3168
Lesotho,Sub-Saharan Africa,2006,121490,"Other forage products, nes",11.58,33.90313781431335,0.3416
Guatemala,Central America and Caribbean,2006,121490,"Other forage products, nes",10.8,2.699,4.0015
Venezuela,South America,2006,121490,"Other forage products, nes",10.62,22.0,0.4827
Panama,Central America and Caribbean,2006,121490,"Other forage products, nes",9.05,3.039,2.978
Serbia,Eastern Europe,2006,121490,"Other forage products, nes",8.82,24.018,0.3672
Belarus,Eastern Europe,2006,121490,"Other forage products, nes",8.7,41.549,0.2094
Brunei,Southeast Asia,2006,121490,"Other forage products, nes",7.96,12.94740379403794,0.6148
Namibia,Sub-Saharan Africa,2006,121490,"Other forage products, nes",7.64,94.434,0.0809
Fiji,Oceania,2006,121490,"Other forage products, nes",6.84,1.195,5.7238
India,Central Asia,2006,121490,"Other forage products, nes",6.76,7.248,0.9327
Cape Verde,Sub-Saharan Africa,2006,121490,"Other forage products, nes",4.36,9.574,0.4554
Morocco,North Africa,2006,121490,"Other forage products, nes",3.83,18.472,0.2073
Antigua and Barbuda,Central America and Caribbean,2006,121490,"Other forage products, nes",3.8,2.477,1.5341
Moldova,Eastern Europe,2006,121490,"Other forage products, nes",3.53,19.76,0.1786
Eswatini,Sub-Saharan Africa,2006,121490,"Other forage products, nes",3.44,1.625,2.1169
Syria,Middle East,2006,121490,"Other forage products, nes",3.24,20.0,0.162
St. Lucia,Central America and Caribbean,2006,121490,"Other forage products, nes",3.09,2.483,1.2445
Mozambique,Sub-Saharan Africa,2006,121490,"Other forage products, nes",2.54,8.059,0.3152
Tunisia,North Africa,2006,121490,"Other forage products, nes",2.24,27.03,0.0829
Bulgaria,Eastern Europe,2006,121490,"Other forage products, nes",2.1,1.156,1.8166
Cote d'Ivoire,Sub-Saharan Africa,2006,121490,"Other forage products, nes",1.73,1.793,0.9649
Dominican Republic,Central America and Caribbean,2006,121490,"Other forage products, nes",1.1,0.18,6.1111
El Salvador,Central America and Caribbean,2006,121490,"Other forage products, nes",0.7,1.53045,0.4574
Trinidad and Tobago,Central America and Caribbean,2006,121490,"Other forage products, nes",0.68,0.122,5.5738
Vanuatu,Oceania,2006,121490,"Other forage products, nes",0.36,0.04,9.0
Sudan,Sub-Saharan Africa,2006,121490,"Other forage products, nes",0.35,0.050439667806546164,6.939
Ghana,Sub-Saharan Africa,2006,121490,"Other forage products, nes",0.29,0.106,2.7358
Gambia,Sub-Saharan Africa,2006,121490,"Other forage products, nes",0.27,0.048,5.625
Jamaica,Central America and Caribbean,2006,121490,"Other forage products, nes",0.25,0.031,8.0645
Madagascar,Sub-Saharan Africa,2006,121490,"Other forage products, nes",0.21,1.035,0.2029
Burkina Faso,Sub-Saharan Africa,2006,121490,"Other forage products, nes",0.19,0.56,0.3393
Chile,South America,2006,121490,"Other forage products, nes",0.15,0.001601,93.6914
Tanzania,Sub-Saharan Africa,2006,121490,"Other forage products, nes",0.12,0.04,3.0
Georgia,Eastern Europe,2006,121490,"Other forage products, nes",0.11,0.016,6.875
Niger,Sub-Saharan Africa,2006,121490,"Other forage products, nes",0.1,0.117,0.8547
Yemen,Middle East,2006,121490,"Other forage products, nes",0.08,1.5,0.0533
Seychelles,Sub-Saharan Africa,2006,121490,"Other forage products, nes",0.06,0.003,20.0
Barbados,Central America and Caribbean,2006,121490,"Other forage products, nes",0.04,0.021,1.9048
Samoa,Oceania,2006,121490,"Other forage products, nes",0.01,0.3,0.0333
Mali,Sub-Saharan Africa,2006,121490,"Other forage products, nes",0.01,0.011,0.9091
Japan,East Asia,2005,121490,"Other forage products, nes",672877.35,2677230.0,0.2513
South Korea,East Asia,2005,121490,"Other forage products, nes",138178.18,673387.0,0.2052
United States,North America,2005,121490,"Other forage products, nes",15446.71,66.047,233.8745
Other Asia,Other Asia,2005,121490,"Other forage products, nes",13959.72,155811.0,0.0896
Switzerland,Western Europe,2005,121490,"Other forage products, nes",9322.64,52236.9,0.1785
Portugal,Western Europe,2005,121490,"Other forage products, nes",8738.76,52550.8,0.1663
France,Western Europe,2005,121490,"Other forage products, nes",8393.86,39553.0,0.2122
Canada,North America,2005,121490,"Other forage products, nes",6374.87,80932.9,0.0788
United Arab Emirates,Middle East,2005,121490,"Other forage products, nes",6247.34,19066.3,0.3277
Spain,Western Europe,2005,121490,"Other forage products, nes",5722.88,16334.7,0.3504
European Union,Western Europe,2005,121490,"Other forage products, nes",5360.45,11593.6,0.4624
United Kingdom,Western Europe,2005,121490,"Other forage products, nes",5348.47,18490.0,0.2893
Norway,Western Europe,2005,121490,"Other forage products, nes",5287.22,18197.2,0.2906
Austria,Western Europe,2005,121490,"Other forage products, nes",5052.22,30795.3,0.1641
Netherlands,Western Europe,2005,121490,"Other forage products, nes",4593.51,34844.3,0.1318
Belgium,Western Europe,2005,121490,"Other forage products, nes",4536.31,21680.4,0.2092
Italy,Western Europe,2005,121490,"Other forage products, nes",4418.51,21987.6,0.201
Germany,Western Europe,2005,121490,"Other forage products, nes",4287.0,12540.7,0.3418
Egypt,North Africa,2005,121490,"Other forage products, nes",1586.52,5047.94,0.3143
Poland,Eastern Europe,2005,121490,"Other forage products, nes",1461.64,6028.65,0.2424
Denmark,Western Europe,2005,121490,"Other forage products, nes",1411.73,4841.95,0.2916
Bahrain,Middle East,2005,121490,"Other forage products, nes",1215.67,3910.51,0.3109
Philippines,Southeast Asia,2005,121490,"Other forage products, nes",1102.64,5238.28,0.2105
Mexico,North America,2005,121490,"Other forage products, nes",1024.41,9118.65,0.1123
Saudi Arabia,Middle East,2005,121490,"Other forage products, nes",966.64,4494.0,0.2151
Greece,Western Europe,2005,121490,"Other forage products, nes",769.97,2657.17,0.2898
Sweden,Western Europe,2005,121490,"Other forage products, nes",614.83,818.666,0.751
Jordan,Middle East,2005,121490,"Other forage products, nes",546.51,1730.96,0.3157
Malta,Western Europe,2005,121490,"Other forage products, nes",523.48,1844.34,0.2838
Finland,Western Europe,2005,121490,"Other forage products, nes",467.66,2572.64,0.1818
Faroe Islands,Western Europe,2005,121490,"Other forage products, nes",441.19,1331.63,0.3313
Bahamas,Central America and Caribbean,2005,121490,"Other forage products, nes",377.17,345.374,1.0921
Mongolia,East Asia,2005,121490,"Other forage products, nes",355.86,4869.4,0.0731
Latvia,Eastern Europe,2005,121490,"Other forage products, nes",327.58,2981.55,0.1099
Ireland,Western Europe,2005,121490,"Other forage products, nes",275.96,172.233,1.6022
Thailand,Southeast Asia,2005,121490,"Other forage products, nes",250.55,1147.71,0.2183
Oman,Middle East,2005,121490,"Other forage products, nes",250.28,319.206,0.7841
Hong Kong (China),East Asia,2005,121490,"Other forage products, nes",247.46,622.605,0.3975
Macao (China),East Asia,2005,121490,"Other forage products, nes",244.47,1269.56,0.1926
Luxembourg,Western Europe,2005,121490,"Other forage products, nes",201.6,172.553,1.1683
Namibia,Sub-Saharan Africa,2005,121490,"Other forage products, nes",167.02,529.006,0.3157
Singapore,Southeast Asia,2005,121490,"Other forage products, nes",165.04,275.7,0.5986
Qatar,Middle East,2005,121490,"Other forage products, nes",143.04,284.656,0.5025
Botswana,Sub-Saharan Africa,2005,121490,"Other forage products, nes",140.7,1481.68,0.095
Netherlands Antilles,Central America and Caribbean,2005,121490,"Other forage products, nes",136.94,395.49,0.3463
Slovakia,Eastern Europe,2005,121490,"Other forage products, nes",117.91,101.512,1.1615
Iceland,Western Europe,2005,121490,"Other forage products, nes",109.03,546.508,0.1995
Slovenia,Eastern Europe,2005,121490,"Other forage products, nes",107.72,397.49,0.271
Croatia,Eastern Europe,2005,121490,"Other forage products, nes",103.33,678.296,0.1523
Greenland,North America,2005,121490,"Other forage products, nes",72.24,243.707,0.2964
Vietnam,Southeast Asia,2005,121490,"Other forage products, nes",71.77,227.316,0.3157
South Africa,Sub-Saharan Africa,2005,121490,"Other forage products, nes",60.46,88.831,0.6806
Mauritius,Sub-Saharan Africa,2005,121490,"Other forage products, nes",60.07,126.771,0.4738
St. Kitts and Nevis,Central America and Caribbean,2005,121490,"Other forage products, nes",59.96,80.765,0.7424
Eswatini,Sub-Saharan Africa,2005,121490,"Other forage products, nes",58.25,96.224,0.6054
Estonia,Eastern Europe,2005,121490,"Other forage products, nes",55.65,137.453,0.4049
Australia,Oceania,2005,121490,"Other forage products, nes",53.09,76.981,0.6897
Lebanon,Middle East,2005,121490,"Other forage products, nes",49.0,95.0,0.5158
Czech Republic,Eastern Europe,2005,121490,"Other forage products, nes",45.91,84.673,0.5422
Hungary,Eastern Europe,2005,121490,"Other forage products, nes",43.0,50.8,0.8465
New Caledonia,Oceania,2005,121490,"Other forage products, nes",42.67,74.707,0.5712
Chile,South America,2005,121490,"Other forage products, nes",41.36,42.0,0.9848
Israel,Middle East,2005,121490,"Other forage products, nes",41.0,129.859,0.3157
Algeria,North Africa,2005,121490,"Other forage products, nes",37.95,136.66,0.2777
Indonesia,Southeast Asia,2005,121490,"Other forage products, nes",34.88,168.798,0.2066
Venezuela,South America,2005,121490,"Other forage products, nes",34.13,55.049,0.62
French Polynesia,Oceania,2005,121490,"Other forage products, nes",32.04,43.82,0.7312
Malaysia,Southeast Asia,2005,121490,"Other forage products, nes",30.26,106.265,0.2848
Lesotho,Sub-Saharan Africa,2005,121490,"Other forage products, nes",26.9,78.33330000000001,0.3434
Kenya,Sub-Saharan Africa,2005,121490,"Other forage products, nes",25.91,8.425,3.0754
New Zealand,Oceania,2005,121490,"Other forage products, nes",24.66,55.025,0.4482
Tunisia,North Africa,2005,121490,"Other forage products, nes",23.31,307.242,0.0759
Romania,Eastern Europe,2005,121490,"Other forage products, nes",16.91,66.032,0.2561
Lithuania,Eastern Europe,2005,121490,"Other forage products, nes",16.28,24.572,0.6625
Cyprus,Western Europe,2005,121490,"Other forage products, nes",15.78,34.028,0.4637
Russia,Eastern Europe,2005,121490,"Other forage products, nes",15.67,424.363,0.0369
Costa Rica,Central America and Caribbean,2005,121490,"Other forage products, nes",15.08,48.527,0.3108
Grenada,Central America and Caribbean,2005,121490,"Other forage products, nes",15.03,30.787,0.4882
Guatemala,Central America and Caribbean,2005,121490,"Other forage products, nes",14.91,4.111,3.6269
China,East Asia,2005,121490,"Other forage products, nes",13.87,50.818,0.2729
Brazil,South America,2005,121490,"Other forage products, nes",13.43,18.829,0.7133
North Macedonia,Eastern Europe,2005,121490,"Other forage products, nes",11.18,30.072,0.3718
Albania,Eastern Europe,2005,121490,"Other forage products, nes",10.7,76.583,0.1397
Belarus,Eastern Europe,2005,121490,"Other forage products, nes",9.9,80.458,0.123
Bulgaria,Eastern Europe,2005,121490,"Other forage products, nes",7.35,8.22,0.8942
Malawi,Sub-Saharan Africa,2005,121490,"Other forage products, nes",7.02,8.891,0.7896
Panama,Central America and Caribbean,2005,121490,"Other forage products, nes",6.56,2.18,3.0092
Paraguay,South America,2005,121490,"Other forage products, nes",6.11,29.4,0.2078
Morocco,North Africa,2005,121490,"Other forage products, nes",5.81,25.55,0.2274
Bosnia and Herzegovina,Eastern Europe,2005,121490,"Other forage products, nes",5.74,42.59,0.1348
Belize,Central America and Caribbean,2005,121490,"Other forage products, nes",5.56,23.543,0.2362
Mozambique,Sub-Saharan Africa,2005,121490,"Other forage products, nes",5.54,17.559,0.3155
Fiji,Oceania,2005,121490,"Other forage products, nes",4.28,1.137,3.7643
Honduras,Central America and Caribbean,2005,121490,"Other forage products, nes",3.18,0.677,4.6972
Maldives,Central Asia,2005,121490,"Other forage products, nes",3.16,1.511,2.0913
East Timor,Southeast Asia,2005,121490,"Other forage products, nes",2.53,8.016,0.3156
Antigua and Barbuda,Central America and Caribbean,2005,121490,"Other forage products, nes",2.49,1.909,1.3043
St. Lucia,Central America and Caribbean,2005,121490,"Other forage products, nes",2.34,3.505,0.6676
Cape Verde,Sub-Saharan Africa,2005,121490,"Other forage products, nes",2.11,8.553,0.2467
Tanzania,Sub-Saharan Africa,2005,121490,"Other forage products, nes",2.02,47.472,0.0426
Kazakhstan,Eastern Europe,2005,121490,"Other forage products, nes",1.92,10.08,0.1905
Jamaica,Central America and Caribbean,2005,121490,"Other forage products, nes",1.56,1.143,1.3648
Yemen,Middle East,2005,121490,"Other forage products, nes",1.51,3.771,0.4004
Trinidad and Tobago,Central America and Caribbean,2005,121490,"Other forage products, nes",1.42,0.47,3.0213
Nicaragua,Central America and Caribbean,2005,121490,"Other forage products, nes",1.23,4.74,0.2595
St. Vincent and the Grenadines,Central America and Caribbean,2005,121490,"Other forage products, nes",1.22,0.435,2.8046
Cambodia,Southeast Asia,2005,121490,"Other forage products, nes",0.95,3.0,0.3167
Dominican Republic,Central America and Caribbean,2005,121490,"Other forage products, nes",0.87,0.045,19.3333
Gambia,Sub-Saharan Africa,2005,121490,"Other forage products, nes",0.82,5.093,0.161
El Salvador,Central America and Caribbean,2005,121490,"Other forage products, nes",0.79,0.20858000000000002,3.7875
Cote d'Ivoire,Sub-Saharan Africa,2005,121490,"Other forage products, nes",0.63,0.772,0.8161
India,Central Asia,2005,121490,"Other forage products, nes",0.56,2.8,0.2
Bolivia,South America,2005,121490,"Other forage products, nes",0.4,1.28225,0.312
Barbados,Central America and Caribbean,2005,121490,"Other forage products, nes",0.4,0.542,0.738
Sri Lanka,Central Asia,2005,121490,"Other forage products, nes",0.17,0.015,11.3333
Senegal,Sub-Saharan Africa,2005,121490,"Other forage products, nes",0.16,0.053,3.0189
Suriname,South America,2005,121490,"Other forage products, nes",0.09,0.455,0.1978
Uganda,Sub-Saharan Africa,2005,121490,"Other forage products, nes",0.07,0.24,0.2917
Ghana,Sub-Saharan Africa,2005,121490,"Other forage products, nes",0.06,0.19,0.3158
Sao Tome and Principe,Sub-Saharan Africa,2005,121490,"Other forage products, nes",0.05,0.016,3.125
Bhutan,Central Asia,2005,121490,"Other forage products, nes",0.04,1.0,0.04
Argentina,South America,2005,121490,"Other forage products, nes",0.03,0.106,0.283
Seychelles,Sub-Saharan Africa,2005,121490,"Other forage products, nes",0.02,0.001,20.0
Samoa,Oceania,2005,121490,"Other forage products, nes",0.0,0.0,
Japan,East Asia,2004,121490,"Other forage products, nes",623449.8,2639120.0,0.2362
South Korea,East Asia,2004,121490,"Other forage products, nes",106435.8,581796.0,0.1829
Other Asia,Other Asia,2004,121490,"Other forage products, nes",25211.85,213728.0,0.118
France,Western Europe,2004,121490,"Other forage products, nes",17483.57,102623.0,0.1704
Switzerland,Western Europe,2004,121490,"Other forage products, nes",16526.07,75254.4,0.2196
United States,North America,2004,121490,"Other forage products, nes",13845.54,64.038,216.2082
Italy,Western Europe,2004,121490,"Other forage products, nes",10033.96,54619.9,0.1837
Kuwait,Middle East,2004,121490,"Other forage products, nes",8839.24,80181.9,0.1102
European Union,Western Europe,2004,121490,"Other forage products, nes",7786.39,19203.8,0.4055
Norway,Western Europe,2004,121490,"Other forage products, nes",6533.0,21267.7,0.3072
Portugal,Western Europe,2004,121490,"Other forage products, nes",6454.64,36820.0,0.1753
Canada,North America,2004,121490,"Other forage products, nes",6427.15,80897.6,0.0794
Austria,Western Europe,2004,121490,"Other forage products, nes",6062.8,32337.4,0.1875
Germany,Western Europe,2004,121490,"Other forage products, nes",5696.0,21586.1,0.2639
United Kingdom,Western Europe,2004,121490,"Other forage products, nes",5693.32,16360.0,0.348
Belgium,Western Europe,2004,121490,"Other forage products, nes",5130.22,23971.1,0.214
Spain,Western Europe,2004,121490,"Other forage products, nes",4957.29,11865.3,0.4178
Netherlands,Western Europe,2004,121490,"Other forage products, nes",2662.92,16728.0,0.1592
Malta,Western Europe,2004,121490,"Other forage products, nes",1787.11,5660.27,0.3157
Greece,Western Europe,2004,121490,"Other forage products, nes",1774.99,7431.93,0.2388
Denmark,Western Europe,2004,121490,"Other forage products, nes",1595.53,4191.17,0.3807
Philippines,Southeast Asia,2004,121490,"Other forage products, nes",1267.72,6654.36,0.1905
Bahrain,Middle East,2004,121490,"Other forage products, nes",1088.56,3725.56,0.2922
Saudi Arabia,Middle East,2004,121490,"Other forage products, nes",1080.54,6187.0,0.1746
Luxembourg,Western Europe,2004,121490,"Other forage products, nes",853.01,726.621,1.1739
Botswana,Sub-Saharan Africa,2004,121490,"Other forage products, nes",834.18,2642.08,0.3157
Egypt,North Africa,2004,121490,"Other forage products, nes",598.83,2415.47,0.2479
Oman,Middle East,2004,121490,"Other forage products, nes",575.14,562.269,1.0229
Sweden,Western Europe,2004,121490,"Other forage products, nes",458.88,1158.95,0.3959
Mongolia,East Asia,2004,121490,"Other forage products, nes",439.8,3994.69,0.1101
Mexico,North America,2004,121490,"Other forage products, nes",398.98,10731.3,0.0372
Hong Kong (China),East Asia,2004,121490,"Other forage products, nes",377.06,929.449,0.4057
Poland,Eastern Europe,2004,121490,"Other forage products, nes",350.0,1447.35,0.2418
Slovenia,Eastern Europe,2004,121490,"Other forage products, nes",272.54,1338.35,0.2036
Bahamas,Central America and Caribbean,2004,121490,"Other forage products, nes",266.47,629.586,0.4232
Faroe Islands,Western Europe,2004,121490,"Other forage products, nes",266.24,853.82,0.3118
Finland,Western Europe,2004,121490,"Other forage products, nes",263.29,1366.45,0.1927
Latvia,Eastern Europe,2004,121490,"Other forage products, nes",247.4,209.116,1.1831
Singapore,Southeast Asia,2004,121490,"Other forage products, nes",182.07,372.851,0.4883
Croatia,Eastern Europe,2004,121490,"Other forage products, nes",175.12,1163.35,0.1505
Lebanon,Middle East,2004,121490,"Other forage products, nes",144.0,293.0,0.4915
Iceland,Western Europe,2004,121490,"Other forage products, nes",143.21,784.78,0.1825
Ireland,Western Europe,2004,121490,"Other forage products, nes",135.55,71.754,1.8891
Thailand,Southeast Asia,2004,121490,"Other forage products, nes",130.57,208.79,0.6254
Vietnam,Southeast Asia,2004,121490,"Other forage products, nes",124.59,394.608,0.3157
Hungary,Eastern Europe,2004,121490,"Other forage products, nes",118.0,698.7,0.1689
Brunei,Southeast Asia,2004,121490,"Other forage products, nes",113.41,245.23,0.4625
South Africa,Sub-Saharan Africa,2004,121490,"Other forage products, nes",110.23,112.333,0.9813
Andorra,Western Europe,2004,121490,"Other forage products, nes",101.22,673.889,0.1502
Cyprus,Western Europe,2004,121490,"Other forage products, nes",85.15,402.595,0.2115
Qatar,Middle East,2004,121490,"Other forage products, nes",81.92,922.282,0.0888
Eswatini,Sub-Saharan Africa,2004,121490,"Other forage products, nes",80.12,64.7,1.2383
Greenland,North America,2004,121490,"Other forage products, nes",72.45,228.247,0.3174
Israel,Middle East,2004,121490,"Other forage products, nes",68.0,215.375,0.3157
Russia,Eastern Europe,2004,121490,"Other forage products, nes",66.33,1934.06,0.0343
Indonesia,Southeast Asia,2004,121490,"Other forage products, nes",62.23,127.746,0.4871
Czech Republic,Eastern Europe,2004,121490,"Other forage products, nes",56.94,64.872,0.8777
New Zealand,Oceania,2004,121490,"Other forage products, nes",52.28,96.422,0.5422
Albania,Eastern Europe,2004,121490,"Other forage products, nes",50.21,505.8,0.0993
Venezuela,South America,2004,121490,"Other forage products, nes",50.05,93.288,0.5365
Bosnia and Herzegovina,Eastern Europe,2004,121490,"Other forage products, nes",49.45,241.816,0.2045
Slovakia,Eastern Europe,2004,121490,"Other forage products, nes",48.83,264.734,0.1844
Colombia,South America,2004,121490,"Other forage products, nes",48.33,33.762,1.4315
Lithuania,Eastern Europe,2004,121490,"Other forage products, nes",41.24,234.11,0.1762
Romania,Eastern Europe,2004,121490,"Other forage products, nes",39.92,139.2,0.2868
New Caledonia,Oceania,2004,121490,"Other forage products, nes",38.47,59.7,0.6444
Namibia,Sub-Saharan Africa,2004,121490,"Other forage products, nes",35.76,113.247,0.3158
Australia,Oceania,2004,121490,"Other forage products, nes",32.84,50.221,0.6539
Mauritius,Sub-Saharan Africa,2004,121490,"Other forage products, nes",32.59,85.02,0.3833
Argentina,South America,2004,121490,"Other forage products, nes",31.9,64.431,0.4951
French Polynesia,Oceania,2004,121490,"Other forage products, nes",29.39,51.933,0.5659
Malaysia,Southeast Asia,2004,121490,"Other forage products, nes",29.22,55.991,0.5219
Estonia,Eastern Europe,2004,121490,"Other forage products, nes",27.88,50.097,0.5565
Lesotho,Sub-Saharan Africa,2004,121490,"Other forage products, nes",26.56,98.9383,0.2685
Grenada,Central America and Caribbean,2004,121490,"Other forage products, nes",24.7,29.755,0.8301
Kenya,Sub-Saharan Africa,2004,121490,"Other forage products, nes",22.82,7.15,3.1916
China,East Asia,2004,121490,"Other forage products, nes",20.84,482.935,0.0432
Bulgaria,Eastern Europe,2004,121490,"Other forage products, nes",17.56,23.311,0.7533
St. Kitts and Nevis,Central America and Caribbean,2004,121490,"Other forage products, nes",16.2,17.604,0.9202
Guatemala,Central America and Caribbean,2004,121490,"Other forage products, nes",16.15,63.046,0.2562
India,Central Asia,2004,121490,"Other forage products, nes",15.0,21.31,0.7039
Jordan,Middle East,2004,121490,"Other forage products, nes",7.15,83.88,0.0852
Brazil,South America,2004,121490,"Other forage products, nes",6.79,14.108,0.4813
Dominican Republic,Central America and Caribbean,2004,121490,"Other forage products, nes",6.38,27.307,0.2336
Belize,Central America and Caribbean,2004,121490,"Other forage products, nes",6.19,28.128,0.2201
Suriname,South America,2004,121490,"Other forage products, nes",3.44,4.838,0.711
Chile,South America,2004,121490,"Other forage products, nes",3.08,1.0,3.08
Gambia,Sub-Saharan Africa,2004,121490,"Other forage products, nes",2.23,10.15,0.2197
Kazakhstan,Eastern Europe,2004,121490,"Other forage products, nes",2.2,250.04,0.0088
St. Lucia,Central America and Caribbean,2004,121490,"Other forage products, nes",2.07,1.396,1.4828
Belarus,Eastern Europe,2004,121490,"Other forage products, nes",1.8,13.561,0.1327
Paraguay,South America,2004,121490,"Other forage products, nes",1.65,26.4,0.0625
Ethiopia,Sub-Saharan Africa,2004,121490,"Other forage products, nes",1.63,0.63,2.5873
Panama,Central America and Caribbean,2004,121490,"Other forage products, nes",1.62,0.51,3.1765
Fiji,Oceania,2004,121490,"Other forage products, nes",1.03,0.474,2.173
Senegal,Sub-Saharan Africa,2004,121490,"Other forage products, nes",0.99,1.4,0.7071
Yemen,Middle East,2004,121490,"Other forage products, nes",0.92,3.55,0.2592
Seychelles,Sub-Saharan Africa,2004,121490,"Other forage products, nes",0.84,0.047,17.8723
Jamaica,Central America and Caribbean,2004,121490,"Other forage products, nes",0.79,0.83,0.9518
Serbia,Eastern Europe,2004,121490,"Other forage products, nes",0.73,0.764,0.9555
Sudan,Sub-Saharan Africa,2004,121490,"Other forage products, nes",0.73,0.10520273571079629,6.939
Mozambique,Sub-Saharan Africa,2004,121490,"Other forage products, nes",0.72,0.18,4.0
El Salvador,Central America and Caribbean,2004,121490,"Other forage products, nes",0.5,0.27426999999999996,1.823
Zimbabwe,Sub-Saharan Africa,2004,121490,"Other forage products, nes",0.37,0.451,0.8204
Anguila,Central America and Caribbean,2004,121490,"Other forage products, nes",0.3,0.954,0.3145
Ecuador,South America,2004,121490,"Other forage products, nes",0.22,0.24,0.9167
Georgia,Eastern Europe,2004,121490,"Other forage products, nes",0.18,0.064,2.8125
Burkina Faso,Sub-Saharan Africa,2004,121490,"Other forage products, nes",0.17,3.35,0.0507
Trinidad and Tobago,Central America and Caribbean,2004,121490,"Other forage products, nes",0.16,0.022,7.2727
Bangladesh,Central Asia,2004,121490,"Other forage products, nes",0.15,0.5,0.3
Cape Verde,Sub-Saharan Africa,2004,121490,"Other forage products, nes",0.09,0.286,0.3147
Sri Lanka,Central Asia,2004,121490,"Other forage products, nes",0.05,0.137,0.365
Barbados,Central America and Caribbean,2004,121490,"Other forage products, nes",0.05,0.036,1.3889
Samoa,Oceania,2004,121490,"Other forage products, nes",0.04,0.02,2.0
Sao Tome and Principe,Sub-Saharan Africa,2004,121490,"Other forage products, nes",0.02,0.018,1.1111
Cote d'Ivoire,Sub-Saharan Africa,2004,121490,"Other forage products, nes",0.02,0.004,5.0
Cameroon,Sub-Saharan Africa,2004,121490,"Other forage products, nes",0.01,0.018,0.5556
Japan,East Asia,2003,121490,"Other forage products, nes",655353.38,2715090.0,0.2414
South Korea,East Asia,2003,121490,"Other forage products, nes",100834.99,545875.0,0.1847
France,Western Europe,2003,121490,"Other forage products, nes",26811.94,176860.0,0.1516
Switzerland,Western Europe,2003,121490,"Other forage products, nes",19585.79,112956.0,0.1734
Kuwait,Middle East,2003,121490,"Other forage products, nes",14778.19,95947.6,0.154
Other Asia,Other Asia,2003,121490,"Other forage products, nes",14668.7,162967.0,0.09
Italy,Western Europe,2003,121490,"Other forage products, nes",13165.46,87564.1,0.1504
Spain,Western Europe,2003,121490,"Other forage products, nes",11234.85,42430.6,0.2648
United States,North America,2003,121490,"Other forage products, nes",10875.16,55.354,196.4657
Canada,North America,2003,121490,"Other forage products, nes",6880.97,83577.0,0.0823
Austria,Western Europe,2003,121490,"Other forage products, nes",5783.02,38031.9,0.1521
United Kingdom,Western Europe,2003,121490,"Other forage products, nes",5695.82,18477.9,0.3083
European Union,Western Europe,2003,121490,"Other forage products, nes",5461.14,10986.3,0.4971
Portugal,Western Europe,2003,121490,"Other forage products, nes",4178.02,27638.7,0.1512
Germany,Western Europe,2003,121490,"Other forage products, nes",4131.0,11608.4,0.3559
Norway,Western Europe,2003,121490,"Other forage products, nes",3875.97,14509.3,0.2671
Netherlands,Western Europe,2003,121490,"Other forage products, nes",3343.91,23758.5,0.1407
Belgium,Western Europe,2003,121490,"Other forage products, nes",3084.91,26387.9,0.1169
Denmark,Western Europe,2003,121490,"Other forage products, nes",1637.37,6654.08,0.2461
Bahrain,Middle East,2003,121490,"Other forage products, nes",1443.8,6388.59,0.226
Greece,Western Europe,2003,121490,"Other forage products, nes",1170.03,6949.42,0.1684
Philippines,Southeast Asia,2003,121490,"Other forage products, nes",1160.53,5356.66,0.2167
Botswana,Sub-Saharan Africa,2003,121490,"Other forage products, nes",703.89,2429.46,0.2897
Malta,Western Europe,2003,121490,"Other forage products, nes",594.48,2132.65,0.2788
Syria,Middle East,2003,121490,"Other forage products, nes",555.84,1306.03,0.4256
Ireland,Western Europe,2003,121490,"Other forage products, nes",546.67,608.983,0.8977
Saudi Arabia,Middle East,2003,121490,"Other forage products, nes",497.6,3173.0,0.1568
Finland,Western Europe,2003,121490,"Other forage products, nes",404.76,895.157,0.4522
Macao (China),East Asia,2003,121490,"Other forage products, nes",376.85,1617.44,0.233
Mexico,North America,2003,121490,"Other forage products, nes",375.33,3054.31,0.1229
Hong Kong (China),East Asia,2003,121490,"Other forage products, nes",307.9,758.898,0.4057
Sweden,Western Europe,2003,121490,"Other forage products, nes",305.53,430.664,0.7094
Luxembourg,Western Europe,2003,121490,"Other forage products, nes",262.33,239.361,1.096
Vietnam,Southeast Asia,2003,121490,"Other forage products, nes",253.52,914.756,0.2771
Singapore,Southeast Asia,2003,121490,"Other forage products, nes",240.27,453.42,0.5299
Bahamas,Central America and Caribbean,2003,121490,"Other forage products, nes",230.68,412.716,0.5589
Mongolia,East Asia,2003,121490,"Other forage products, nes",214.19,3319.19,0.0645
Brunei,Southeast Asia,2003,121490,"Other forage products, nes",203.55,440.51059617748007,0.4621
Slovenia,Eastern Europe,2003,121490,"Other forage products, nes",184.42,1072.8,0.1719
Faroe Islands,Western Europe,2003,121490,"Other forage products, nes",180.02,596.877,0.3016
Israel,Middle East,2003,121490,"Other forage products, nes",142.0,379.729,0.374
Iceland,Western Europe,2003,121490,"Other forage products, nes",131.2,792.863,0.1655
China,East Asia,2003,121490,"Other forage products, nes",118.48,1030.84,0.1149
Egypt,North Africa,2003,121490,"Other forage products, nes",103.55,470.201,0.2202
Indonesia,Southeast Asia,2003,121490,"Other forage products, nes",96.53,1107.28,0.0872
Andorra,Western Europe,2003,121490,"Other forage products, nes",87.54,619.239,0.1414
Lebanon,Middle East,2003,121490,"Other forage products, nes",85.22,203.95,0.4178
Thailand,Southeast Asia,2003,121490,"Other forage products, nes",82.22,118.542,0.6936
Croatia,Eastern Europe,2003,121490,"Other forage products, nes",81.23,590.534,0.1376
South Africa,Sub-Saharan Africa,2003,121490,"Other forage products, nes",79.18,30.715,2.5779
Czech Republic,Eastern Europe,2003,121490,"Other forage products, nes",72.86,1087.86,0.067
Australia,Oceania,2003,121490,"Other forage products, nes",62.32,147.83,0.4216
Qatar,Middle East,2003,121490,"Other forage products, nes",60.69,149.42,0.4062
Chile,South America,2003,121490,"Other forage products, nes",56.58,46.1885,1.225
Greenland,North America,2003,121490,"Other forage products, nes",37.8,152.861,0.2473
Fiji,Oceania,2003,121490,"Other forage products, nes",32.43,1.297,25.0039
New Caledonia,Oceania,2003,121490,"Other forage products, nes",32.18,49.5,0.6501
French Polynesia,Oceania,2003,121490,"Other forage products, nes",30.14,65.31,0.4615
Kenya,Sub-Saharan Africa,2003,121490,"Other forage products, nes",28.46,9.591,2.9674
Morocco,North Africa,2003,121490,"Other forage products, nes",27.08,136.28,0.1987
Romania,Eastern Europe,2003,121490,"Other forage products, nes",27.01,112.489,0.2401
Slovakia,Eastern Europe,2003,121490,"Other forage products, nes",26.85,106.026,0.2532
Eswatini,Sub-Saharan Africa,2003,121490,"Other forage products, nes",22.82,114.304,0.1996
Namibia,Sub-Saharan Africa,2003,121490,"Other forage products, nes",21.67,100.105,0.2165
Estonia,Eastern Europe,2003,121490,"Other forage products, nes",19.57,39.781,0.4919
New Zealand,Oceania,2003,121490,"Other forage products, nes",19.23,36.426,0.5279
Guatemala,Central America and Caribbean,2003,121490,"Other forage products, nes",17.35,3.288,5.2768
Grenada,Central America and Caribbean,2003,121490,"Other forage products, nes",15.95,16.555,0.9635
Jordan,Middle East,2003,121490,"Other forage products, nes",15.65,190.28,0.0822
Russia,Eastern Europe,2003,121490,"Other forage products, nes",15.42,152.292,0.1013
Lithuania,Eastern Europe,2003,121490,"Other forage products, nes",13.55,13.426,1.0092
St. Kitts and Nevis,Central America and Caribbean,2003,121490,"Other forage products, nes",12.7,30.454,0.417
North Macedonia,Eastern Europe,2003,121490,"Other forage products, nes",11.69,62.98,0.1856
Argentina,South America,2003,121490,"Other forage products, nes",11.45,24.0,0.4771
Lesotho,Sub-Saharan Africa,2003,121490,"Other forage products, nes",9.52,35.5862,0.2675
India,Central Asia,2003,121490,"Other forage products, nes",8.58,0.305,28.1311
Belarus,Eastern Europe,2003,121490,"Other forage products, nes",7.3,51.727,0.1411
Bulgaria,Eastern Europe,2003,121490,"Other forage products, nes",6.74,12.012,0.5611
Brazil,South America,2003,121490,"Other forage products, nes",6.34,6.575,0.9643
Latvia,Eastern Europe,2003,121490,"Other forage products, nes",6.29,11.0,0.5718
Malaysia,Southeast Asia,2003,121490,"Other forage products, nes",6.19,12.7,0.4874
Eritrea,Sub-Saharan Africa,2003,121490,"Other forage products, nes",5.41,92.53,0.0585
Paraguay,South America,2003,121490,"Other forage products, nes",5.16,79.2,0.0652
Senegal,Sub-Saharan Africa,2003,121490,"Other forage products, nes",4.79,11.55,0.4147
Albania,Eastern Europe,2003,121490,"Other forage products, nes",4.74,42.035,0.1128
Bosnia and Herzegovina,Eastern Europe,2003,121490,"Other forage products, nes",4.35,24.01,0.1812
Gambia,Sub-Saharan Africa,2003,121490,"Other forage products, nes",4.02,25.5,0.1576
Tanzania,Sub-Saharan Africa,2003,121490,"Other forage products, nes",3.75,2.55,1.4706
Bolivia,South America,2003,121490,"Other forage products, nes",2.94,13.3731,0.2198
Anguila,Central America and Caribbean,2003,121490,"Other forage products, nes",2.24,8.077,0.2773
Tunisia,North Africa,2003,121490,"Other forage products, nes",1.97,0.175,11.2571
St. Lucia,Central America and Caribbean,2003,121490,"Other forage products, nes",1.82,0.76,2.3947
Mozambique,Sub-Saharan Africa,2003,121490,"Other forage products, nes",1.66,1.259,1.3185
Panama,Central America and Caribbean,2003,121490,"Other forage products, nes",1.41,0.464,3.0388
Cyprus,Western Europe,2003,121490,"Other forage products, nes",1.38,1.461,0.9446
Ghana,Sub-Saharan Africa,2003,121490,"Other forage products, nes",1.24,0.646,1.9195
Jamaica,Central America and Caribbean,2003,121490,"Other forage products, nes",0.7,0.965,0.7254
Iran,Middle East,2003,121490,"Other forage products, nes",0.68,0.073,9.3151
Madagascar,Sub-Saharan Africa,2003,121490,"Other forage products, nes",0.61,0.095,6.4211
Kazakhstan,Eastern Europe,2003,121490,"Other forage products, nes",0.6,100.1,0.006
El Salvador,Central America and Caribbean,2003,121490,"Other forage products, nes",0.58,16.123,0.036
Cape Verde,Sub-Saharan Africa,2003,121490,"Other forage products, nes",0.53,1.0,0.53
Zimbabwe,Sub-Saharan Africa,2003,121490,"Other forage products, nes",0.51,5.02,0.1016
St. Vincent and the Grenadines,Central America and Caribbean,2003,121490,"Other forage products, nes",0.41,0.015,27.3333
Ecuador,South America,2003,121490,"Other forage products, nes",0.37,0.337,1.0979
Mauritius,Sub-Saharan Africa,2003,121490,"Other forage products, nes",0.32,1.156,0.2768
Samoa,Oceania,2003,121490,"Other forage products, nes",0.3,0.451,0.6652
Venezuela,South America,2003,121490,"Other forage products, nes",0.27,0.241,1.1203
Guyana,South America,2003,121490,"Other forage products, nes",0.25,0.01,25.0
Costa Rica,Central America and Caribbean,2003,121490,"Other forage products, nes",0.25,0.016,15.625
Mali,Sub-Saharan Africa,2003,121490,"Other forage products, nes",0.22,0.013,16.9231
Trinidad and Tobago,Central America and Caribbean,2003,121490,"Other forage products, nes",0.2,0.1,2.0
Malawi,Sub-Saharan Africa,2003,121490,"Other forage products, nes",0.18,0.48184699999999997,0.3736
Suriname,South America,2003,121490,"Other forage products, nes",0.07,0.215,0.3256
Uganda,Sub-Saharan Africa,2003,121490,"Other forage products, nes",0.06,0.12,0.5
Niger,Sub-Saharan Africa,2003,121490,"Other forage products, nes",0.04,0.02,2.0
Cameroon,Sub-Saharan Africa,2003,121490,"Other forage products, nes",0.04,0.024,1.6667
Sao Tome and Principe,Sub-Saharan Africa,2003,121490,"Other forage products, nes",0.03,0.07,0.4286
Nepal,Central Asia,2003,121490,"Other forage products, nes",0.03,0.527,0.0569
Barbados,Central America and Caribbean,2003,121490,"Other forage products, nes",0.02,0.021,0.9524
Sri Lanka,Central Asia,2003,121490,"Other forage products, nes",0.01,0.01,1.0
United States,North America,2024,121410,Lucerne (alfalfa) meal and pellets,33269.24,74231.0,0.4482
Japan,East Asia,2024,121410,Lucerne (alfalfa) meal and pellets,23080.33,61640.0,0.3744
Germany,Western Europe,2024,121410,Lucerne (alfalfa) meal and pellets,18748.86,63836.3,0.2937
Belgium,Western Europe,2024,121410,Lucerne (alfalfa) meal and pellets,12432.99,44523.7,0.2792
United Kingdom,Western Europe,2024,121410,Lucerne (alfalfa) meal and pellets,11446.46,34158.3,0.3351
Netherlands,Western Europe,2024,121410,Lucerne (alfalfa) meal and pellets,10349.04,36741.1,0.2817
Greece,Western Europe,2024,121410,Lucerne (alfalfa) meal and pellets,9167.29,38715.3,0.2368
South Korea,East Asia,2024,121410,Lucerne (alfalfa) meal and pellets,6563.01,23026.9,0.285
Norway,Western Europe,2024,121410,Lucerne (alfalfa) meal and pellets,5328.99,14598.8,0.365
China,East Asia,2024,121410,Lucerne (alfalfa) meal and pellets,4821.0,19638.5,0.2455
France,Western Europe,2024,121410,Lucerne (alfalfa) meal and pellets,4671.72,18183.0,0.2569
Portugal,Western Europe,2024,121410,Lucerne (alfalfa) meal and pellets,3921.82,19348.1,0.2027
Austria,Western Europe,2024,121410,Lucerne (alfalfa) meal and pellets,3280.94,10770.6,0.3046
Switzerland,Western Europe,2024,121410,Lucerne (alfalfa) meal and pellets,2876.23,8460.45,0.34
European Union,Western Europe,2024,121410,Lucerne (alfalfa) meal and pellets,2348.95,7613.52,0.3085
Denmark,Western Europe,2024,121410,Lucerne (alfalfa) meal and pellets,2144.77,4673.39,0.4589
Cyprus,Western Europe,2024,121410,Lucerne (alfalfa) meal and pellets,1999.8,8308.6,0.2407
Chile,South America,2024,121410,Lucerne (alfalfa) meal and pellets,1231.38,5290.0,0.2328
Hungary,Eastern Europe,2024,121410,Lucerne (alfalfa) meal and pellets,1230.13,4342.49,0.2833
Croatia,Eastern Europe,2024,121410,Lucerne (alfalfa) meal and pellets,1156.78,3973.13,0.2912
Israel,Middle East,2024,121410,Lucerne (alfalfa) meal and pellets,1147.0,3036.88,0.3777
Brazil,South America,2024,121410,Lucerne (alfalfa) meal and pellets,962.2,3648.29,0.2637
Panama,Central America and Caribbean,2024,121410,Lucerne (alfalfa) meal and pellets,891.9,2245.06,0.3973
Sweden,Western Europe,2024,121410,Lucerne (alfalfa) meal and pellets,875.22,1652.61,0.5296
Italy,Western Europe,2024,121410,Lucerne (alfalfa) meal and pellets,850.66,1762.14,0.4827
Namibia,Sub-Saharan Africa,2024,121410,Lucerne (alfalfa) meal and pellets,845.5,1584.82,0.5335
Czech Republic,Eastern Europe,2024,121410,Lucerne (alfalfa) meal and pellets,794.18,4591.73,0.173
Thailand,Southeast Asia,2024,121410,Lucerne (alfalfa) meal and pellets,791.56,1434.88,0.5517
Malaysia,Southeast Asia,2024,121410,Lucerne (alfalfa) meal and pellets,774.81,1749.73,0.4428
Malta,Western Europe,2024,121410,Lucerne (alfalfa) meal and pellets,728.51,2069.15,0.3521
Dominican Republic,Central America and Caribbean,2024,121410,Lucerne (alfalfa) meal and pellets,621.25,1207.56,0.5145
New Zealand,Oceania,2024,121410,Lucerne (alfalfa) meal and pellets,601.69,923.31,0.6517
Poland,Eastern Europe,2024,121410,Lucerne (alfalfa) meal and pellets,599.42,2245.82,0.2669
Philippines,Southeast Asia,2024,121410,Lucerne (alfalfa) meal and pellets,513.58,742.078,0.6921
Slovenia,Eastern Europe,2024,121410,Lucerne (alfalfa) meal and pellets,504.41,1682.68,0.2998
Spain,Western Europe,2024,121410,Lucerne (alfalfa) meal and pellets,437.47,740.497,0.5908
Slovakia,Eastern Europe,2024,121410,Lucerne (alfalfa) meal and pellets,355.34,859.077,0.4136
Romania,Eastern Europe,2024,121410,Lucerne (alfalfa) meal and pellets,302.18,931.238,0.3245
South Africa,Sub-Saharan Africa,2024,121410,Lucerne (alfalfa) meal and pellets,271.07,717.701,0.3777
Bosnia and Herzegovina,Eastern Europe,2024,121410,Lucerne (alfalfa) meal and pellets,183.84,646.83,0.2842
Uzbekistan,Central Asia,2024,121410,Lucerne (alfalfa) meal and pellets,182.45,704.0,0.2592
Iceland,Western Europe,2024,121410,Lucerne (alfalfa) meal and pellets,171.76,244.38,0.7028
Canada,North America,2024,121410,Lucerne (alfalfa) meal and pellets,167.45,251.547,0.6657
Georgia,Eastern Europe,2024,121410,Lucerne (alfalfa) meal and pellets,165.13,449.4,0.3674
Hong Kong (China),East Asia,2024,121410,Lucerne (alfalfa) meal and pellets,160.8,183.24,0.8775
Latvia,Eastern Europe,2024,121410,Lucerne (alfalfa) meal and pellets,112.33,378.985,0.2964
Bulgaria,Eastern Europe,2024,121410,Lucerne (alfalfa) meal and pellets,100.99,481.92,0.2096
Trinidad and Tobago,Central America and Caribbean,2024,121410,Lucerne (alfalfa) meal and pellets,68.38,29.6032,2.3099
Barbados,Central America and Caribbean,2024,121410,Lucerne (alfalfa) meal and pellets,67.68,89.868,0.7531
Guatemala,Central America and Caribbean,2024,121410,Lucerne (alfalfa) meal and pellets,58.31,117.398,0.4967
Ecuador,South America,2024,121410,Lucerne (alfalfa) meal and pellets,52.94,139.68,0.379
Ireland,Western Europe,2024,121410,Lucerne (alfalfa) meal and pellets,49.2,78.184,0.6293
Estonia,Eastern Europe,2024,121410,Lucerne (alfalfa) meal and pellets,45.21,113.866,0.397
Moldova,Eastern Europe,2024,121410,Lucerne (alfalfa) meal and pellets,44.24,184.94,0.2392
Luxembourg,Western Europe,2024,121410,Lucerne (alfalfa) meal and pellets,43.3,97.69,0.4432
Mauritius,Sub-Saharan Africa,2024,121410,Lucerne (alfalfa) meal and pellets,34.24,68.145,0.5025
India,Central Asia,2024,121410,Lucerne (alfalfa) meal and pellets,26.62,52.223,0.5097
Finland,Western Europe,2024,121410,Lucerne (alfalfa) meal and pellets,24.57,11.685,2.1027
Montenegro,Eastern Europe,2024,121410,Lucerne (alfalfa) meal and pellets,17.05,62.26,0.2739
Armenia,Eastern Europe,2024,121410,Lucerne (alfalfa) meal and pellets,14.26,40.0,0.3565
Paraguay,South America,2024,121410,Lucerne (alfalfa) meal and pellets,12.64,58.0,0.2179
Grenada,Central America and Caribbean,2024,121410,Lucerne (alfalfa) meal and pellets,8.05,21.3184,0.3776
Guyana,South America,2024,121410,Lucerne (alfalfa) meal and pellets,7.68,4.5,1.7067
Lithuania,Eastern Europe,2024,121410,Lucerne (alfalfa) meal and pellets,6.82,22.579,0.3021
North Macedonia,Eastern Europe,2024,121410,Lucerne (alfalfa) meal and pellets,6.34,22.0,0.2882
Australia,Oceania,2024,121410,Lucerne (alfalfa) meal and pellets,5.7,0.6402,8.9035
Nigeria,Sub-Saharan Africa,2024,121410,Lucerne (alfalfa) meal and pellets,5.31,8.0,0.6637
Bolivia,South America,2024,121410,Lucerne (alfalfa) meal and pellets,3.67,9.70373,0.3782
Zimbabwe,Sub-Saharan Africa,2024,121410,Lucerne (alfalfa) meal and pellets,3.53,24.0,0.1471
Turkey,Eastern Europe,2024,121410,Lucerne (alfalfa) meal and pellets,1.93,7.801,0.2474
Argentina,South America,2024,121410,Lucerne (alfalfa) meal and pellets,1.74,7.425,0.2343
Antigua and Barbuda,Central America and Caribbean,2024,121410,Lucerne (alfalfa) meal and pellets,0.65,0.65376,0.9942
Sri Lanka,Central Asia,2024,121410,Lucerne (alfalfa) meal and pellets,0.01,0.020611,0.4852
Japan,East Asia,2024,121490,"Other forage products, nes",669985.33,1794190.0,0.3734
China,East Asia,2024,121490,"Other forage products, nes",480508.37,1324310.0,0.3628
South Korea,East Asia,2024,121490,"Other forage products, nes",377102.56,1172640.0,0.3216
United States,North America,2024,121490,"Other forage products, nes",108304.64,279379.0,0.3877
Switzerland,Western Europe,2024,121490,"Other forage products, nes",50810.33,175153.0,0.2901
Netherlands,Western Europe,2024,121490,"Other forage products, nes",47042.98,240250.0,0.1958
Canada,North America,2024,121490,"Other forage products, nes",34705.16,139829.0,0.2482
European Union,Western Europe,2024,121490,"Other forage products, nes",30546.45,47490.0,0.6432
Germany,Western Europe,2024,121490,"Other forage products, nes",22536.73,47515.9,0.4743
France,Western Europe,2024,121490,"Other forage products, nes",19148.2,42214.0,0.4536
Belgium,Western Europe,2024,121490,"Other forage products, nes",18381.92,52746.9,0.3485
Denmark,Western Europe,2024,121490,"Other forage products, nes",16973.78,46179.5,0.3676
Austria,Western Europe,2024,121490,"Other forage products, nes",12552.86,15058.4,0.8336
Italy,Western Europe,2024,121490,"Other forage products, nes",12151.82,23793.8,0.5107
Poland,Eastern Europe,2024,121490,"Other forage products, nes",12106.15,12708.3,0.9526
United Kingdom,Western Europe,2024,121490,"Other forage products, nes",10143.22,18298.8,0.5543
Turkey,Eastern Europe,2024,121490,"Other forage products, nes",8509.56,30289.2,0.2809
Spain,Western Europe,2024,121490,"Other forage products, nes",8248.3,26462.0,0.3117
Norway,Western Europe,2024,121490,"Other forage products, nes",7267.1,24041.8,0.3023
Ireland,Western Europe,2024,121490,"Other forage products, nes",5580.28,4850.42,1.1505
Malta,Western Europe,2024,121490,"Other forage products, nes",5150.93,15406.7,0.3343
Romania,Eastern Europe,2024,121490,"Other forage products, nes",4767.8,7132.23,0.6685
Portugal,Western Europe,2024,121490,"Other forage products, nes",4411.58,11142.4,0.3959
Philippines,Southeast Asia,2024,121490,"Other forage products, nes",4266.37,7402.96,0.5763
Greece,Western Europe,2024,121490,"Other forage products, nes",4200.69,15350.6,0.2736
Czech Republic,Eastern Europe,2024,121490,"Other forage products, nes",3493.62,2883.0,1.2118
Cyprus,Western Europe,2024,121490,"Other forage products, nes",3256.94,11762.9,0.2769
Malaysia,Southeast Asia,2024,121490,"Other forage products, nes",3152.7,6297.64,0.5006
Hong Kong (China),East Asia,2024,121490,"Other forage products, nes",2990.42,4436.2,0.6741
Croatia,Eastern Europe,2024,121490,"Other forage products, nes",2321.27,6161.6,0.3767
Sweden,Western Europe,2024,121490,"Other forage products, nes",2277.8,5737.6,0.397
Thailand,Southeast Asia,2024,121490,"Other forage products, nes",2048.44,3883.3,0.5275
Lithuania,Eastern Europe,2024,121490,"Other forage products, nes",1455.08,2025.14,0.7185
Hungary,Eastern Europe,2024,121490,"Other forage products, nes",1454.38,7670.45,0.1896
India,Central Asia,2024,121490,"Other forage products, nes",1345.29,3061.96,0.4394
Sri Lanka,Central Asia,2024,121490,"Other forage products, nes",1272.8,2883.1,0.4415
Slovakia,Eastern Europe,2024,121490,"Other forage products, nes",1171.97,1439.2,0.8143
Finland,Western Europe,2024,121490,"Other forage products, nes",1121.38,2006.25,0.5589
Latvia,Eastern Europe,2024,121490,"Other forage products, nes",1041.47,2325.74,0.4478
Luxembourg,Western Europe,2024,121490,"Other forage products, nes",1022.86,3225.25,0.3171
Estonia,Eastern Europe,2024,121490,"Other forage products, nes",997.58,3770.05,0.2646
Brazil,South America,2024,121490,"Other forage products, nes",891.0,5527.42,0.1612
Bulgaria,Eastern Europe,2024,121490,"Other forage products, nes",705.68,684.548,1.0309
New Zealand,Oceania,2024,121490,"Other forage products, nes",644.98,1404.65,0.4592
Iceland,Western Europe,2024,121490,"Other forage products, nes",600.6,1284.09,0.4677
Kyrgyzstan,Eastern Europe,2024,121490,"Other forage products, nes",532.09,547.826,0.9713
Israel,Middle East,2024,121490,"Other forage products, nes",485.0,1056.24,0.4592
Mauritius,Sub-Saharan Africa,2024,121490,"Other forage products, nes",465.15,1017.21,0.4573
Australia,Oceania,2024,121490,"Other forage products, nes",343.44,111.947,3.0679
South Africa,Sub-Saharan Africa,2024,121490,"Other forage products, nes",277.26,603.832,0.4592
Slovenia,Eastern Europe,2024,121490,"Other forage products, nes",267.5,977.607,0.2736
Ecuador,South America,2024,121490,"Other forage products, nes",238.35,690.924,0.345
Grenada,Central America and Caribbean,2024,121490,"Other forage products, nes",184.15,354.974,0.5188
Bolivia,South America,2024,121490,"Other forage products, nes",167.18,364.088,0.4592
Ukraine,Eastern Europe,2024,121490,"Other forage products, nes",141.85,88.4778,1.6032
Montenegro,Eastern Europe,2024,121490,"Other forage products, nes",114.8,719.333,0.1596
Paraguay,South America,2024,121490,"Other forage products, nes",108.15,557.324,0.1941
Chile,South America,2024,121490,"Other forage products, nes",83.88,17.6271,4.7586
Panama,Central America and Caribbean,2024,121490,"Other forage products, nes",72.86,36.7,1.9853
Maldives,Central Asia,2024,121490,"Other forage products, nes",69.85,50.811,1.3747
Mexico,North America,2024,121490,"Other forage products, nes",64.63,30.079,2.1487
Argentina,South America,2024,121490,"Other forage products, nes",55.58,199.18,0.279
Trinidad and Tobago,Central America and Caribbean,2024,121490,"Other forage products, nes",35.52,15.573,2.2809
Bosnia and Herzegovina,Eastern Europe,2024,121490,"Other forage products, nes",26.39,74.562,0.3539
North Macedonia,Eastern Europe,2024,121490,"Other forage products, nes",25.4,219.626,0.1157
Guatemala,Central America and Caribbean,2024,121490,"Other forage products, nes",24.38,63.678,0.3829
Egypt,North Africa,2024,121490,"Other forage products, nes",21.44,46.6926,0.4592
Dominican Republic,Central America and Caribbean,2024,121490,"Other forage products, nes",16.29,25.2509,0.6451
Namibia,Sub-Saharan Africa,2024,121490,"Other forage products, nes",12.99,5.03484,2.58
Moldova,Eastern Europe,2024,121490,"Other forage products, nes",11.85,7.169,1.653
Georgia,Eastern Europe,2024,121490,"Other forage products, nes",11.17,4.536,2.4625
Antigua and Barbuda,Central America and Caribbean,2024,121490,"Other forage products, nes",7.83,1.95648,4.0021
Uzbekistan,Central Asia,2024,121490,"Other forage products, nes",4.79,14.02,0.3417
Belize,Central America and Caribbean,2024,121490,"Other forage products, nes",1.83,0.22891,7.9944
Azerbaijan,Eastern Europe,2024,121490,"Other forage products, nes",1.32,1.08,1.2222
Armenia,Eastern Europe,2024,121490,"Other forage products, nes",1.14,0.45224000000000003,2.5208
Guyana,South America,2024,121490,"Other forage products, nes",1.06,0.43374,2.4439
Barbados,Central America and Caribbean,2024,121490,"Other forage products, nes",0.15,0.016,9.375
Fiji,Oceania,2024,121490,"Other forage products, nes",0.04,0.11422,0.3502
El Salvador,Central America and Caribbean,2024,121490,"Other forage products, nes",0.04,0.0030299999999999997,13.2013
